lemma	pronunciation	gloss	frequency_rank	level
的	de	of; ~'s (possessive particle); (used after an attribute); (used to form a nominal expression)	1	1
了	le	(completed action marker); (modal particle indicating change of state, situation now); (modal particle intensifying preceding clause)	3	1
我	wǒ	I; me; my	3	1
是	shì	to be (followed by substantives only); correct; right; true; (respectful acknowledgement of a command) very well	4	1
你	nǐ	you (informal, as opposed to courteous 您)	5	1
在	zài	to exist; to be alive; (of sb or sth) to be (located) at; (used before a verb to indicate an action in progress)	5	1
不	bù	no; not so; (bound form) not; un-	9	1
有	yǒu	to have; there is; (bound form) having; with; -ful; -ed; -al (as in 意 intentional)	9	1
他	tā	he; him (used for either sex when the sex is unknown or unimportant); (used before sb's name for emphasis); (used as a meaningless mock object)	10	1
这	zhè	(pronoun) this; these; (bound form) this; the (followed by a noun); (bound form) this; these (followed by a classifier) (in this sense, commonly pr. [zhèi], esp. in Beijing)	11	1
就	jiù	(after a suppositional clause) in that case; then; (after a clause of action) as soon as; immediately after; (same as 是) merely; nothing else but; simply; just; precisely; exactly	15	1
个	gè	(classifier used before a noun that has no specific classifier); (bound form) individual	19	1
人	rén	person; people	19	1
和	hé	(joining two nouns) and; together with; with (Taiwan pr. [hàn]); (math.) sum; to make peace	19	1
我们	wǒ men	we; us; ourselves	19	1
要	yào	to want; to need; to ask for; will; shall; about to; need to; should	19	1
说	shuō	to speak; to talk; to say; to explain; to comment; to scold; to tell off	19	1
好	hǎo	good; appropriate; proper; all right!	20	1
一	yī	one; single; a (article)	21	1
也	yě	(adverb) also; both ... and ... (before predicates only); (literary) particle having functions similar to 啊	23	1
会	huì	can; to have the skill; to know how to; to be likely to; to be sure to; to meet; to get together	23	1
都	dōu	all; both; entirely; (used for emphasis) even; already	25	1
对	duì	right; correct; towards; at; for; concerning; regarding	28	1
上	shàng	(bound form) up; upper; above; previous; first (of multiple parts); to climb; to get onto; to go up	29	1
到	dào	to reach; to arrive; to leave for; to go to; to (a place); until (a time); up to (a point)	29	1
来	lái	to come; (used as a substitute for a more specific verb); hither (directional complement for motion toward the speaker, as in 回来)	31	1
很	hěn	(adverb of degree); quite; very	35	1
还	hái	still; still in progress; still more	37	1
去	qù	to go; to go to (a place); (of a time etc) last	38	1
她	tā	she	38	1
着	zháo	to touch; to come in contact with; to feel	38	1
想	xiǎng	to think (about); to think of; to devise; to think (that); to believe (that)	44	1
没有	méi yǒu	haven't; hasn't; doesn't exist	46	1
给	gěi	to; for; for the benefit of	46	1
能	néng	can; to be able to; might possibly	46	1
啊	à	interjection or grunt of agreement; uhm; Ah, OK	47	2
那	nà	(specifier) that; the; those (colloquial pr. [nèi]); (pronoun) that (referring to persons, things or situations); then (in that case)	48	1
他们	tā men	they	49	1
把	bǎ	to hold; to grasp; to hold a baby in position to help it urinate or defecate; handlebar	50	3
看	kàn	to see; to look at; to read; to watch	52	1
做	zuò	to make; to produce; to write; to compose; to do; to engage in; to hold (a party etc)	53	1
让	ràng	to yield; to permit; to let sb do sth	54	2
被	bèi	quilt; to cover (with); (literary) to suffer (a misfortune)	54	3
什么	shén me	what?; something; anything	55	1
但	dàn	but; yet; however; still; merely; only; just	55	2
自己	zì jǐ	oneself; one's own	56	2
吧	ba	(modal particle indicating suggestion or surmise); ...right?; ...OK?	58	1
点	diǎn	point; dot; drop	58	1
为	wéi	as (in the capacity of); to take sth as; to act as	58	2
可以	kě yǐ	can; may; possible	58	2
得	dé	to obtain; to get; to gain	58	2
过	guò	to cross; to go over; to pass (time)	60	1
没	mò	drowned; to end; to die	63	1
大	dà	big; large; great; older (than another person); eldest (as in 姐)	66	1
下	xià	down; downwards; below	70	1
从	cóng	from; through; via	70	1
中	zhōng	within; among; in; middle; center; while (doing sth); during	71	1
里	lǐ	lining; interior; inside	75	1
而	ér	and; as well as; and so	75	4
真	zhēn	really; truly; indeed	76	1
现在	xiàn zài	now; at present; at the moment	77	1
年	nián	grain; harvest (old)	79	1
用	yòng	to use; to employ; to have to	79	1
多	duō	many; much; too many; in excess; (after a numeral) ... odd	80	1
两	liǎng	two; both; some	81	1
吗	má	(coll.) what?	83	1
天	tiān	day; sky; heaven	83	1
等	děng	class; rank; grade	83	1
出	chū	to go out; to come out; to occur	85	1
已经	yǐ jīng	already	85	2
这样	zhè yàng	this kind of; so; this way	85	2
太	tài	highest; greatest; too (much)	87	1
最	zuì	most; the most; -est (superlative suffix)	89	1
如果	rú guǒ	if; in case; in the event that	89	2
再	zài	again; once more; re-; second; another; then (after sth, and not until then)	91	1
又	yòu	(once) again; also; both... and...	91	2
因为	yīn wèi	because; owing to; on account of	91	2
呢	ne	particle indicating that a previously asked question is to be applied to the preceding word ("What about ...?", "And ...?"); particle for inquiring about location ("Where is ...?"); particle signaling a pause, to emphasize the preceding words and allow the listener time to take them on board ("ok?", "are you with me?")	96	1
可	kě	(prefix) can; may; able to; -able; to approve; to permit; to suit	96	5
只	zhǐ	only; merely; just	98	2
次	cì	next in sequence; second; the second (day, time etc)	99	1
小	xiǎo	small; tiny; few	100	1
将	jiāng	will; shall; to use	100	5
知道	zhī dào	to know; to become aware of; also pr. [zhī dao]	105	1
时候	shí hou	time; length of time; moment	107	1
走	zǒu	to walk; to go; to run	109	1
问题	wèn tí	question; problem; issue	109	2
工作	gōng zuò	to work; (of a machine) to operate; job	111	1
事	shì	matter; thing; item	113	1
就是	jiù shì	exactly; precisely; only; simply; just; (used correlatively with 也) even; even if	113	3
它	tā	it	114	2
后	hòu	back; behind; rear	115	1
但是	dàn shì	but; however	115	2
时	shí	o'clock; time; when	115	3
该	gāi	should; ought to; probably	116	2
家	jiā	home; family; (polite) my (sister, uncle etc)	124	1
你们	nǐ men	you (plural)	127	1
前	qián	front; forward; ahead	127	1
时间	shí jiān	time; period	127	1
可能	kě néng	might (happen); possible; probable	127	2
更	gèng	more; even more; further	127	2
怎么	zěn me	how?; what?; why?	128	1
爱	ài	to love; to be fond of; to like; affection; to be inclined (to do sth); to tend to (happen)	130	1
需要	xū yào	to need; to want; to demand; to require; needs	131	3
地	dì	earth; ground; field	132	1
这些	zhè xiē	these	132	1
开始	kāi shǐ	to begin; beginning; to start	132	3
才	cái	ability; talent; sb of a certain type; a capable individual	133	2
跟	gēn	heel; to follow closely; to go with	135	1
喜欢	xǐ huan	to like; to be fond of	139	1
吃	chī	to eat; to consume; to eat at (a cafeteria etc); to eradicate; to destroy	142	1
谁	shéi	who; also pr. [shuí]	142	1
与	yǔ	and; to give; together with	147	6
并	bìng	and; furthermore; also	148	3
新	xīn	new; newly; meso- (chemistry)	150	1
像	xiàng	to resemble; to be like; to look as if	151	2
找	zhǎo	to try to find; to look for; to call on sb	152	1
快	kuài	rapid; quick; speed	153	1
打	dǎ	to beat; to strike; to hit	153	1
还有	hái yǒu	furthermore; in addition; still	153	1
今天	jīn tiān	today; at the present; now	155	1
比	bǐ	to compare; (followed by a noun and adjective) more {adj.} than {noun}; ratio	155	1
当	dāng	to be; to act as; manage	155	2
话	huà	dialect; language; spoken words	157	1
所以	suǒ yǐ	therefore; as a result; so	157	2
所	suǒ	actually; place; classifier for houses, small buildings, institutions etc	159	3
还是	hái shi	still (as before); had better; unexpectedly	160	1
之	zhī	(possessive particle, literary equivalent of 的); him; her	160	7
月	yuè	moon; month; monthly	161	1
觉得	jué de	to think that ...; to feel that ...; to feel (uncomfortable etc)	161	1
那么	nà me	like that; in that way; or so	164	2
向	xiàng	towards; to face; to turn towards	165	2
这么	zhè me	so much; this much; how much?	166	2
以	yǐ	to use; by means of; according to	166	7
认为	rèn wéi	to believe; to think; to consider; to feel	168	2
看到	kàn dào	to see	169	1
一起	yī qǐ	in the same place; together; with	172	1
起来	qi lai	(after a verb) indicating the beginning and continuation of an action or a state; indicating an upward movement (e.g. after 站); indicating completion	172	1
起	qǐ	to rise; to raise; to get up	174	1
应该	yīng gāi	ought to; should; must	174	2
位	wèi	position; location; place	177	2
带	dài	band; belt; girdle	177	2
死	sǐ	to die; impassable; uncrossable	177	3
几	jǐ	how much; how many; several	178	1
见	jiàn	to see; to meet; to appear (to be sth)	178	1
种	zhǒng	seed; species; kind	179	3
希望	xī wàng	to hope; a hope; a wish	182	3
车	chē	car; vehicle; machine	186	1
哦	o	sentence-final particle that conveys informality, warmth, friendliness or intimacy; may also indicate that one is stating a fact that the other person is not aware of	186	7
一些	yī xiē	some; a few; a little	187	1
找到	zhǎo dào	to find	188	1
发现	fā xiàn	to notice; to become aware of; to discover; to find; to detect; a discovery	189	2
大家	dà jiā	everyone; influential family; great expert	189	2
听	tīng	to listen to; to hear; to heed; to obey; a can (loanword from English "tin")	190	1
手	shǒu	hand; (formal) to hold; person engaged in certain types of work	190	1
非常	fēi cháng	very; really; unusual; extraordinary	194	1
开	kāi	to open (transitive or intransitive); (of ships, vehicles, troops etc) to start; to turn on; to put in operation; to operate; to run	195	1
一定	yī dìng	surely; certainly; necessarily	198	2
却	què	but; yet; however	199	4
叫	jiào	to shout; to call; to order	200	1
一直	yī zhí	straight (in a straight line); continuously; always; all the way through	203	2
生活	shēng huó	to live; life; livelihood	203	2
孩子	hái zi	child	207	1
这里	zhè lǐ	here	209	1
发生	fā shēng	to happen; to occur; to take place; to break out	211	3
别	bié	to leave; to part (from); (literary) to differentiate; to distinguish; (bound form) other; another; different	214	1
请	qǐng	to ask; to invite; please (do sth)	216	1
不过	bù guò	only; merely; no more than	216	2
钱	qián	coin; money; unit of weight, one tenth of a tael 两	218	1
公司	gōng sī	company; firm; corporation	220	2
不要	bù yào	don't!; must not	221	2
本	běn	root; stem; origin	222	1
第一	dì yī	first; number one; primary	223	2
回	huí	to circle; to go back; to turn around	225	1
东西	dōng xi	thing; stuff; person	226	1
成	chéng	to succeed; to finish; to complete	227	2
为了	wèi le	for; for the purpose of; in order to	229	3
三	sān	three; 3	233	1
名	míng	name; noun (part of speech); place (e.g. among winners)	234	2
一样	yī yàng	same; like; equal to	235	1
只是	zhǐ shì	merely; only; just; nothing but; simply; but; however	236	3
所有	suǒ yǒu	all; to have; to possess; to own	238	2
世界	shì jiè	world	238	3
而且	ér qiě	(not only ...) but also; moreover; in addition	239	2
买	mǎi	to buy; to purchase	240	1
重要	zhòng yào	important; significant; major	240	1
必须	bì xū	to have to; must; compulsory	241	2
情况	qíng kuàng	circumstances; state of affairs; situation	245	3
问	wèn	to ask; to inquire	246	1
长	zhǎng	chief; head; elder	246	2
于	yú	(of time or place) in; at; on; (indicating any indirect relation) to; toward; vis-à-vis; with regard to; for; (indicating a source) from; out of	246	6
啦	lā	(onom.) sound of singing, cheering etc; (phonetic); (dialect) to chat	246	6
告诉	gào sù	to press charges; to file a complaint	252	1
出来	chū lái	to come out; to appear; to arise	254	1
地方	dì fang	area; place; space	254	1
最后	zuì hòu	final; last; finally	261	1
岁	suì	classifier for years (of age); year; year (of crop harvests)	266	1
老	lǎo	prefix used before the surname of a person or a numeral indicating the order of birth of the children in a family or to indicate affection or familiarity; old (of people); venerable (person)	266	1
其他	qí tā	other; (sth or sb) else; the rest	267	2
成为	chéng wéi	to become; to turn into	267	2
事情	shì qing	affair; matter; thing; business	271	2
行	xíng	to walk; to go; to travel	272	1
感觉	gǎn jué	feeling; impression; sensation; to feel; to perceive	274	2
然后	rán hòu	then; after that; afterwards	275	2
比赛	bǐ sài	competition (sports etc); match; to compete	275	3
条	tiáo	strip; item; article	277	2
担心	dān xīn	anxious; worried; uneasy	277	4
号	hào	ordinal number; day of a month; mark	278	1
住	zhù	to live; to dwell; to stay	280	1
放	fàng	to put; to place; to release	280	1
朋友	péng you	friend	280	1
继续	jì xù	to continue; to proceed with; to go on with	285	3
场	chǎng	large place used for a specific purpose; stage; scene (of a play)	286	2
拿	ná	to hold; to seize; to catch	287	1
高	gāo	high; tall; above average	290	1
心	xīn	heart; mind; intention	291	3
件	jiàn	item; component; classifier for events, things, clothes etc	292	2
正	zhèng	straight; upright; proper	294	1
为什么	wèi shén me	why?; for what reason?	299	2
进行	jìn xíng	to advance; to conduct; underway	299	2
已	yǐ	already; to stop; then	303	3
之后	zhī hòu	after; behind; (at the beginning of a sentence) afterwards; since then	303	4
先	xiān	early; prior; former	306	1
或	huò	maybe; perhaps; might	307	2
得到	dé dào	to get; to obtain; to receive	308	1
张	zhāng	to open up; to spread; sheet of paper	316	3
关系	guān xi	relation; relationship; to concern	318	3
内	nèi	inside; inner; internal	319	3
出现	chū xiàn	to appear; to arise; to emerge	323	2
那些	nà xiē	those	326	1
头	tóu	head; hair style; the top	329	2
准备	zhǔn bèi	preparation; to prepare; to intend	333	1
水	shuǐ	water; river; liquid	335	1
总	zǒng	general; overall; to sum up; in every case; always; invariably	335	3
了解	liǎo jiě	to understand; to realize; to find out	336	4
进	jìn	to go forward; to advance; to go in	338	1
每	měi	each; every	340	3
见到	jiàn dào	to see	341	2
通过	tōng guò	to pass through; to get through; to adopt (a resolution); to pass (legislation); to pass (a test)	343	2
美	měi	beautiful; very satisfactory; good; to beautify	343	3
无	wú	not to have; no; none	344	4
一切	yī qiè	everything; every; all	350	3
写	xiě	to write	352	1
周	zhōu	to make a circuit; to circle; circle	352	2
过去	guò qù	(in the) past; former; previous	353	2
由	yóu	to follow; from; because of; due to	353	3
参加	cān jiā	to participate; to take part; to join	355	2
国家	guó jiā	country; nation; state	356	1
任何	rèn hé	any; whatever; whichever	356	3
您	nín	you (courteous, as opposed to informal 你)	357	1
电话	diàn huà	telephone; phone call; phone number	359	1
安全	ān quán	safe; secure; safety; security	364	2
结果	jié guǒ	outcome; result; conclusion	364	2
决定	jué dìng	to decide (to do something); to resolve; decision	366	3
女	nǚ	female; woman; daughter	368	1
送	sòng	to send; to deliver; to transmit; to give (as a present); to see (sb) off	370	1
分	fēn	to divide; to separate; to distribute; to allocate; to distinguish (good and bad)	372	1
选择	xuǎn zé	to select; to pick; choice	373	4
只有	zhǐ yǒu	only have ...; there is only ...; (used in combination with 才) it is only if one ... (that one can ...) (Example: 只有通过治疗才能痊愈 "the only way to cure it is with therapy")	374	3
笑	xiào	to laugh; to smile; to laugh at	382	1
或者	huò zhě	or; possibly; maybe; perhaps	382	2
女人	nǚ rén	woman	383	1
不错	bù cuò	correct; right; not bad	384	2
搞	gǎo	to do; to make; to go in for	387	5
小时	xiǎo shí	hour	389	1
如何	rú hé	how; what way; what	391	3
此	cǐ	this; these	391	4
完全	wán quán	complete; whole; totally; entirely	393	2
机会	jī huì	opportunity; chance; occasion	393	2
受	shòu	to receive; to accept; to suffer	393	3
有些	yǒu xiē	some; somewhat	394	1
帮	bāng	to help; to assist; to support	395	1
日	rì	sun; day; date, day of the month	395	1
完	wán	to finish; to be over; whole	395	2
别人	bié ren	other people; others; other person	397	1
站	zhàn	station; to stand; to halt	399	1
如	rú	as; as if; such as	399	6
发	fā	to send out; to show (one's feeling); to issue	400	2
使	shǐ	to make; to cause; to enable	400	3
计划	jì huà	plan; project; program	403	2
全	quán	all; whole; entire	404	2
可是	kě shì	but; however; (used for emphasis) indeed	404	2
其实	qí shí	actually; in fact; really	405	3
作为	zuò wéi	one's conduct; deed; activity	405	4
连	lián	to link; to join; to connect	406	3
以后	yǐ hòu	after; later; afterwards	407	2
路	lù	road; journey; route	409	1
要求	yāo qiú	to request; to require; requirement	409	2
男人	nán rén	a man; a male; men	415	1
玩	wán	to play; to have fun; to trifle with	415	2
信	xìn	letter; mail; to trust	419	2
正在	zhèng zài	just at (that time); right in (that place); right in the middle of (doing sth)	420	1
门	mén	gate; door; gateway	422	1
队	duì	squadron; team; group	422	2
当然	dāng rán	only natural; as it should be; certainly	423	3
接	jiē	to receive; to answer (the phone); to meet or welcome sb	425	2
部	bù	ministry; department; section	426	3
唯一	wéi yī	only; sole	426	5
喝	hē	to drink	428	1
学校	xué xiào	school	430	1
穿	chuān	to wear; to put on; to dress	430	1
相信	xiāng xìn	to be convinced (that sth is true); to believe; to accept sth as true	431	2
呀	ya	(particle equivalent to 啊 after a vowel, expressing surprise or doubt)	432	4
坐	zuò	to sit; to take a seat; to take (a bus, airplane etc)	435	1
花	huā	flower; blossom; fancy pattern	435	1
刚	gāng	hard; firm; strong	436	2
虽然	suī rán	although; even though (often used correlatively with 是 or 是 etc)	440	2
原因	yuán yīn	cause; origin; root cause	441	2
同	tóng	like; same; similar	442	6
早	zǎo	early; morning; Good morning!	445	1
消息	xiāo xi	news; information	448	3
只要	zhǐ yào	if only; so long as	452	2
表现	biǎo xiàn	to show; to show off; to display	452	3
们	men	plural marker for pronouns, and nouns referring to individuals	457	1
不同	bù tóng	different; distinct; not the same	458	2
进入	jìn rù	to enter; to join; to go into	458	2
解决	jiě jué	to solve; to resolve; to settle (a problem); to eliminate; to wipe out (an enemy, bandits etc)	458	3
身上	shēn shang	on the body; at hand; among	460	1
干	gàn	tree trunk; main part of sth; to manage	463	1
认识	rèn shi	to know; to recognize; to be familiar with	463	1
有人	yǒu rén	someone; people; anyone	463	2
睡	shuì	to sleep; to lie down	464	1
分钟	fēn zhōng	minute	465	2
接受	jiē shòu	to accept; to receive	465	2
明天	míng tiān	tomorrow	469	1
其中	qí zhōng	among; in; included among these	470	2
人们	rén men	people	474	2
成功	chéng gōng	success; to succeed	476	3
之间	zhī jiān	(after a noun) between; among; amid; (used after certain bisyllabic words to form expressions indicating a short period of time, e.g. 弹指之间)	476	4
道	dào	road; path; principle	478	2
关于	guān yú	pertaining to; concerning; with regard to	478	4
甚至	shèn zhì	even; so much so that	478	4
之前	zhī qián	before; prior to; ago	479	4
回来	huí lai	to return; to come back	480	1
四	sì	four; 4	481	1
能够	néng gòu	to be capable of; to be able to; can	481	2
无法	wú fǎ	unable; incapable	482	4
块	kuài	lump; chunk; piece; classifier for pieces of cloth, cake, soap etc; (coll.) classifier for money and currency units	483	1
作	zuò	to do; to engage in; to write; to compose; to pretend; to feign	483	6
拉	lā	to pull; to play (a bowed instrument); to drag	484	2
完成	wán chéng	to complete; to accomplish	486	2
外	wài	outside; in addition; foreign	489	1
对于	duì yú	regarding; as far as (sth) is concerned; with regard to	490	4
如此	rú cǐ	like this; so; such	493	5
肯定	kěn dìng	to be certain; to be positive; assuredly	494	5
求	qiú	to seek; to look for; to request	497	2
结束	jié shù	termination; to finish; to end	498	3
帮助	bāng zhù	assistance; aid; to help; to assist	499	2
者	zhě	(after a verb or adjective) one who (is) ...; (after a noun) person involved in ...; -er	499	3
变	biàn	to change; to become different; to transform	501	2
晚上	wǎn shang	evening; night; in the evening	502	1
加	jiā	to add; plus; (used after an adverb such as 不, 大, 稍 etc, and before a disyllabic verb, to indicate that the action of the verb is applied to sth or sb previously mentioned)	503	2
努力	nǔ lì	to make an effort; to try hard; to strive; hard-working; conscientious	505	2
当时	dāng shí	then; at that time; while	505	2
处	chǔ	to reside; to live; to dwell	505	4
转	zhuàn	to revolve; to turn; to circle about	508	3
有关	yǒu guān	to have sth to do with; to relate to; related to	508	6
调查	diào chá	investigation; inquiry; to investigate	512	3
部分	bù fen	part; share; section	513	2
方式	fāng shì	way; manner; style; mode; pattern	513	3
美元	měi yuán	American dollar; US dollar	516	3
妈	mā	ma; mom; mother	517	1
球	qiú	ball; sphere; globe	518	1
谢谢	xiè xie	to thank; thanks; thank you	520	1
学	xué	to learn; to study; to imitate	524	1
以前	yǐ qián	before; formerly; previous	524	2
处理	chǔ lǐ	to handle; to deal with; to punish; to treat sth by a special process; to process	525	3
多少	duō shǎo	number; amount; somewhat	526	1
妈妈	mā ma	mama; mommy; mother	527	1
第二	dì èr	second; number two; next	527	1
政府	zhèng fǔ	government	527	4
强	qiáng	strong; powerful; better	529	3
错	cuò	mistake; wrong; bad	531	1
能力	néng lì	capability; ability	534	3
保护	bǎo hù	to protect; to defend; to safeguard	536	3
少	shǎo	few; less; to lack	538	1
办法	bàn fǎ	means; method; way (of doing sth)	538	2
其	qí	his; her; its	539	5
特别	tè bié	unusual; special; very; especially; particularly; expressly; for a specific purpose	541	2
另	lìng	other; another; separate	541	6
别的	bié de	else; other	543	1
难	nán	difficult (to...); problem; difficulty	544	1
真正	zhēn zhèng	genuine; real; true; really; indeed	544	2
管	guǎn	to take care (of); to control; to manage	545	3
曾	céng	once; already; ever (in the past)	545	4
电影	diàn yǐng	movie; film	546	1
间	jiān	between; among; within a definite time or space	546	1
支持	zhī chí	to be in favor of; to support; to back	546	3
哪	nǎ	how; which	547	1
注意	zhù yì	to take note of; to pay attention to	547	3
掉	diào	to fall; to drop; to lag behind	549	2
改变	gǎi biàn	to change; to alter; to transform	551	2
系统	xì tǒng	system	552	4
跑	pǎo	to run; to run away; to escape	553	1
是否	shì fǒu	whether (or not); if; is or isn't	553	4
回家	huí jiā	to return home	554	1
讲	jiǎng	to speak; to explain; to negotiate	555	2
活	huó	to live; alive; living	556	3
昨天	zuó tiān	yesterday	557	1
万	wàn	ten thousand; a great number	557	2
离开	lí kāi	to depart; to leave	557	2
杀	shā	to kill; to murder; to attack	557	5
晚	wǎn	evening; night; late	558	1
生	shēng	to be born; to give birth; life	558	2
以及	yǐ jí	as well as; too; and	558	4
书	shū	book; letter; document	560	1
片	piàn	thin piece; flake; a slice	560	2
五	wǔ	five; 5	563	1
同时	tóng shí	at the same time; simultaneously	566	2
自	zì	self; oneself; from	566	4
以为	yǐ wéi	to think (i.e. to take it to be true that ...) (Usually there is an implication that the notion is mistaken – except when expressing one's own current opinion.)	567	2
拍	pāi	to pat; to clap; to slap	567	3
控制	kòng zhì	to control	569	5
整个	zhěng gè	whole; entire; total	572	3
越	yuè	to exceed; to climb over; to surpass	574	2
极了	jí le	extremely; exceedingly	575	3
方法	fāng fǎ	method; way; means	577	2
声	shēng	sound; voice; tone	577	5
组	zǔ	to form; to organize; group	578	2
研究	yán jiū	research; a study; to research	582	4
先生	xiān sheng	teacher; gentleman; sir; mister (Mr.); husband	586	1
保证	bǎo zhèng	guarantee; to guarantee; to ensure	586	3
定	dìng	to set; to fix; to determine	586	4
男	nán	male; Baron, lowest of five orders of nobility 位	587	1
动	dòng	(of sth) to move; to set in movement; to displace	588	1
直接	zhí jiē	direct (opposite: indirect 间接); immediate; straightforward	588	2
卖	mài	to sell; to betray; to spare no effort	590	2
选	xuǎn	to choose; to pick; to select	590	2
组织	zǔ zhī	to organize; organization; (biology) tissue	590	5
根本	gēn běn	fundamental; basic; root	591	3
城市	chéng shì	city; town	593	3
句	jù	sentence; clause; phrase	598	2
影响	yǐng xiǎng	influence; effect; to influence	598	2
永远	yǒng yuǎn	forever; eternal	599	2
也许	yě xǔ	perhaps; maybe	601	2
方面	fāng miàn	respect; aspect; field	601	2
游戏	yóu xì	game; to play	603	3
目前	mù qián	at the present time; currently	603	3
面	miàn	face; side; surface	604	2
活动	huó dòng	to exercise; to move about; to operate	605	2
马	mǎ	horse; horse or cavalry piece in Chinese chess; knight in Western chess	605	3
比较	bǐ jiào	to compare; to contrast; comparatively	607	3
考虑	kǎo lǜ	to think over; to consider; consideration	607	4
医院	yī yuàn	hospital	608	1
重	chóng	to repeat; repetition; again	608	1
份	fèn	classifier for gifts, newspaper, magazine, papers, reports, contracts etc	608	2
些	xiē	classifier indicating a small amount or small number greater than 1: some, a few, several	611	4
信息	xìn xī	information; news; message	612	2
最近	zuì jìn	recently; soon; nearest	612	2
嘛	ma	modal particle indicating that sth is obvious; particle indicating a pause for emphasis	614	6
换	huàn	to exchange; to change (clothes etc); to substitute	618	2
狗	gǒu	dog	620	2
存在	cún zài	to exist; to be; existence	621	3
提供	tí gōng	to offer; to supply; to provide	621	4
真的	zhēn de	really, truly, indeed	622	1
靠	kào	to lean against or on; to stand by the side of; to come near to	622	2
终于	zhōng yú	at last; in the end; finally	625	3
子	zǐ	son; child; seed	627	1
现场	xiàn chǎng	the scene (of a crime, accident etc); (on) the spot; (at) the site	627	3
下来	xià lai	to come down; (completed action marker); (after verb of motion, indicates motion down and towards us, also fig.)	628	3
脸	liǎn	face	629	2
远	yuǎn	far; distant; remote	635	1
个人	gè rén	individual; personal; oneself	636	3
口	kǒu	mouth; classifier for things with mouths (people, domestic animals, cannons, wells etc); classifier for bites or mouthfuls	637	1
快乐	kuài lè	happy; joyful	637	2
区	qū	area; region; district	638	3
总是	zǒng shì	always	638	3
除了	chú le	besides; apart from (... also...); in addition to	638	3
指	zhǐ	finger; to point at or to; to indicate or refer to	639	3
精神	jīng shén	spirit; mind; consciousness	640	3
使用	shǐ yòng	to use; to employ; to apply	641	2
双	shuāng	two; double; pair	642	3
来自	lái zì	to come from (a place); From: (in email header)	644	2
代表	dài biǎo	representative; delegate; to represent	644	3
保持	bǎo chí	to keep; to maintain; to hold	644	3
突然	tū rán	sudden; abrupt; unexpected	644	3
段	duàn	paragraph; section; segment	647	2
超	chāo	to exceed; to overtake; to surpass	647	6
里面	lǐ miàn	inside; interior; also pr. [lǐ mian]	648	3
学生	xué sheng	student; schoolchild	651	1
确定	què dìng	definite; certain; fixed	651	3
目标	mù biāo	target; goal; objective	657	3
检查	jiǎn chá	inspection; to examine; to inspect	659	2
中心	zhōng xīn	center; heart; core	661	2
首	shǒu	head; chief; first (occasion, thing etc)	662	4
米	mǐ	rice; meter (classifier)	663	2
二	èr	two; 2; (Beijing dialect) stupid	664	1
任务	rèn wu	mission; assignment; task; duty; role	664	3
容易	róng yì	easy; straightforward; likely; liable to; apt to	664	3
儿子	ér zi	son	665	1
行动	xíng dòng	operation; action; to move about	666	2
开心	kāi xīn	to feel happy; to rejoice; to have a great time	667	2
联系	lián xì	connection; contact; relation	667	3
合作	hé zuò	to cooperate; to collaborate; to work together	668	3
因此	yīn cǐ	thus; consequently; as a result	668	3
懂	dǒng	to understand; to comprehend	669	2
卡	qiǎ	to block; to be stuck; to be wedged	670	2
人员	rén yuán	staff; crew; personnel	671	3
明白	míng bai	clear; obvious; unequivocal	676	1
哈	hā	(interj.) ha!; (onom. for laughter); (slang) to be infatuated with	676	5
带来	dài lái	to bring; (fig.) to bring about; to produce	677	2
按	àn	to press; to push; to leave aside or shelve	678	3
及	jí	and; to reach; up to	678	7
线	xiàn	thread; string; wire	679	3
因	yīn	cause; reason; because	679	6
报告	bào gào	to inform; to report; to make known	681	3
杯	bēi	cup; trophy cup; classifier for certain containers of liquids: glass, cup	684	1
办	bàn	to do; to manage; to handle	691	2
治疗	zhì liáo	to treat (an illness); medical treatment; therapy	691	4
过来	guò lái	to come over; to manage; to handle	692	2
拥有	yōng yǒu	to have; to possess	692	5
根据	gēn jù	according to; based on; basis	694	4
特	tè	special; unique; distinguished	695	6
台	tái	platform; stage; terrace	696	3
算	suàn	to regard as; to figure; to calculate	698	2
记得	jì de	to remember	699	1
辆	liàng	classifier for vehicles	699	2
药	yào	medicine; drug; substance used for a specific purpose (e.g. poisoning, explosion, fermenting)	701	2
获得	huò dé	to obtain; to receive; to get	701	4
歌	gē	song; to sing	702	1
留	liú	to leave (a message etc); to retain; to stay	705	2
生命	shēng mìng	life (as the characteristic of living beings); living being; creature	705	3
家庭	jiā tíng	family; household	706	2
法	fǎ	law; method; way	706	4
明显	míng xiǎn	clear; distinct; obvious	710	3
交	jiāo	to hand over; to deliver; to pay (money)	715	2
套	tào	to cover; to encase; cover	715	2
伤	shāng	to injure; injury; wound	715	3
全部	quán bù	whole; all	718	2
刚刚	gāng gang	just recently; just a moment ago	719	2
正常	zhèng cháng	regular; normal; ordinary	722	2
曾经	céng jīng	once; already; former	723	3
黑	hēi	black; dark; sinister	724	2
另外	lìng wài	additional; in addition; besides	725	3
简单	jiǎn dān	simple; not complicated	726	3
血	xuè	blood; colloquial pr. [xiě]	726	3
半	bàn	half; semi-; incomplete	727	1
中国	zhōng guó	China	729	1
身体	shēn tǐ	the body; one's health; in person	731	1
店	diàn	inn; old-style hotel; (bound form) shop; store	732	2
服务	fú wù	to serve; service	732	2
想到	xiǎng dào	to think of; to call to mind; to anticipate	733	2
行为	xíng wéi	action; conduct; behavior	734	2
局	jú	office; situation; classifier for games: match, set, round etc	736	4
挺	tǐng	straight; erect; to stick out (a part of the body)	737	2
克	kè	to be able to; to subdue; to restrain	738	2
好像	hǎo xiàng	as if; to seem like	738	2
愿意	yuàn yì	to wish; to want; ready	738	2
装	zhuāng	adornment; to adorn; dress	741	2
到底	dào dǐ	finally; in the end; when all is said and done	741	3
音乐	yīn yuè	music	742	2
元	yuán	currency unit (esp. Chinese yuan); first; original	744	1
绝对	jué duì	absolute; unconditional	744	3
感谢	gǎn xiè	(express) thanks; gratitude; grateful	749	2
哪里	nǎ lǐ	where?; somewhere; anywhere	750	1
座	zuò	seat; base; stand	751	2
坚持	jiān chí	to persevere with; to persist in; to insist on	751	3
派	pài	clique; school; group	751	3
好好	hǎo hǎo	well; carefully; nicely	752	3
未	wèi	not yet; did not; have not	752	7
包	bāo	to cover; to wrap; to hold	755	1
那样	nà yàng	that kind; that sort	756	2
入	rù	to enter; to go into; to join	756	6
技术	jì shù	technology; technique; skill	758	3
往	wǎng	to go (in a direction); to; towards	760	2
眼	yǎn	eye; small hole; crux (of a matter)	762	2
哇	wā	Wow!; sound of a child's crying; sound of vomiting	762	6
楼	lóu	house with more than 1 story; storied building; floor	765	1
设计	shè jì	to design; to plan; design; plan	765	3
未来	wèi lái	future; tomorrow; approaching	765	4
感到	gǎn dào	to feel; to sense; to perceive	766	2
清楚	qīng chu	clear; distinct; to understand thoroughly	766	2
照片	zhào piàn	photograph; picture	766	2
利用	lì yòng	to exploit; to make use of; to use	766	3
停	tíng	to stop; to halt; to park (a car)	768	2
主	zhǔ	owner; master; host	768	7
银行	yín háng	bank	769	2
那里	nà li	there; that place	770	1
故事	gù shì	old practice	772	2
气	qì	gas; air; smell; weather	772	2
看来	kàn lai	apparently; it seems that	774	4
性	xìng	nature; character; property	775	3
令	lìng	to order; to command; an order	776	5
介绍	jiè shào	to introduce (sb to sb); to give a presentation; to present (sb for a job etc)	779	1
电视	diàn shì	television; TV	779	1
飞	fēi	to fly	779	1
倒	dǎo	to fall; to collapse; to lie horizontally; to fail; to go bankrupt; to overthrow	780	2
下午	xià wǔ	afternoon; p.m.	782	1
建议	jiàn yì	to propose; to suggest; to recommend; proposal; suggestion; recommendation	782	3
出去	chū qù	to go out	784	1
严重	yán zhòng	grave; serious; severe	785	4
各位	gè wèi	everybody; all (guests, colleagues etc); all of you	786	3
神	shén	deity; soul; spirit	786	5
酒	jiǔ	wine (esp. rice wine); liquor; spirits	788	2
包括	bāo kuò	to comprise; to include; to involve	788	4
学习	xué xí	to learn; to study	789	1
原来	yuán lái	original; former; originally	790	2
它们	tā men	they (for inanimate objects)	793	2
红	hóng	red; popular; revolutionary	794	2
欢迎	huān yíng	to welcome; welcome	796	2
抓	zhuā	to grab; to catch; to arrest	797	3
约	yuē	to make an appointment; to invite; approximately	797	3
一般	yī bān	same; ordinary; so-so	798	2
老师	lǎo shī	teacher	799	1
可爱	kě ài	adorable; cute; lovely	799	2
光	guāng	light; ray; bright; shiny; only; merely	800	3
六	liù	six; 6	802	1
边	biān	side; edge; margin	803	2
新闻	xīn wén	news	805	2
意义	yì yì	sense; meaning; significance	807	3
便	biàn	plain; informal; suitable	811	6
唱	chàng	to sing; to call loudly; to chant	813	1
大学	dà xué	university; college	814	1
眼睛	yǎn jing	eye	814	2
法律	fǎ lǜ	law	816	4
父亲	fù qīn	father; also pr. [fù qin]	817	3
做到	zuò dào	to accomplish; to achieve	818	2
近	jìn	near; close to; approximately	822	2
怎样	zěn yàng	how; what kind	823	2
医生	yī shēng	doctor	827	1
病	bìng	illness; disease; to fall ill	827	1
并且	bìng qiě	and; besides; moreover	827	3
金	jīn	gold; chemical element Au; generic term for lustrous and ductile metals	828	3
名字	míng zi	name (of a person or thing)	829	1
收	shōu	to receive; to accept; to collect	834	2
她们	tā men	they; them (for females)	836	1
社会	shè huì	society	836	3
项	xiàng	back of neck; item; thing	837	4
下去	xià qù	to go down; to descend; to go on	838	3
证明	zhèng míng	proof; certificate; identification	838	3
声音	shēng yīn	voice; sound	841	2
记者	jì zhě	reporter; journalist	844	3
马上	mǎ shàng	at once; right away; immediately	847	1
底	dǐ	background; bottom; base	849	4
确实	què shí	indeed; really; reliable	850	3
今年	jīn nián	this year	851	1
力	lì	power; force; strength	851	3
数	shǔ	to count; to count as; to regard as; to enumerate; to list	852	2
变成	biàn chéng	to change into; to turn into; to become	853	2
表示	biǎo shì	to express; to show; to say	854	3
不管	bù guǎn	not to be concerned; regardless of; no matter	854	4
手机	shǒu jī	cell phone; mobile phone	857	1
受到	shòu dào	to receive (praise, an education, punishment etc); to be ...ed (praised, educated, punished etc)	858	2
忙	máng	busy; hurriedly; to hurry	859	1
发展	fā zhǎn	development; growth; to develop	859	3
谈	tán	to speak; to talk; to converse	862	3
十	shí	ten; 10	865	1
经过	jīng guò	to pass; to go through; process	867	2
至少	zhì shǎo	at least; (to say the) least	868	3
看见	kàn jiàn	to see; to catch sight of	870	1
解释	jiě shì	explanation; to explain; to interpret	872	4
只能	zhǐ néng	can only; obliged to do sth; to have no other choice	874	2
负责	fù zé	to be in charge of; to take responsibility for; to be to blame	876	3
听到	tīng dào	to hear	877	1
首先	shǒu xiān	first (of all); in the first place	878	3
女儿	nǚ ér	daughter	879	1
说话	shuō huà	to speak; to say; to talk	880	1
交易	jiāo yì	to deal; to trade; to transact; transaction; deal	880	3
历史	lì shǐ	history	882	4
理解	lǐ jiě	to comprehend; to understand	884	3
报道	bào dào	to report (news); report	886	3
父母	fù mǔ	father and mother; parents	891	3
城	chéng	city walls; city; town	892	3
之一	zhī yī	one of (sth); one out of a multitude; one (third, quarter, percent etc)	893	4
汽车	qì chē	car; automobile; bus	898	1
哭	kū	to cry; to weep	898	2
最终	zuì zhōng	final; ultimate	898	6
怕	pà	to be afraid; to fear; to dread	899	2
力量	lì liang	power; force; strength	900	3
安排	ān pái	to arrange; to plan; to set up	900	3
敢	gǎn	to dare; daring; (polite) may I venture	902	3
爸爸	bà ba	(coll.) father; dad	908	1
项目	xiàng mù	item; project; (sports) event	908	4
造成	zào chéng	to bring about; to create; to cause	910	3
离	lí	to leave; to part from; to be away from	912	2
字	zì	letter; symbol; character	913	1
某	mǒu	some; a certain; sb or sth indefinite	913	3
梦	mèng	dream; (bound form) to dream	913	4
漂亮	piào liang	pretty; beautiful	915	2
重新	chóng xīn	again; once more; re-	915	2
支	zhī	to support; to sustain; to erect	915	3
随	suí	to follow; to comply with; varying according to...	915	3
提	tí	to carry (hanging down from the hand); to lift; to put forward	919	2
高兴	gāo xìng	happy; glad; willing (to do sth)	920	1
度	dù	to pass; to spend (time); measure	925	2
人生	rén shēng	life (one's time on earth)	926	3
会议	huì yì	meeting; conference	928	3
幸福	xìng fú	happiness; happy; blessed	928	3
自然	zì rán	nature; natural; naturally	929	3
白	bái	white; snowy; pure	930	1
单	dān	bill; list; form	931	4
去年	qù nián	last year	933	1
责任	zé rèn	responsibility; blame; duty	935	3
热	rè	to warm up; to heat up; hot (of weather)	938	1
试	shì	to test; to try; experiment	938	1
感	gǎn	to feel; to move; to touch	939	7
经常	jīng cháng	frequently; constantly; regularly; often; day-to-day; everyday; daily	940	2
至	zhì	to arrive; most; to	941	5
来到	lái dào	to arrive; to come	943	1
睡觉	shuì jiào	to go to bed; to sleep	944	1
电脑	diàn nǎo	computer	946	1
面前	miàn qián	in front of; facing; (in the) presence (of)	948	2
失去	shī qù	to lose	949	3
非	fēi	to not be; not; wrong; incorrect; non-; un-; in-; de-	949	4
低	dī	low; beneath; to lower (one's head)	951	2
节目	jié mù	program; item (on a program)	951	2
健康	jiàn kāng	health; healthy	952	2
弄	nòng	to do; to manage; to handle	952	2
赢	yíng	to beat; to win; to profit	952	3
不再	bù zài	no more; no longer	952	6
作用	zuò yòng	to act on; to affect; action	955	2
票	piào	ticket; ballot; banknote	956	1
死亡	sǐ wáng	to die; death	956	6
西	xī	the West; Spanish	958	1
床	chuáng	bed; couch; classifier for beds	961	1
满	mǎn	to fill; full; filled	961	2
回到	huí dào	to return to	962	1
第	dì	(prefix indicating ordinal number, as in 六 "sixth"); (literary) grades in which successful candidates in the imperial examinations were placed; (literary) but; however	962	1
则	zé	(literary) (conjunction used to express contrast with a previous clause) but; then; (bound form) standard; norm; (bound form) principle	966	7
情	qíng	feeling; emotion; passion	966	7
报	bào	to announce; to inform; report	967	3
差	chà	different; wrong; mistaken; to fall short; to lack	968	1
说明	shuō míng	to explain; to illustrate; to indicate	968	2
许多	xǔ duō	many; a lot of; much	969	2
人民	rén mín	the people	970	3
同样	tóng yàng	same; equal; equivalent	971	2
步	bù	a step; a pace; walk	972	3
家里	jiā lǐ	home	973	1
事件	shì jiàn	event; happening; incident	973	3
面对	miàn duì	to face; to confront	973	3
压力	yā lì	pressure	981	3
越来越	yuè lái yuè	more and more	982	2
身边	shēn biān	at one's side; on hand	982	2
由于	yóu yú	due to; as a result of; thanks to	982	3
结婚	jié hūn	to marry; to get married	982	3
短	duǎn	short; brief; to lack	983	2
母亲	mǔ qīn	mother; also pr. [mǔ qin]	983	3
再次	zài cì	one more time; again; one more	983	5
同意	tóng yì	to agree; to consent; to approve	985	3
训练	xùn liàn	to train; to drill; training	985	3
教	jiào	religion; teaching; to make	988	1
意思	yì si	idea; opinion; meaning	988	2
总统	zǒng tǒng	president (of a country)	988	4
啥	shá	dialectal equivalent of 什么; also pr. [shà]	990	6
部门	bù mén	department; branch; section	992	3
放弃	fàng qì	to renounce; to abandon; to give up	994	5
意见	yì jiàn	idea; opinion; suggestion	995	2
似乎	sì hū	it seems; seemingly; as if	997	4
应	yīng	to agree (to do sth); should; ought to	999	4
据	jù	according to; to act in accordance with; to depend on	1000	6
几乎	jī hū	almost; nearly; practically	1001	4
过程	guò chéng	course of events; process	1002	3
位置	wèi zhi	position; place; seat	1003	4
宝贝	bǎo bèi	treasured object; treasure; darling	1003	4
即使	jí shǐ	even if; even though	1004	5
查	chá	to research; to check; to investigate	1010	2
方	fāng	square; power or involution (math.); upright	1012	4
不用	bù yòng	need not	1013	1
读	dú	to read out; to read aloud; to read; to attend (school); to study (a subject in school)	1013	1
深	shēn	deep (lit. and fig.)	1014	3
尽管	jǐn guǎn	despite; although; even though	1014	5
忘	wàng	to forget; to overlook; to neglect	1015	1
清	qīng	(of water etc) clear; clean; quiet; still; pure; uncorrupted	1019	6
认真	rèn zhēn	conscientious; earnest; serious	1020	1
附近	fù jìn	nearby; neighboring; (in the) vicinity (of); neighborhood	1020	4
各	gè	each; every	1022	3
脚	jiǎo	foot; leg (of an animal or an object); base (of an object)	1024	2
选手	xuǎn shǒu	athlete; contestant	1025	3
冷	lěng	cold	1027	1
房子	fáng zi	house; building (single- or two-story); apartment	1027	1
电	diàn	lightning; electricity; electric (bound form)	1027	1
参与	cān yù	to participate (in sth)	1027	4
仍然	réng rán	still; as before; yet	1029	3
山	shān	mountain; hill; (coll.) small bundle of straw for silkworms to spin cocoons on	1030	1
显示	xiǎn shì	to show; to illustrate; to display	1030	3
主要	zhǔ yào	main; principal; major	1031	2
而是	ér shì	rather	1031	4
秒	miǎo	second (unit of time); arc second (angular measurement unit); (coll.) instantly	1034	5
属于	shǔ yú	to be classified as; to belong to; to be part of	1036	3
值得	zhí de	to be worth; to deserve	1037	3
人类	rén lèi	humanity; human race; mankind	1038	3
王	wáng	king or monarch; best or strongest of its type; grand	1039	4
市	shì	market; city	1040	2
手术	shǒu shù	(surgical) operation; surgery	1041	4
亲	qīn	parent; one's own (flesh and blood); relative	1044	3
不少	bù shǎo	many; a lot; not few	1045	2
讨论	tǎo lùn	to discuss; to talk over	1047	2
经历	jīng lì	experience; to experience; to go through	1047	3
超过	chāo guò	to surpass; to exceed; to outstrip	1048	2
仍	réng	still; yet; to remain; (literary) frequently; often	1050	3
比如	bǐ rú	for example; for instance; such as	1051	2
假	jiǎ	fake; false; artificial	1053	2
后来	hòu lái	afterwards; later; newly arrived	1055	2
加入	jiā rù	to become a member; to join; to mix into	1056	4
常	cháng	always; ever; often	1057	1
嘴	zuǐ	mouth; beak; nozzle	1059	2
兄弟	xiōng dì	brothers; younger brother; I, me (humble term used by men in public speech)	1060	4
遇到	yù dào	to meet; to run into; to come across	1063	4
轮	lún	wheel; disk; ring; steamship; to take turns; to rotate	1066	4
飞机	fēi jī	airplane	1067	1
自由	zì yóu	freedom; liberty; free; unrestricted	1067	2
地址	dì zhǐ	address	1067	4
无论	wú lùn	no matter what or how; regardless of whether...	1069	4
改	gǎi	to change; to alter; to transform	1070	2
紧张	jǐn zhāng	nervous; keyed up; intense	1073	3
就要	jiù yào	will; shall; to be going to	1077	2
加油	jiā yóu	to add oil; to top up with gas; to refuel	1078	2
省	shěng	to save; to economize; to be frugal; to omit; to delete; to leave out; province	1081	2
投	tóu	to cast; to send; to throw oneself (into the river etc)	1081	4
夜	yè	night	1082	2
海	hǎi	ocean; sea; great number of people or things	1082	2
十分	shí fēn	very; completely; utterly	1086	2
仅	jǐn	barely; only; merely	1086	3
投票	tóu piào	to vote; vote	1089	6
陪	péi	to accompany; to keep sb company; to assist	1090	5
早上	zǎo shang	early morning	1092	1
事实	shì shí	fact	1092	3
挂	guà	to hang or suspend (from a hook etc); to hang up (the phone); (of a line) to be dead	1092	3
本来	běn lái	original; originally; at first	1093	3
基本	jī běn	basic; fundamental; main	1095	3
客户	kè hù	client; customer	1095	5
居然	jū rán	unexpectedly; to one's surprise; go so far as to	1095	5
专家	zhuān jiā	expert; specialist	1096	3
类	lèi	kind; type; class	1096	3
跳	tiào	to jump; to hop; to skip over	1099	3
回答	huí dá	to reply; to answer; reply; answer	1100	1
年轻	nián qīng	young	1100	2
称	chēng	to weigh; to state; to name	1100	2
分析	fēn xī	to analyze; analysis	1101	5
享受	xiǎng shòu	to enjoy; to live it up; pleasure	1102	5
久	jiǔ	(long) time; (long) duration of time	1103	3
条件	tiáo jiàn	condition; circumstance; term; factor; requirement; prerequisite; qualification; situation; state; condition	1104	2
犯罪	fàn zuì	to commit a crime; crime; offense	1108	6
晚安	wǎn ān	Good night!; Good evening!	1116	2
以来	yǐ lái	since (a previous event)	1117	3
反应	fǎn yìng	to react; to respond; reaction	1118	3
画	huà	to draw; to paint; picture; painting; to draw (a line) (variant of 划)	1119	2
广告	guǎng gào	to advertise; a commercial; advertisement	1122	2
逼	bī	to force (sb to do sth); to compel; to press for	1122	6
记	jì	to record; to note; to memorize	1123	1
地区	dì qū	local; regional; district (not necessarily formal administrative unit)	1123	3
提出	tí chū	to raise (an issue); to propose; to put forward	1125	2
关注	guān zhù	to pay attention to; to follow sth closely; to follow (on social media)	1125	3
表演	biǎo yǎn	play; show; performance	1127	3
警察	jǐng chá	police; police officer	1128	3
关	guān	mountain pass; to close; to shut; to turn off; to confine; to lock (sb) up; to shut (sb in a room, a bird in a cage etc)	1129	1
资料	zī liào	material; resources; data	1130	4
关键	guān jiàn	crucial point; crux; key	1131	5
哥	gē	elder brother	1132	1
冠军	guàn jūn	champion	1133	5
价值	jià zhí	value; worth; fig. values (ethical, cultural etc)	1136	3
运动	yùn dòng	to move; to exercise; sports	1138	2
相当	xiāng dāng	equivalent to; appropriate; considerably	1139	3
样子	yàng zi	appearance; manner; pattern	1140	2
困难	kùn nan	difficult; challenging; straitened circumstances	1141	3
爸	bà	father; dad; pa	1142	1
实现	shí xiàn	to achieve; to implement; to realize	1144	2
专业	zhuān yè	specialty; specialized field; main field of study (at university)	1146	3
难道	nán dào	don't tell me ...; could it be that...?	1147	3
牛	niú	ox; cow; bull	1148	3
刚才	gāng cái	just now; a moment ago	1149	2
风	fēng	wind; news; style	1150	1
猫	māo	cat; (dialect) to hide oneself; (coll.) modem	1150	2
规定	guī dìng	to stipulate; to specify; to prescribe; to fix (a price); to set (a quota); regulations; rules; provisions; stipulations	1151	3
于是	yú shì	thereupon; as a result; consequently; thus; hence	1151	4
通	tōng	to go through; to know well; (suffix) expert	1155	2
产生	chǎn shēng	to arise; to come into being; to come about; to give rise to; to bring into being; to bring about; to produce; to engender; to generate	1155	3
对方	duì fāng	the other person; the other side; the other party	1158	3
状态	zhuàng tài	condition; state; state of affairs	1158	3
回去	huí qu	to return; to go back	1160	1
心理	xīn lǐ	psychology; mentality	1160	4
办公室	bàn gōng shì	office; business premises; bureau	1162	2
正确	zhèng què	correct; sound; right; proper	1163	2
爱情	ài qíng	romance; love (romantic)	1164	2
照	zhào	according to; in accordance with; to shine	1165	3
群	qún	group; crowd; flock, herd, pack etc	1165	3
收到	shōu dào	to receive	1171	2
环境	huán jìng	environment; circumstances; surroundings	1171	3
够	gòu	enough (sufficient); enough (too much); (coll.) (before adj.) really	1173	2
德	dé	virtue; goodness; morality	1174	7
原	yuán	former; original; primary	1178	6
正是	zhèng shì	is precisely	1179	2
火	huǒ	fire; urgent; ammunition	1181	3
根	gēn	root; basis; classifier for long slender objects, e.g. cigarettes, guitar strings	1181	4
赛	sài	to compete; competition; match	1181	6
建立	jiàn lì	to establish; to set up; to found	1182	3
方向	fāng xiàng	direction; orientation	1183	2
停下	tíng xià	to stop	1183	4
更加	gèng jiā	more (than sth else); even more	1185	3
老板	lǎo bǎn	boss; business proprietor	1185	3
妻子	qī zǐ	wife and children	1187	4
排	pái	a row; a line; to set in order	1188	2
鱼	yú	fish	1189	2
关心	guān xīn	to be concerned about; to care about	1190	2
市场	shì chǎng	marketplace; market (also in abstract)	1190	3
集	jí	to gather; to collect; collected works	1190	6
必要	bì yào	necessary; essential; indispensable	1191	3
抢	qiǎng	to fight over; to rush; to scramble	1191	5
留下	liú xià	to leave behind; to stay behind; to remain	1196	2
节	jié	joint; node; (bound form) section; segment; solar term (one of the 24 divisions of the year in the traditional Chinese calendar)	1196	2
累	lèi	tired; weary; to strain	1197	1
教育	jiào yù	to educate; to teach; education	1197	2
日子	rì zi	day; a (calendar) date; days of one's life	1197	2
祝	zhù	to pray for; to wish (sb bon voyage, happy birthday etc); person who invokes the spirits during sacrificial ceremonies	1197	3
傻	shǎ	foolish	1197	5
取	qǔ	to take; to get; to choose	1198	2
权	quán	authority; power; right	1198	6
打开	dǎ kāi	to open; to show (a ticket); to turn on	1199	1
危险	wēi xiǎn	danger; dangerous	1201	3
层	céng	to pile on top of one another; layer; stratum; floor (of a building); story	1202	2
管理	guǎn lǐ	to supervise; to manage; to administer	1202	3
亲爱	qīn ài	dear; beloved; darling	1202	4
乱	luàn	in confusion or disorder; in a confused state of mind; disorder	1206	3
待	dài	to wait; to treat; to deal with	1207	5
病人	bìng rén	sick person; patient; invalid	1209	1
适合	shì hé	to fit; to suit	1211	3
心里	xīn li	chest; heart; mind	1214	2
肉	ròu	meat; flesh; pulp (of a fruit)	1215	1
正式	zhèng shì	formal; official	1215	3
腿	tuǐ	leg	1216	2
引起	yǐn qǐ	to give rise to; to lead to; to cause; to arouse	1216	4
救	jiù	to save; to assist; to rescue	1217	3
打电话	dǎ diàn huà	to make a telephone call	1218	1
恢复	huī fù	to reinstate; to resume; to restore	1219	5
从来	cóng lái	always; at all times; never (if used in negative sentence)	1222	3
休息	xiū xi	rest; to rest	1225	1
共	gòng	common; general; to share	1227	4
全国	quán guó	whole nation; nationwide; countrywide	1228	2
或许	huò xǔ	perhaps; maybe	1228	4
棒	bàng	stick; club; cudgel	1228	5
尽	jìn	to use up; to exhaust; to end	1228	6
同志	tóng zhì	comrade; (slang) homosexual	1228	7
图	tú	diagram; picture; drawing	1231	3
实际上	shí jì shàng	in fact; in reality; as a matter of fact	1232	3
街	jiē	street	1234	2
达到	dá dào	to reach; to achieve; to attain	1234	3
投资	tóu zī	investment; to invest	1236	4
现实	xiàn shí	reality; actuality; real	1237	3
班	bān	team; class; grade; (military) squad; work shift	1238	1
抱	bào	to hold; to carry (in one's arms); to hug	1238	4
坏	huài	bad; spoiled; broken	1239	1
利	lì	sharp; favorable; advantage	1239	6
一边	yī biān	one side; either side; on the one hand	1241	1
笔	bǐ	pen; pencil; writing brush	1245	2
不断	bù duàn	unceasing; uninterrupted; continuous	1245	3
通知	tōng zhī	to notify; to inform; notice	1246	2
内容	nèi róng	content; substance; details	1246	3
媒体	méi tǐ	media, esp. news media	1246	3
律师	lǜ shī	lawyer	1246	4
上面	shàng miàn	on top of; above-mentioned; also pr. [shàng mian]	1248	3
鞋	xié	shoe	1249	2
习惯	xí guàn	habit; custom; usual practice	1251	2
痛	tòng	ache; pain; sorrow	1254	3
感情	gǎn qíng	emotion; sentiment; affection	1257	3
目的	mù dì	purpose; aim; goal; target; objective	1260	2
观众	guān zhòng	spectators; audience; visitors (to an exhibition etc)	1260	3
国际	guó jì	international	1262	2
变化	biàn huà	(intransitive) to change; to vary; change; variation	1262	3
美丽	měi lì	beautiful	1262	3
意识	yì shí	consciousness; awareness; to be aware	1263	5
追	zhuī	to chase; to pursue; to look into	1265	3
导致	dǎo zhì	to lead to; to create; to cause	1268	4
周末	zhōu mò	weekend	1269	2
经验	jīng yàn	experience; to experience	1269	3
集中	jí zhōng	to concentrate; to centralize; to focus	1271	3
破	pò	broken; damaged; worn out	1272	3
战争	zhàn zhēng	war; conflict	1274	4
推	tuī	to push; to cut; to refuse	1277	2
理由	lǐ yóu	reason; grounds; justification	1280	3
听说	tīng shuō	to hear (sth said); one hears (that); hearsay	1283	2
刀	dāo	knife; blade; single-edged sword	1285	3
感受	gǎn shòu	to sense; perception; to feel (through the senses)	1286	3
机构	jī gòu	mechanism; structure; organization	1289	4
油	yóu	oil; fat; grease	1290	2
反	fǎn	contrary; in reverse; inside out or upside down	1290	4
完美	wán měi	perfect	1292	3
直到	zhí dào	until	1292	3
传	chuán	to pass on; to spread; to transmit	1294	3
伤害	shāng hài	to injure; to harm	1296	4
洗	xǐ	to wash; to bathe; to develop (photographs); to shuffle (cards etc)	1298	1
科学	kē xué	science; scientific knowledge; scientific	1299	2
真实	zhēn shí	true; real	1299	3
有的	yǒu de	(there are) some (who are...); some (exist)	1300	1
后面	hòu mian	the back; the rear; the last bit; behind; near the end; at the back; later; afterwards	1300	3
喂	wèi	hey; to feed (an animal, baby, invalid etc)	1301	2
心情	xīn qíng	mood; frame of mind	1302	2
记录	jì lù	to record; record (written account); note-taker	1305	3
错误	cuò wù	mistaken; false; wrong; error; mistake	1305	3
空间	kōng jiān	space; room; (fig.) scope; leeway; (astronomy) outer space	1306	4
冲	chōng	(of water) to dash against; to mix with water; to infuse	1312	4
期待	qī dài	to look forward to; to await; expectation	1312	4
整	zhěng	exactly; in good order; whole	1315	3
标准	biāo zhǔn	standard; norm; criterion; (adjective) standard; good; correct; conforming to a standard	1317	3
职业	zhí yè	occupation; profession; vocation; professional	1317	3
毛	máo	hair; feather; down	1319	1
精彩	jīng cǎi	wonderful; marvelous; brilliant	1320	3
政治	zhèng zhì	politics; political	1320	4
朝	cháo	imperial or royal court; government; dynasty	1321	3
值	zhí	value; (to be) worth; to happen to	1322	3
一旦	yī dàn	in case (sth happens); if; once (sth happens, then...)	1323	5
范围	fàn wéi	range; scope; limit	1325	3
副	fù	secondary; auxiliary; deputy	1325	6
事业	shì yè	undertaking; project; activity	1326	3
承认	chéng rèn	to admit; to concede; to recognize	1327	4
执行	zhí xíng	to implement; to carry out; to execute	1328	5
接着	jiē zhe	to catch and hold on; to continue; to go on to do sth	1329	2
怪	guài	bewildering; odd; strange	1329	4
忘记	wàng jì	to forget	1335	1
痛苦	tòng kǔ	pain; suffering; painful	1336	3
流	liú	to flow; to disseminate; to circulate or spread	1337	2
速度	sù dù	speed; rate; velocity	1337	3
实在	shí zài	really; actually; indeed	1340	2
文件	wén jiàn	document; file	1342	3
表	biǎo	exterior surface; family relationship via females; to show (one's opinion)	1344	2
显然	xiǎn rán	clearly; evidently; obviously	1345	3
空	kòng	to empty; vacant; unoccupied	1345	3
养	yǎng	to raise (animals); to bring up (children); to keep (pets)	1346	2
船	chuán	boat; vessel; ship	1346	2
若	ruò	to seem; like; as	1349	6
左右	zuǒ yòu	left and right; nearby; approximately	1351	3
外面	wài miàn	outside (also pr. [wài mian] for this sense); surface; exterior	1352	3
效果	xiào guǒ	result; effect; efficacy	1352	3
鸡	jī	fowl; chicken; (slang) prostitute	1356	2
房间	fáng jiān	room	1357	1
遍	biàn	everywhere; all over; classifier for actions: one time	1358	2
型	xíng	mold; type; style	1361	4
八	bā	eight; 8	1362	1
传统	chuán tǒng	tradition; traditional; convention	1363	4
盘	pán	plate; dish; tray	1363	4
怎么样	zěn me yàng	how?; how about?; how was it?	1367	2
状况	zhuàng kuàng	condition; state; situation	1372	3
普通	pǔ tōng	common; ordinary; general	1373	2
瓶	píng	bottle; vase; pitcher	1373	2
打算	dǎ suàn	to plan; to intend; to calculate	1374	2
架	jià	to support; frame; rack	1375	3
分享	fēn xiǎng	to share (let others have some of sth good)	1375	5
经济	jīng jì	economy; economic	1376	3
丈夫	zhàng fu	husband	1376	4
而已	ér yǐ	that's all; nothing more	1377	7
按照	àn zhào	according to; in accordance with; in the light of	1378	3
翻	fān	to turn over; to flip over; to overturn	1378	4
有效	yǒu xiào	effective; in effect; valid	1379	3
女性	nǚ xìng	woman; the female sex	1379	5
之类	zhī lèi	and so on; and such	1380	6
重点	zhòng diǎn	important point; main point; focus; key (project etc); to focus on; to put the emphasis on	1381	2
作品	zuò pǐn	work (of art); opus	1381	3
反对	fǎn duì	to oppose; to be against; to object to	1381	3
竟然	jìng rán	unexpectedly; to one's surprise; in spite of everything	1381	4
左	zuǒ	left; the Left (politics); east	1382	1
室	shì	room; work unit; grave	1382	3
时代	shí dài	age; era; epoch	1384	3
伟大	wěi dà	huge; great; grand; worthy of the greatest admiration; important (contribution etc)	1387	3
哈哈	hā hā	(onom.) laughing out loud	1389	3
嗯	èn	(nonverbal grunt as interjection); OK, yeah; what?	1390	6
文	wén	language; culture; writing	1391	7
的确	dí què	really; indeed	1392	4
颗	kē	classifier for small spheres, pearls, corn grains, teeth, hearts, satellites etc	1392	5
准	zhǔn	accurate; standard; definitely	1396	3
倍	bèi	(two, three etc) -fold; times (multiplier); double	1396	4
醒	xǐng	to wake up; to be awake; to become aware	1399	4
身份	shēn fèn	identity; aspect of one's identity (i.e. sth that one is – mayor, father, permanent resident etc); role	1401	4
讨厌	tǎo yàn	to dislike; to loathe; disagreeable	1401	5
输	shū	to lose; to be beaten; (bound form) to transport; (literary) to donate; to contribute	1403	3
极	jí	extremely; pole (geography, physics); utmost	1404	4
咱们	zán men	we or us (including both the speaker and the person(s) spoken to); (dialect) I or me; (dialect) (in a coaxing or familiar way) you	1405	2
充满	chōng mǎn	full of; brimming with; very full	1405	3
皮	pí	leather; skin; fur	1409	3
人物	rén wù	person; personage; figure (esp. sb of importance); character (in a play, novel etc); figure painting (as a genre of traditional Chinese painting)	1410	5
经	jīng	classics; sacred book; scripture	1410	7
小心	xiǎo xīn	to be careful; to take care	1411	2
要是	yào shi	(coll.) if	1413	3
吃饭	chī fàn	to have a meal; to eat; to make a living	1415	1
系	xì	to connect; to relate to; to tie up	1415	3
免费	miǎn fèi	free (of charge)	1416	4
否则	fǒu zé	otherwise; if not; or (else)	1416	4
牌	pái	mahjong tile; playing card; game pieces	1416	4
动作	dòng zuò	movement; motion; action; to act; to move	1418	1
七	qī	seven; 7	1419	1
不够	bù gòu	not enough; insufficient; inadequate	1419	2
增加	zēng jiā	to raise; to increase	1419	3
俩	liǎ	two (colloquial equivalent of 两个); both; some	1419	4
直	zhí	straight; to straighten; fair and reasonable	1420	3
产品	chǎn pǐn	goods; merchandise; product	1421	4
怎么办	zěn me bàn	what's to be done	1422	2
成员	chéng yuán	member	1425	3
枪	qiāng	gun; firearm; rifle	1429	5
保险	bǎo xiǎn	insurance; to insure; safe	1430	3
年代	nián dài	a decade of a century (e.g. the Sixties); age; era	1430	3
测试	cè shì	to test (machinery etc); to test (a person's skill in a particular area); a test	1430	4
举行	jǔ xíng	to hold (a meeting, ceremony etc)	1431	2
想法	xiǎng fǎ	way of thinking; opinion; notion; to think of a way (to do sth)	1433	2
领导	lǐng dǎo	lead; leading; to lead	1433	3
落	luò	to fall or drop; (of the sun) to set; (of a tide) to go out	1435	4
著名	zhù míng	famous; noted; well-known	1436	4
动物	dòng wù	animal	1438	2
不行	bù xíng	won't do; be out of the question; be no good	1439	2
拒绝	jù jué	to refuse; to decline; to reject	1443	5
寻找	xún zhǎo	to seek; to look for	1444	4
胜利	shèng lì	victory	1445	3
梦想	mèng xiǎng	(fig.) to dream of; dream	1446	4
菜	cài	dish (type of food); vegetable; cuisine	1448	1
疯	fēng	insane; mad; wild	1448	5
明星	míng xīng	star; celebrity	1452	2
帅	shuài	(bound form) commander-in-chief; (bound form) to lead; to command; handsome; graceful; dashing; elegant	1452	4
级	jí	level; grade; rank	1454	2
受伤	shòu shāng	to sustain injuries; wounded (in an accident etc); harmed	1454	3
程度	chéng dù	degree; level; extent	1455	3
代	dài	to substitute; to act on behalf of others; to replace	1458	3
下面	xià miàn	below; under; next	1459	3
理论	lǐ lùn	theory; to argue; to take notice of	1462	3
网络	wǎng luò	Internet	1462	4
式	shì	type; form; pattern	1463	5
不仅	bù jǐn	not just; not limited to; (as a correlative conjunction) not only (..., but also ...)	1467	3
宣布	xuān bù	to declare; to announce; to proclaim	1467	3
衣服	yī fu	clothes	1472	1
期	qī	a period of time; phase; stage	1473	3
姑娘	gū niang	girl; young woman; young lady	1474	3
顺利	shùn lì	smoothly; without a hitch	1475	2
创造	chuàng zào	to create; to bring about; to produce	1476	3
饿	è	to be hungry; hungry; to starve (sb)	1477	1
右	yòu	(bound form) right; right-hand side; (bound form) (politics) right of center; (bound form) (old) west	1481	1
树	shù	tree; to cultivate; to set up	1481	1
调	diào	to transfer; to move (troops or cadres); to investigate	1481	3
命	mìng	life; fate; order or command	1484	6
队伍	duì wǔ	ranks; troops; queue	1484	6
呆	dāi	foolish; stupid; expressionless	1485	5
不知	bù zhī	not to know; unaware; unknowingly	1487	7
艺术	yì shù	art	1488	3
烧	shāo	to burn; to cook; to stew	1488	4
水平	shuǐ píng	level (of achievement etc); standard; horizontal	1490	2
网	wǎng	net; network	1491	2
麻烦	má fan	trouble; inconvenience; inconvenient; troublesome; annoying; to bother sb; to put sb to trouble	1492	3
事故	shì gù	accident	1493	3
雷	léi	thunder; (bound form) (military) mine, as in 雷 land mine; (coll.) to shock; to stun; to astound	1494	5
上班	shàng bān	to go to work; to be on duty; to start work	1495	1
借	jiè	to lend; to borrow; by means of	1495	2
数据	shù jù	data	1496	4
鬼	guǐ	disembodied spirit; ghost; devil; (suffix) person with a certain vice or addiction etc; sly; crafty; resourceful (variant of 诡)	1498	5
抓住	zhuā zhù	to grab hold of; to capture	1500	3
美好	měi hǎo	beautiful; fine	1500	3
申请	shēn qǐng	to apply for sth; application form	1500	4
武器	wǔ qì	weapon; arms	1505	3
生日	shēng rì	birthday	1506	1
安	ān	(bound form) calm; peaceful; to calm; to set at ease; safe; secure; in good health	1506	4
东	dōng	east; host (i.e. sitting on east side of guest); landlord	1509	1
各种	gè zhǒng	every kind of; all kinds of; various	1510	3
姐姐	jiě jie	older sister	1513	1
课	kè	subject; course; class	1517	1
圈	juān	to confine; to lock up; to pen in	1517	4
招	zhāo	to recruit; to provoke; to beckon	1522	6
思想	sī xiǎng	thought; thinking; idea	1525	3
国	guó	country; nation; state; (bound form) national	1527	1
破坏	pò huài	destruction; damage; to wreck	1527	3
消失	xiāo shī	to disappear; to fade away	1528	3
即	jí	namely; that is; i.e.	1528	7
饭	fàn	cooked rice; meal; (loanword) fan	1529	1
长大	zhǎng dà	to grow up	1531	2
交给	jiāo gěi	to give; to deliver; to hand over	1533	2
头发	tóu fa	hair (on the head)	1533	2
封	fēng	to confer; to grant; to bestow a title	1534	2
害怕	hài pà	to be afraid; to be scared	1536	3
蛋	dàn	egg; oval-shaped thing	1539	2
稳定	wěn dìng	steady; stable; stability	1539	4
巨大	jù dà	huge; immense; very large	1540	4
科	kē	branch of study; administrative section; division	1543	2
藏	cáng	to conceal; to hide away; to harbor	1544	6
版	bǎn	a register; block of printing; edition	1545	5
龙	lóng	dragon; imperial	1547	3
英雄	yīng xióng	hero	1553	6
一半	yī bàn	half	1554	1
协议	xié yì	agreement; pact; protocol	1554	5
满足	mǎn zú	to satisfy; to meet (the needs of); satisfied	1555	3
唯	wéi	only; alone; -ism (in Chinese, a prefix, often combined with a suffix such as 主义 or 论, e.g. 唯理论, rationalism)	1556	7
配	pèi	to join; to fit; to mate	1557	3
丝	sī	silk; thread; trace	1558	7
家人	jiā rén	family member	1562	1
土地	tǔ dì	land; soil; territory	1563	4
威胁	wēi xié	to threaten; to menace	1564	6
老婆	lǎo pó	(coll.) wife	1565	4
等待	děng dài	to wait; to wait for	1567	3
有时	yǒu shí	sometimes; now and then	1568	1
演出	yǎn chū	to act (in a play); to perform; to put on (a performance)	1568	3
占	zhàn	to take possession of; to occupy; to take up	1571	2
挑战	tiǎo zhàn	to challenge; challenge	1571	4
词	cí	word; statement; speech	1572	2
乐	lè	happy; cheerful; to laugh	1572	3
小姐	xiǎo jie	young lady; miss; (slang) prostitute	1575	1
对不起	duì bu qǐ	I'm sorry; excuse me; I beg your pardon; to let (sb) down; to disappoint	1577	1
事实上	shì shí shàng	in fact; in reality; actually	1577	3
秘密	mì mì	secret; private; confidential; clandestine; a secret	1577	4
攻击	gōng jī	to attack; to accuse; to charge	1579	6
超级	chāo jí	super-; ultra-; hyper-	1582	3
猪	zhū	hog; pig; swine	1583	3
镇	zhèn	to press down; to calm; to subdue	1583	6
竞争	jìng zhēng	to compete; competition	1584	5
估计	gū jì	to estimate; to reckon; (coll.) to suppose	1586	5
失败	shī bài	to be defeated; to lose; to fail (e.g. experiments)	1588	4
季	jì	season; the last month of a season; fourth or youngest amongst brothers	1588	4
设备	shè bèi	equipment; facilities; installations	1590	3
鸟	niǎo	bird; "bird" radical in Chinese characters (Kangxi radical 196); (dialect) to pay attention to	1593	2
意味着	yì wèi zhe	to signify; to mean; to imply	1594	5
保	bǎo	to defend; to protect; to keep; to guarantee; to ensure; civil administration unit in the baojia 甲 system (old)	1597	3
团	tuán	round; lump; ball	1597	3
世纪	shì jì	century	1599	3
制造	zhì zào	to manufacture; to make	1600	3
紧	jǐn	tight; strict; close at hand	1601	3
对手	duì shǒu	opponent; rival; competitor	1603	3
抽	chōu	to draw out; to pull out from in between; to remove part of the whole	1603	4
俱乐部	jù lè bù	club (the organisation or its premises) (loanword)	1603	5
证	zhèng	certificate; proof; to prove	1605	3
不得不	bù dé bù	have no choice or option but to; cannot but; have to	1606	3
想象	xiǎng xiàng	to imagine; to envision; imagination	1608	4
取得	qǔ dé	to acquire; to get; to obtain	1609	2
当地	dāng dì	local	1609	3
想起	xiǎng qǐ	to recall; to think of; to call to mind	1611	2
大概	dà gài	roughly; probably; rough	1611	3
允许	yǔn xǔ	to permit; to allow	1611	6
教授	jiào shòu	professor; to instruct; to lecture on	1612	4
演	yǎn	to develop; to evolve; to practice	1613	3
蓝	lán	blue; indigo plant	1615	2
错过	cuò guò	to miss (train, opportunity etc)	1616	6
所谓	suǒ wèi	so-called; what is called	1616	7
顿	dùn	to stop; to pause; to arrange	1617	3
吸引	xī yǐn	to attract; to appeal to; to fascinate	1617	4
案件	àn jiàn	case; instance	1617	7
之中	zhī zhōng	inside; among; in the midst of (doing sth)	1618	5
纸	zhǐ	paper; classifier for documents, letter etc	1621	2
背	bèi	the back of a body or object; to turn one's back; to hide something from	1623	2
共同	gòng tóng	common; joint; jointly	1623	3
顶	dǐng	apex; crown of the head; top	1623	4
恐怖	kǒng bù	terrible; frightful; frightening	1623	7
进去	jìn qù	to go in	1624	1
一生	yī shēng	all one's life; throughout one's life	1626	2
杂志	zá zhì	magazine	1627	3
既然	jì rán	since; as; this being the case	1629	4
照顾	zhào gu	to take care of; to show consideration; to attend to	1631	2
货	huò	goods; money; commodity	1631	4
需	xū	to require; to need; to want	1631	7
停止	tíng zhǐ	to stop; to halt; to cease	1632	3
文化	wén huà	culture; civilization; cultural	1632	3
特殊	tè shū	special; particular; unusual	1632	4
提醒	tí xǐng	to remind; to call attention to; to warn of	1634	4
自我	zì wǒ	self-; ego (psychology)	1634	6
急	jí	urgent; pressing; rapid	1635	2
犯	fàn	to violate; to offend; to assault	1635	6
具体	jù tǐ	concrete; definite; specific	1638	3
疼	téng	(it) hurts; sore; to love dearly	1641	2
合	hé	to close; to join; to fit	1643	3
演员	yǎn yuán	actor or actress; performer	1643	3
风格	fēng gé	style	1644	4
态度	tài du	manner; bearing; attitude	1647	2
周围	zhōu wéi	environs; surroundings; periphery	1649	3
建筑	jiàn zhù	to construct; building	1649	5
小组	xiǎo zǔ	group	1652	2
罗	luó	gauze; to collect; to gather	1653	7
哥哥	gē ge	older brother	1655	1
奇怪	qí guài	strange; odd; to marvel	1655	3
丢	diū	to lose; to put aside; to throw	1655	5
角色	jué sè	role; character in a novel; persona	1656	4
复杂	fù zá	complicated; complex	1657	3
疯狂	fēng kuáng	crazy; frenzied; wild	1657	5
没什么	méi shén me	nothing; it doesn't matter; it's nothing	1659	1
彻底	chè dǐ	thorough; thoroughly; complete	1659	4
委员会	wěi yuán huì	committee	1659	7
表达	biǎo dá	to express; to convey	1660	3
投入	tóu rù	to throw into; to put into; to throw oneself into	1661	4
胜	shèng	victory; success; to beat	1663	3
慢慢	màn màn	slowly	1664	3
幅	fú	width; roll; classifier for textiles or pictures	1668	5
路上	lù shang	on the road; on a journey; road surface	1669	1
数字	shù zì	numeral; digit; number	1670	2
压	yā	to press; to push down; to keep under (control)	1672	3
礼物	lǐ wù	gift; present	1673	2
确保	què bǎo	to ensure; to guarantee	1674	3
格	gé	square; frame; rule	1674	7
天气	tiān qì	weather	1675	1
舞	wǔ	to dance; to wield; to brandish	1675	5
有所	yǒu suǒ	somewhat; to some extent	1676	7
建	jiàn	to establish; to found; to set up	1679	3
酒店	jiǔ diàn	wine shop; pub (public house); hotel	1680	2
服	fú	clothes; dress; garment	1682	6
邀请	yāo qǐng	to invite; invitation	1683	5
加上	jiā shàng	plus; to put in; to add	1687	5
交通	jiāo tōng	to be connected; traffic; transportation	1688	2
队员	duì yuán	team member	1688	3
优秀	yōu xiù	outstanding; excellent	1689	4
亮	liàng	bright; clear; resonant	1691	2
篇	piān	sheet; piece of writing; bound set of bamboo slips used for record keeping (old)	1691	2
足够	zú gòu	enough; sufficient	1692	3
儿童	ér tóng	child	1692	4
出口	chū kǒu	an exit; to speak; to export	1693	2
布	bù	cloth; to declare; to announce	1694	3
权利	quán lì	right (i.e. an entitlement to sth); (classical) power and wealth	1696	4
拍摄	pāi shè	to take (a picture); to shoot (a film)	1697	5
咖啡	kā fēi	coffee (loanword)	1698	3
既	jì	already; since; both... (and...)	1698	4
样	yàng	manner; pattern; way	1699	6
采取	cǎi qǔ	to adopt or carry out (measures, policies, course of action); to take	1701	3
区域	qū yù	area; region; district	1701	5
意外	yì wài	unexpected; accident; mishap	1703	3
期间	qī jiān	period of time; time; time period	1703	4
最好	zuì hǎo	best; (you) had better (do what we suggest)	1704	1
味道	wèi dao	flavor; taste; (fig.) feeling (of ...); sense (of ...); hint (of ...); (fig.) interest; delight	1705	2
时刻	shí kè	time; juncture; moment	1705	3
风险	fēng xiǎn	risk; hazard	1705	3
手里	shǒu lǐ	in hand; (a situation is) in sb's hands	1705	4
平	píng	flat; level; equal	1707	2
断	duàn	to break; to snap; to cut off	1707	3
千万	qiān wàn	ten million; countless; many	1708	3
观察	guān chá	to observe; to watch; to survey	1708	3
南	nán	south	1709	1
愿	yuàn	to hope; to wish; to desire	1709	5
出发	chū fā	to set off; to start (on a journey)	1714	2
钟	zhōng	clock; o'clock; time as measured in hours and minutes	1714	3
理	lǐ	texture; grain (of wood); inner essence	1714	6
恨	hèn	to hate; to regret	1715	5
接到	jiē dào	to receive (letter etc)	1716	2
难以	nán yǐ	hard to (predict, imagine etc)	1716	5
考试	kǎo shì	to take an exam; exam	1718	1
射	shè	to shoot; to launch; to allude to	1718	5
接近	jiē jìn	to approach; to get close to	1720	3
股	gǔ	thigh; part of a whole; portion of a sum	1720	6
提高	tí gāo	to raise; to increase; to improve	1724	2
有时候	yǒu shí hou	sometimes	1725	1
距离	jù lí	distance; to be apart from	1725	4
千	qiān	thousand	1728	2
轻松	qīng sōng	light; gentle; relaxed	1729	4
运	yùn	to move; to transport; to use	1730	5
敌人	dí rén	enemy	1731	4
重大	zhòng dà	great; important; major	1734	3
表明	biǎo míng	to make clear; to make known; to state clearly	1735	3
说实话	shuō shí huà	to speak the truth; truth to tell; frankly	1740	6
墙	qiáng	wall	1741	2
时尚	shí shàng	fashion; fad; fashionable	1741	7
程序	chéng xù	procedures; sequence; order	1747	4
具有	jù yǒu	to have; to possess	1749	3
持续	chí xù	to continue; to persist; to last	1749	3
医疗	yī liáo	medical treatment	1749	4
剑	jiàn	double-edged sword; classifier for blows of a sword	1749	6
和平	hé píng	peace; peaceful	1750	3
毕业	bì yè	graduation; to graduate; to finish school	1755	4
切	qiè	definitely; absolutely (not); (scoffing or dismissive interjection) Yeah, right.; Tut!; to grind	1757	4
家伙	jiā huo	household dish, implement or furniture; domestic animal; (coll.) guy	1757	7
板	bǎn	board; plank; plate	1759	3
满意	mǎn yì	satisfied; pleased; to one's satisfaction	1761	2
怀疑	huái yí	to doubt (sth); to be skeptical of; to have one's doubts	1763	4
戏	xì	trick; drama; play	1763	5
合同	hé tong	(business) contract	1766	4
食物	shí wù	food	1768	2
慢	màn	slow	1770	1
发表	fā biǎo	to issue; to publish	1771	3
处于	chǔ yú	to be in (some state, position, or condition)	1772	4
爆炸	bào zhà	explosion; to explode; to blow up	1772	6
垃圾	lā jī	trash; refuse; garbage	1777	4
修	xiū	to decorate; to embellish; to repair	1778	3
相关	xiāng guān	related; relevant; pertinent	1782	3
价格	jià gé	price	1783	3
旧	jiù	old; opposite: new 新; former	1787	3
前面	qián miàn	ahead; in front; preceding	1789	3
偷	tōu	to steal; to pilfer; to snatch	1795	5
简直	jiǎn zhí	simply; really	1797	3
展示	zhǎn shì	to reveal; to display; to show; to exhibit	1798	5
基地	jī dì	base (of operations); industrial or military base; al-Qaeda	1799	5
戴	dài	to put on or wear (glasses, hat, gloves etc); to respect; to bear	1802	4
司机	sī jī	chauffeur; driver	1804	2
大量	dà liàng	great amount; large quantity; bulk	1807	2
黄	huáng	yellow; pornographic; to fall through	1809	2
退	tuì	to retreat; to withdraw; to reject; to return (sth); to decline	1809	3
情绪	qíng xù	mood; state of mind; moodiness	1810	6
究竟	jiū jìng	to go to the bottom of a matter; after all; when all is said and done	1812	4
轻	qīng	light; easy; gentle	1814	2
强大	qiáng dà	large; formidable; powerful	1814	3
旁边	páng biān	side; adjacent place	1815	1
信号	xìn hào	signal	1815	2
岛	dǎo	island	1816	6
然而	rán ér	however; yet; but	1818	4
赢得	yíng dé	to win; to gain	1820	4
战斗	zhàn dòu	to fight; to engage in combat; struggle	1822	4
官	guān	government official; governmental; official	1825	4
证据	zhèng jù	evidence; proof; testimony	1826	3
替	tì	to substitute for; to take the place of; to replace	1826	4
掌握	zhǎng wò	to grasp (often fig.); to control; to seize (initiative, opportunity, destiny)	1826	5
同学	tóng xué	to study at the same school; fellow student; classmate	1828	1
交流	jiāo liú	to exchange; exchange; communication	1828	3
幸运	xìng yùn	fortunate; lucky; fortune	1830	3
北	běi	north; (classical) to be defeated	1835	1
制作	zhì zuò	to make; to manufacture	1835	3
最佳	zuì jiā	optimum; optimal; peak	1835	6
好多	hǎo duō	many; quite a lot; much better	1837	2
经理	jīng lǐ	manager; director	1838	2
教练	jiào liàn	instructor; sports coach; trainer	1838	3
兴奋	xīng fèn	excited; excitement; (physiology) excitation	1839	4
记忆	jì yì	to remember; to recall; memory	1839	5
付	fù	to pay; to hand over to; classifier for pairs or sets of things	1840	3
公开	gōng kāi	open; overt; public; to make public; to release	1840	3
兴趣	xìng qù	interest (desire to know about sth); interest (thing in which one is interested); hobby	1847	4
剩下	shèng xià	to remain; to be left over	1847	5
混	hùn	to mix; to mingle; muddled	1849	6
人家	rén jiā	household; dwelling; family	1850	4
资金	zī jīn	funds; capital	1851	3
员工	yuán gōng	staff; personnel; employee	1852	3
大部分	dà bù fen	in large part; the greater part; the majority	1854	2
摆	bǎi	to arrange; to exhibit; to move to and fro	1854	4
吓	hè	to scare; to intimidate; to threaten	1856	5
全球	quán qiú	entire; total; global	1858	3
帮忙	bāng máng	to help; to lend a hand; to do a favor	1860	1
立即	lì jí	immediately	1862	4
升	shēng	to ascend; to rise to the rank of; to promote	1863	3
色	sè	color; look; appearance	1863	4
内部	nèi bù	interior; inside (part, section); internal	1865	4
经营	jīng yíng	to engage in (business etc); to run; to operate	1867	3
困	kùn	to trap; to surround; hard-pressed	1868	3
在于	zài yú	to be in; to lie in; to consist in	1868	4
军队	jūn duì	armed forces; troops	1868	6
初	chū	at first; (at the) beginning; first	1869	3
发挥	fā huī	to display; to exhibit; to bring out implicit or innate qualities	1869	4
进来	jìn lái	to come in	1870	1
符合	fú hé	in keeping with; in accordance with; tallying with	1870	4
员	yuán	person; employee; member	1874	3
电子	diàn zǐ	electronic; electron (particle physics)	1874	3
基金	jī jīn	fund	1874	5
立刻	lì kè	forthwith; immediate; prompt	1875	3
编	biān	to weave; to plait; to organize	1875	4
见面	jiàn miàn	to meet; to see each other	1876	1
独立	dú lì	independent; independence; to stand alone	1876	4
好看	hǎo kàn	good-looking; nice-looking; good (of a movie, book, TV show etc)	1877	1
实验	shí yàn	experiment; test; experimental	1879	3
吹	chuī	to blow; to play a wind instrument; to blast	1880	2
颜色	yán sè	color; countenance; appearance	1880	2
取消	qǔ xiāo	to cancel; cancellation	1880	3
表情	biǎo qíng	(facial) expression; to express one's feelings	1882	4
社区	shè qū	community; neighborhood	1886	5
成绩	chéng jì	achievement; performance records; grades	1888	2
中间	zhōng jiān	the middle; the inside; in the middle; within; between; among; during; in the meantime	1889	1
手段	shǒu duàn	method; means (of doing sth); strategy	1890	5
躺	tǎng	to recline; to lie down	1892	4
采访	cǎi fǎng	to interview; to gather news; to hunt for and collect	1893	4
学会	xué huì	to learn; to master; institute	1893	6
女生	nǚ shēng	schoolgirl; female student; girl	1894	1
通常	tōng cháng	regular; usual; normal	1897	3
针对	zhēn duì	to target; to focus on; to be aimed at or against	1899	4
即将	jí jiāng	on the eve of; to be about to; to be on the verge of	1906	4
角度	jiǎo dù	angle; point of view	1907	2
宝	bǎo	jewel; gem; treasure	1908	4
遗憾	yí hàn	regret; to regret; to be sorry that	1908	6
部队	bù duì	army; armed forces; troops	1909	6
茶	chá	tea; tea plant	1910	1
对象	duì xiàng	target; object; partner; boyfriend; girlfriend	1912	3
答案	dá àn	answer; solution	1912	4
接触	jiē chù	to touch; to contact; access	1912	5
聪明	cōng ming	intelligent; clever; bright	1918	5
地点	dì diǎn	place; site; location	1921	1
皮肤	pí fū	skin	1922	5
浪费	làng fèi	to waste; to squander	1924	3
规则	guī zé	rule; regulation; rules and regulations	1924	4
厉害	lì hai	(used to describe sb or sth that makes a very strong impression, whether favorable or unfavorable) terrible; intense; severe	1925	5
尊重	zūn zhòng	to esteem; to respect; to honor	1926	5
雨	yù	(literary) to rain; (of rain, snow etc) to fall; to precipitate	1929	1
欧洲	oū zhōu	Europe (abbr. for 欧罗巴洲)	1929	6
损失	sǔn shī	loss; damage; to lose	1930	5
激动	jī dòng	to move emotionally; to stir up (emotions); to excite	1931	4
合理	hé lǐ	rational; reasonable; sensible; fair	1935	3
骗	piàn	to cheat; to swindle; to deceive	1935	5
多么	duō me	how (wonderful etc); what (a great idea etc); however (difficult it may be etc)	1940	2
可怜	kě lián	pitiful; pathetic; to have pity on	1942	5
任	rèn	to assign; to appoint; to take up a post	1943	3
依然	yī rán	still; as before	1943	4
阶段	jiē duàn	stage; section; phase	1945	4
什么样	shén me yàng	what kind?; what sort?	1946	2
语言	yǔ yán	language	1948	2
为何	wèi hé	why	1948	6
擦	cā	to rub; to scratch; to towel; to wipe with a towel; to apply (lipstick, lotion etc)	1952	4
香	xiāng	fragrant; sweet smelling; aromatic	1953	3
爆	bào	to explode or burst; to quick fry or quick boil	1953	6
成熟	chéng shú	mature; ripe; to mature; to ripen; Taiwan pr. [chéng shóu]	1955	3
无聊	wú liáo	bored; boring; senseless	1955	4
星期	xīng qī	week; day of the week; Sunday	1956	1
一致	yī zhì	unanimous; identical (views or opinions)	1957	4
文章	wén zhāng	article; essay; literary works	1958	3
吐	tǔ	to spit; to send out (silk from a silkworm, bolls from cotton flowers etc); to say	1958	5
毒	dú	poison; to poison; poisonous	1958	5
中央	zhōng yāng	central; middle; center	1962	5
信任	xìn rèn	to trust; to have confidence in	1963	3
网站	wǎng zhàn	website; network station; node	1965	2
反正	fǎn zhèng	anyway; in any case; to come over from the enemy's side	1968	3
刺激	cì jī	to provoke; to irritate; to upset; to stimulate; to excite; irritant	1968	4
宝宝	bǎo bao	darling; baby	1968	4
州	zhōu	prefecture; state (e.g. of US); oblast (Russia)	1970	6
地球	dì qiú	the earth	1971	2
雪	xuě	snow; (literary) to wipe away (a humiliation etc)	1971	2
贴	tiē	to stick; to paste; to post (e.g. on a blog)	1971	4
解	jiě	to divide; to break up; to split	1971	6
内心	nèi xīn	heart; innermost being; (math.) incenter	1974	3
发出	fā chū	to issue (an order, decree etc); to send out; to dispatch; to produce (a sound); to let out (a laugh)	1978	3
罪	zuì	guilt; crime; fault	1978	6
那时	nà shí	then; at that time; in those days	1980	2
实际	shí jì	reality; practice; practical	1981	2
显著	xiǎn zhù	outstanding; notable; remarkable	1981	4
美女	měi nǚ	beautiful woman	1982	4
心中	xīn zhōng	central point; in one's thoughts; in one's heart	1983	2
觉	jué	to feel; to find that; thinking	1983	6
屋	wū	(bound form) house; (bound form) room	1984	5
袭击	xí jī	attack (esp. surprise attack); raid; to attack	1984	7
承诺	chéng nuò	to promise; to undertake to do something; commitment	1985	6
尽快	jǐn kuài	as quickly as possible; as soon as possible	1987	4
药物	yào wù	medicaments; pharmaceuticals; medication	1991	4
赶紧	gǎn jǐn	hurriedly; without delay	1994	3
进一步	jìn yī bù	to go a step further; (develop, understand, improve etc) more; further	1996	3
车上	chē shàng	Car	1997	1
费	fèi	to cost; to spend; fee	1997	3
移动	yí dòng	to move; movement; migration	1997	4
销售	xiāo shòu	to sell; to market; sales (representative, agreement etc)	1999	4
太阳	tài yang	sun	2001	2
灯	dēng	lamp; light; lantern	2001	2
呼吸	hū xī	to breathe	2003	4
可怕	kě pà	awful; dreadful; fearful	2006	2
确认	què rèn	to confirm; to verify; confirmation	2006	4
感染	gǎn rǎn	to infect; infection; (fig.) to influence	2006	7
防	fáng	to protect; to defend; to guard against	2008	3
启动	qǐ dòng	to start (a machine); (fig.) to set in motion; to launch (an operation)	2012	5
年龄	nián líng	(a person's) age	2013	5
方便	fāng biàn	convenient; suitable; to facilitate	2014	2
爬	pá	to crawl; to climb; to get up or sit up	2016	2
一一	yī yī	one by one; one after another	2016	7
舞台	wǔ tái	(lit. and fig.) stage; arena	2023	3
差不多	chà bu duō	almost; nearly; more or less	2024	2
高中	gāo zhōng	senior high school	2025	2
灵	líng	quick; alert; efficacious	2026	7
化	huà	to make into; to change into; -ization	2027	3
出色	chū sè	remarkable; outstanding	2028	4
不必	bù bì	need not; does not have to; not necessarily	2029	3
考	kǎo	to check; to verify; to test	2030	1
现金	xiàn jīn	cash	2030	3
调整	tiáo zhěng	to adjust; adjustment; revision	2032	3
算是	suàn shì	considered to be; at last	2032	6
可惜	kě xī	it is a pity; what a pity; unfortunately	2035	5
滴	dī	a drop; to drip	2035	6
糖	táng	sugar; sweets; candy	2036	3
冰	bīng	ice; to chill sth; (of an object or substance) to feel cold	2036	4
砸	zá	to smash; to pound; to fail	2037	7
许	xǔ	to allow; to permit; to promise	2038	7
英语	yīng yǔ	English (language)	2039	2
九	jiǔ	nine; 9	2040	1
阳光	yáng guāng	sunshine; (of personality) upbeat; energetic; transparent (open to public scrutiny)	2043	3
领	lǐng	neck; collar; to lead	2044	3
滚	gǔn	to boil; to roll; to take a hike	2046	5
党	dǎng	party; association; club	2047	6
结	jié	knot; sturdy; bond	2051	4
空气	kōng qì	air; atmosphere	2055	2
回忆	huí yì	to recall; memories	2055	5
逃	táo	to escape; to run away; to flee	2056	5
以下	yǐ xià	that level or lower; that amount or less; the following	2058	2
婚姻	hūn yīn	matrimony; wedding; marriage	2058	7
打击	dǎ jī	to hit; to strike; to attack	2059	5
喊	hǎn	to yell; to shout; to call out for (a person)	2060	2
讲话	jiǎng huà	a speech; to speak; to talk	2064	2
大多数	dà duō shù	(great) majority	2065	2
之外	zhī wài	outside; excluding	2066	5
材料	cái liào	(raw) material; data; (fig.) person who has the potential to do the job	2069	4
熟悉	shú xī	to be familiar with; to know well	2070	5
随便	suí biàn	as one wishes; as one pleases; at random	2071	2
宣传	xuān chuán	to disseminate; to give publicity to; propaganda	2072	3
紧急	jǐn jí	urgent; emergency	2072	3
撞	zhuàng	to knock against; to bump into; to run into	2075	5
优势	yōu shì	superiority; dominance; advantage	2080	3
转移	zhuǎn yí	to shift; to relocate; to transfer; (fig.) to shift (attention); to change (the subject etc); (medicine) to metastasize	2080	4
印	yìn	to print; to mark; to engrave	2082	6
烦	fán	to feel vexed; to bother; to trouble	2084	4
随时	suí shí	at any time; at all times; at the right time; whenever necessary	2085	2
付出	fù chū	to pay; to expend; to invest (energy or time)	2087	4
卷	juàn	scroll; book; volume	2089	4
时期	shí qī	period; phase	2090	6
互相	hù xiāng	each other; mutually; mutual	2091	3
哎	āi	hey!; (interjection used to attract attention or to express surprise or disapprobation)	2092	7
妹妹	mèi mei	younger sister; young woman	2093	1
科技	kē jì	science and technology	2094	3
剧	jù	theatrical work (play, opera, TV series etc); dramatic (change, increase etc); acute	2094	6
透	tòu	(bound form) to penetrate; to seep through; to tell secretly; to leak; thoroughly; through and through	2096	4
好运	hǎo yùn	good luck	2099	5
治	zhì	to rule; to govern; to manage	2101	4
措施	cuò shī	measure; step	2102	4
合适	hé shì	suitable; fitting; appropriate	2104	2
失望	shī wàng	disappointed; to lose hope; to despair	2106	4
狂	kuáng	mad; wild; violent	2107	5
印象	yìn xiàng	impression (sth that stays in one's mind); a memory	2109	3
导演	dǎo yǎn	to direct; director (film etc)	2109	3
相同	xiāng tóng	identical; same	2110	2
烟	yān	cigarette or pipe tobacco; smoke; mist	2110	3
号码	hào mǎ	number	2110	4
酷	kù	ruthless; strong (e.g. of wine); (loanword) cool	2111	6
出生	chū shēng	to be born	2112	2
生意	shēng yì	life force; vitality	2112	3
生气	shēng qì	to get angry; to take offense; angry	2113	1
赶	gǎn	to overtake; to catch up with; to hurry; to rush; to try to catch (the bus etc)	2113	3
存	cún	to exist; to deposit; to store	2114	3
利益	lì yì	benefit; (in sb's) interest	2117	4
生物	shēng wù	organism; living creature; life form	2117	7
评价	píng jià	to evaluate; to assess	2119	3
桥	qiáo	bridge	2120	3
迷	mí	to bewilder; crazy about; fan	2123	3
以上	yǐ shàng	that level or higher; that amount or more; the above-mentioned	2124	2
形象	xíng xiàng	image; form; figure	2124	3
名单	míng dān	list of names	2125	2
方案	fāng àn	plan; program (for action etc); proposal	2126	4
欠	qiàn	to owe; to lack; (literary) to be deficient in	2126	5
上去	shàng qù	to go up	2127	3
主题	zhǔ tí	theme; subject	2127	4
仅仅	jǐn jǐn	barely; only; merely	2128	3
商业	shāng yè	business; trade; commerce	2129	3
人士	rén shì	person; figure; public figure	2129	5
答应	dā ying	to answer; to respond; to answer positively; to agree; to accept; to promise	2130	2
拖	tuō	to drag; to tow; to trail	2130	6
到达	dào dá	to reach; to arrive	2131	3
娘	niáng	mother; young lady; (coll.) effeminate	2131	7
主任	zhǔ rèn	director; head	2133	3
公园	gōng yuán	park (for public recreation)	2134	2
集团	jí tuán	group; bloc; corporation	2134	5
基础	jī chǔ	base; foundation; basis; basic; fundamental	2135	3
功能	gōng néng	function; capability	2138	3
为止	wéi zhǐ	until; (used in combination with words like 到 or 至 in constructs of the form 到...到...为止)	2138	5
避免	bì miǎn	to avert; to prevent; to avoid	2140	4
且	qiě	and; moreover; yet	2144	7
红色	hóng sè	red (color); revolutionary	2146	2
生产	shēng chǎn	to produce; to manufacture; to give birth to a child	2146	3
适应	shì yìng	to adapt; to fit; to suit	2147	3
量	liàng	capacity; quantity; amount	2147	4
热情	rè qíng	cordial; enthusiastic; passion	2149	2
试验	shì yàn	experiment; test; to experiment	2151	3
进展	jìn zhǎn	to make headway; to make progress	2151	3
女士	nǚ shì	lady; madam; Miss	2155	4
成长	chéng zhǎng	to mature; to grow; growth	2157	3
性感	xìng gǎn	sex appeal; eroticism; sexuality	2157	6
闹	nào	noisy; cacophonous; to make noise	2160	4
塞	sāi	to stop up; to squeeze in; to stuff	2163	6
赚	zhuàn	to earn; to make a profit	2163	6
游	yóu	to walk; to tour; to roam	2164	3
彼此	bǐ cǐ	each other; one another	2165	5
猜	cāi	to guess	2168	5
推荐	tuī jiàn	to recommend; recommendation	2168	7
到处	dào chù	everywhere	2171	2
指导	zhǐ dǎo	to guide; to give directions; to direct	2171	3
食品	shí pǐn	foodstuff; food; provisions	2176	3
系列	xì liè	series; set	2176	4
品牌	pǐn pái	brand name; trademark	2178	6
放下	fàng xià	to lay down; to put down; to let go of	2179	2
地上	dì shang	on the ground; on the floor	2185	1
大约	dà yuē	approximately; probably	2186	3
上午	shàng wǔ	morning	2188	1
原则	yuán zé	principle; doctrine	2188	4
盖	gài	lid; top; cover	2188	4
联合	lián hé	to combine; to join; unite	2190	3
检测	jiǎn cè	to detect; to test; detection	2191	4
铁	tiě	iron (metal); arms; weapons	2193	3
注	zhù	to inject; to pour into; to concentrate	2196	7
炒	chǎo	to sauté; to stir-fry; to speculate	2197	6
奖	jiǎng	prize; award; encouragement	2198	4
塔	tǎ	pagoda; tower; minaret	2198	6
录	lù	diary; record; to hit	2200	3
视频	shì pín	video	2203	5
提前	tí qián	to shift to an earlier date; to do sth ahead of time; in advance	2206	3
一会儿	yī huì r	a moment; a while; in a moment	2207	1
组合	zǔ hé	to assemble; to combine; to compose	2208	3
微笑	wēi xiào	smile; to smile	2208	4
真相	zhēn xiàng	the truth about sth; the actual facts	2208	5
列	liè	to arrange; to line up; file	2209	4
暂时	zàn shí	temporary; provisional; for the time being	2209	5
观点	guān diǎn	point of view; viewpoint; standpoint	2211	2
惊喜	jīng xǐ	nice surprise; to be pleasantly surprised	2211	6
强烈	qiáng liè	strong; intense	2212	3
积极	jī jí	active; energetic; vigorous	2212	3
争取	zhēng qǔ	to fight for; to strive for; to win over	2213	3
公平	gōng píng	fair; impartial	2218	2
搭	dā	to put up; to build (scaffolding); to hang (clothes on a pole)	2220	6
高级	gāo jí	high level; high grade; advanced	2221	2
早就	zǎo jiù	already at an earlier time	2223	2
有着	yǒu zhe	to have; to possess	2225	5
洞	dòng	cave; hole; zero (unambiguous spoken form when spelling out numbers)	2225	5
的话	de huà	if (coming after a conditional clause)	2226	2
良好	liáng hǎo	good; favorable; well	2227	4
病毒	bìng dú	virus	2227	5
权力	quán lì	power; authority	2229	6
骑	qí	to sit astride; to ride (a horse, bike etc); classifier for saddle horses	2231	2
思考	sī kǎo	to reflect on; to ponder over	2231	4
报纸	bào zhǐ	newspaper; newsprint	2232	2
夫人	fū ren	lady; madam; Mrs.	2235	4
响	xiǎng	echo; sound; noise	2237	2
汤	tāng	soup; hot or boiling water; decoction of medicinal herbs	2237	3
贵	guì	expensive; noble; precious	2239	1
收入	shōu rù	to take in; income; revenue	2243	2
签	qiān	to sign one's name; to write brief comments on a document; inscribed bamboo stick (variant of 签)	2244	5
毫无	háo wú	not in the least; to completely lack	2244	7
河	hé	river	2245	2
恐怕	kǒng pà	fear; to dread; I'm afraid that...	2245	3
制	zhì	system; to control; to regulate	2245	7
搬	bān	to move (i.e. relocate oneself); to move (sth relatively heavy or bulky); to shift	2254	3
练	liàn	to practice; to train; to drill	2255	2
自从	zì cóng	since (a time); ever since	2256	3
价	jie	great; good; middleman	2258	5
泡	pào	bubble; foam; blister; to soak; to steep; to infuse	2258	6
尝试	cháng shì	to try; to attempt	2262	5
爽	shuǎng	bright; clear; crisp	2263	6
户	hù	a household; door; family	2265	4
记住	jì zhu	to remember; to bear in mind; to learn by heart	2266	1
下次	xià cì	next time	2268	1
命运	mìng yùn	fate; destiny	2268	3
疾病	jí bìng	disease; sickness; ailment	2270	6
女子	nǚ zǐ	woman; female	2271	3
仔细	zǐ xì	careful; attentive; cautious; to be careful; to look out	2274	5
供	gōng	to provide; to supply	2274	7
类似	lèi sì	similar; analogous	2276	3
凭	píng	to lean against; to rely on; on the basis of	2277	5
归	guī	to return; to go back to; to give back to	2278	4
尽量	jǐn liàng	as much as possible; to the greatest extent	2279	3
严格	yán gé	strict; stringent; tight	2279	4
及时	jí shí	timely; at the right time; promptly; without delay	2280	3
娱乐	yú lè	to entertain; to amuse; entertainment	2283	6
知识	zhī shi	knowledge; intellectual	2284	1
不然	bù rán	not so; no; or else	2285	4
专门	zhuān mén	specialist; specialized; customized	2288	3
资格	zī gé	qualifications; seniority	2290	3
胸	xiōng	chest; bosom; heart	2291	5
企业	qǐ yè	company; firm; enterprise; corporation	2296	4
探	tàn	to explore; to search out; to scout	2298	7
工具	gōng jù	tool; instrument; utensil	2299	3
嫁	jià	(of a woman) to marry; to marry off a daughter; to shift (blame etc)	2300	7
追求	zhuī qiú	to pursue (a goal etc) stubbornly; to seek after; to woo	2302	4
聊	liáo	to chat; to depend upon (literary); temporarily	2302	6
脱	tuō	to shed; to take off; to escape	2303	4
命令	mìng lìng	order; command	2305	5
欣赏	xīn shǎng	to appreciate; to enjoy; to admire	2305	5
政策	zhèng cè	policy	2305	6
神经	shén jīng	nerve; mental state; (coll.) unhinged	2307	5
机场	jī chǎng	airport; airfield; (slang) service provider for Shadowsocks or similar software for circumventing Internet censorship	2308	1
高度	gāo dù	height; altitude; elevation	2308	5
快速	kuài sù	fast; high-speed; rapid	2309	3
挑	tiǎo	to raise; to dig up; to poke	2310	4
举	jǔ	to lift; to hold up; to cite	2311	2
放松	fàng sōng	to relax; to slacken; to loosen	2311	4
碎	suì	(transitive or intransitive verb) to break into pieces; to shatter; to crumble; broken; fragmentary; scattered; garrulous	2313	5
连续	lián xù	continuous; in a row; serial	2315	3
阻止	zǔ zhǐ	to prevent; to block	2318	4
老公	lǎo gōng	(coll.) husband	2319	4
资源	zī yuán	natural resource (such as water or minerals); resource (such as manpower or tourism)	2319	4
多久	duō jiǔ	(of time) how long?; (not) a long time	2322	2
决赛	jué sài	finals (of a competition)	2326	3
厂	chǎng	factory; yard; depot	2329	3
法庭	fǎ tíng	court of law	2329	6
主席	zhǔ xí	chairperson; premier; chairman	2330	4
踢	tī	to kick; to play (e.g. soccer); (slang) butch (in a lesbian relationship)	2330	6
苦	kǔ	bitter; hardship; pain	2331	4
租	zū	to hire; to rent; to charter	2332	2
形成	xíng chéng	to form; to take shape	2335	3
一辈子	yī bèi zi	(for) a lifetime	2335	5
同事	tóng shì	colleague; co-worker	2337	2
全世界	quán shì jiè	worldwide; entire world	2337	5
联盟	lián méng	alliance; union; coalition	2339	6
球队	qiú duì	sports team (basketball, soccer, football etc)	2340	2
吸	xī	to breathe; to suck in; to absorb	2340	4
舒服	shū fu	comfortable; feeling well	2343	2
箱	xiāng	box; trunk; chest	2345	4
行业	háng yè	trade; profession; industry; business	2346	4
上周	shàng zhōu	last week	2348	2
士兵	shì bīng	soldier	2348	4
背后	bèi hòu	behind; at the back; in the rear	2349	3
配合	pèi hé	matching; fitting in with; compatible with	2349	3
单位	dān wèi	unit (of measure); unit (group of people as a whole); work unit (place of employment, esp. in the PRC prior to economic reform)	2350	2
说法	shuō fa	way of speaking; wording; formulation	2350	5
评论	píng lùn	to comment on; to discuss; comment	2351	5
母	mǔ	mother; elderly female relative; origin	2351	6
显得	xiǎn de	to seem; to look; to appear	2352	3
亲自	qīn zì	personally; in person; oneself	2353	3
物质	wù zhì	matter; substance; material	2353	5
体育	tǐ yù	sports; physical education	2354	2
公共	gōng gòng	public; common; communal	2356	3
学院	xué yuàn	college; educational institute; school	2360	1
黑色	hēi sè	black	2362	2
承担	chéng dān	to undertake; to assume (responsibility etc)	2363	4
面临	miàn lín	to face sth; to be confronted with	2363	4
费用	fèi yòng	cost; expenditure; expense	2364	3
神秘	shén mì	mysterious; mystery	2364	4
自动	zì dòng	automatic; voluntarily	2365	3
道路	dào lù	road; path; way	2367	2
大人	dà ren	adult; grownup; title of respect toward superiors	2368	2
明确	míng què	clear-cut; definite; explicit; to clarify; to specify; to make definite	2369	3
角	jiǎo	angle; corner; horn	2370	2
结合	jié hé	to combine; to link; to integrate	2371	3
仪式	yí shì	ceremony	2371	6
当中	dāng zhōng	among; in the middle; in the center	2374	3
能否	néng fǒu	whether or not; can it or can't it; is it possible?	2376	6
男子	nán zǐ	a man; a male	2377	3
下降	xià jiàng	to decline; to drop; to fall	2377	4
登记	dēng jì	to register (one's name)	2377	4
躲	duǒ	to hide; to dodge; to avoid	2378	5
冒	mào	to emit; to give off; to send out (or up, forth)	2381	5
进攻	jìn gōng	to attack; to assault; to go on the offensive	2382	6
绿色	lǜ sè	green	2383	2
来源	lái yuán	source (of information etc); origin	2383	4
旅行	lǚ xíng	to travel; journey; trip	2385	2
烂	làn	soft; mushy; well-cooked and soft; to rot; to decompose	2387	5
公路	gōng lù	highway; road	2388	2
生存	shēng cún	to exist; to survive	2389	3
充分	chōng fèn	ample; sufficient; adequate	2392	4
老人	lǎo rén	old man or woman; the elderly; one's aged parents or grandparents	2395	1
再说	zài shuō	to say again; to put off a discussion until later; moreover	2395	6
胖	pán	healthy; at ease	2396	3
批	pī	to ascertain; to act on; to criticize	2398	4
除	chú	to get rid of; to remove; to exclude	2398	6
主人	zhǔ rén	master; host; owner	2399	2
土	tǔ	earth; dust; clay	2399	3
经典	jīng diǎn	the classics; scriptures; classical	2400	4
尤其	yóu qí	especially; particularly	2400	5
法院	fǎ yuàn	court of law; court	2401	4
醉	zuì	intoxicated	2402	5
负	fù	to bear; to carry (on one's back); to turn one's back on	2403	6
并非	bìng fēi	really isn't	2403	7
非法	fēi fǎ	illegal	2403	7
页	yè	page; leaf	2404	1
工人	gōng rén	worker	2405	1
信心	xìn xīn	confidence; faith (in sb or sth)	2405	2
扔	rēng	to throw; to throw away	2405	5
本身	běn shēn	itself; in itself; per se	2405	6
念	niàn	to read; to study (a subject); to attend (a school)	2410	3
时光	shí guāng	time; era; period of time	2412	5
上帝	shàng dì	God	2412	6
端	duān	end; extremity; item	2412	6
礼	lǐ	gift; rite; ceremony	2414	5
那边	nà bian	over there; yonder	2415	1
背景	bèi jǐng	background; backdrop; context; (fig.) powerful backer	2420	4
不见	bù jiàn	not to see; not to meet; to have disappeared	2421	6
扣	kòu	to fasten; to button; button	2421	6
狼	láng	wolf	2421	7
弟弟	dì di	younger brother	2424	1
进步	jìn bù	progress; improvement; to improve; to progress	2425	3
博士	bó shì	doctor; court academician (in feudal China); Ph.D.	2425	5
故意	gù yì	deliberately; on purpose	2426	2
闻	wén	to hear; news; well-known	2427	2
对待	duì dài	to treat; treatment	2429	3
干净	gān jìng	clean; neat	2430	1
看法	kàn fǎ	way of looking at a thing; view; opinion	2435	2
村	cūn	village	2435	3
大会	dà huì	general assembly; general meeting; convention	2435	4
或是	huò shì	or; either one or the other	2438	5
浪漫	làng màn	romantic	2439	5
现象	xiàn xiàng	phenomenon; appearance	2440	3
减少	jiǎn shǎo	to lessen; to decrease; to reduce; to lower	2443	4
在家	zài jiā	to be at home; (at a workplace) to be in (as opposed to being away on official business 差); (Buddhism etc) to remain a layman (as opposed to becoming a monk or a nun 家)	2444	1
实力	shí lì	strength	2445	3
道德	dào dé	virtue; morality; ethics	2445	5
球员	qiú yuán	(ball sports) player; team member	2445	6
编辑	biān jí	to edit; to compile; editor	2447	5
缺	quē	deficiency; lack; scarce	2448	3
私人	sī rén	private; personal; interpersonal	2449	5
证实	zhèng shí	to confirm (sth to be true); to verify	2449	5
辛苦	xīn kǔ	exhausting; hard; tough	2449	5
挖	wā	to dig; to excavate; to scoop out	2449	6
一路	yī lù	the whole journey; all the way; going the same way	2451	5
剩	shèng	to remain; to be left; to have as remainder	2453	5
要么	yào me	or; either one or the other	2454	6
百	bǎi	hundred; numerous; all kinds of	2455	1
放心	fàng xīn	to feel relieved; to feel reassured; to be at ease	2458	2
领域	lǐng yù	domain; sphere; field	2459	7
拼	pīn	to piece together; to join together; to stake all	2461	5
恶心	ě xīn	nausea; to feel sick; disgust	2463	4
盯	dīng	to watch attentively; to fix one's attention on; to stare at	2464	7
将军	jiāng jūn	general; high-ranking military officer; to check or checkmate	2465	6
草	cǎo	grass; straw; manuscript	2467	2
透露	tòu lù	to leak out; to divulge; to reveal	2467	6
湖	hú	lake	2468	2
正好	zhèng hǎo	just (in time); just right; just enough	2469	2
兵	bīng	soldiers; a force; an army	2469	4
院	yuàn	courtyard; institution	2470	2
主动	zhǔ dòng	to take the initiative; to do sth of one's own accord; spontaneous	2470	3
甜	tián	sweet	2472	3
网上	wǎng shàng	online	2474	1
服装	fú zhuāng	dress; clothing; costume	2475	3
形式	xíng shì	outer appearance; form; shape	2476	3
硬	yìng	hard; stiff; solid; (fig.) strong; firm; resolutely; uncompromisingly	2476	5
回复	huí fù	to reply; to recover; to return (to a previous condition)	2477	4
毕竟	bì jìng	after all; all in all; when all is said and done	2477	5
居民	jū mín	resident; inhabitant	2479	4
限制	xiàn zhì	to restrict; to limit; to confine	2479	4
判断	pàn duàn	to judge; to determine; judgment	2480	3
恭喜	gōng xǐ	to congratulate; (interj.) congratulations!	2480	7
万一	wàn yī	just in case; if by any chance; contingency	2483	4
尸体	shī tǐ	dead body; corpse; carcass	2483	7
好吃	hǎo chī	tasty; delicious	2484	1
再见	zài jiàn	goodbye	2487	1
明年	míng nián	next year	2487	1
如今	rú jīn	nowadays; now	2487	4
前往	qián wǎng	to leave for; to proceed towards; to go to	2491	3
相互	xiāng hù	each other; mutual	2492	3
侧	cè	the side; to incline towards; to lean	2493	6
分手	fēn shǒu	to part company; to split up; to break up	2494	4
妹	mèi	younger sister	2496	1
恋爱	liàn ài	(romantic) love; in love; to have an affair	2496	5
成立	chéng lì	to establish; to set up; to be tenable	2498	3
只不过	zhǐ bu guò	only; merely; nothing but	2500	5
歌曲	gē qǔ	song	2500	5
团队	tuán duì	team	2500	6
安静	ān jìng	quiet; peaceful; calm	2501	2
模式	mó shì	mode; method; pattern	2502	5
闭	bì	to close; to stop up; to shut	2503	6
异常	yì cháng	unusual; abnormal; extremely; exceptionally	2505	6
牙	yá	tooth; ivory	2506	4
粉	fěn	powder; cosmetic face powder; food prepared from starch; noodles or pasta made from any kind of flour	2506	7
细节	xì jié	details; particulars	2507	4
足	zú	foot; to be sufficient; ample	2507	6
曲	qū	bent; crooked; wrong	2509	7
现代	xiàn dài	modern times; modern age; modern era	2512	3
档案	dàng àn	file; record; archive	2512	6
唉	āi	interjection or grunt of agreement or recognition (e.g. yes, it's me!); to sigh	2512	7
设	shè	to set up; to put in place; (math.) given; suppose; if	2512	7
维持	wéi chí	to keep; to maintain; to preserve	2514	4
协会	xié huì	an association; a society	2517	6
弹	tán	to pluck (a string); to play (a string instrument); to spring or leap	2520	5
公	gōng	public; collectively owned; common	2520	6
道理	dào li	reason; argument; sense	2521	2
这儿	zhè r	here	2522	1
有趣	yǒu qù	interesting; fascinating; amusing	2524	4
迅速	xùn sù	rapid; speedy; fast	2524	4
似的	shì de	seems as if; rather like; Taiwan pr. [sì de]	2525	4
公里	gōng lǐ	kilometer	2531	2
工资	gōng zī	wages; pay	2532	3
必	bì	certainly; must; will	2532	5
细胞	xì bāo	cell (biology)	2532	6
托	tuō	prop; support (for weight); rest (e.g. arm rest)	2533	6
哪儿	nǎ r	where?; wherever; anywhere; somewhere; (used in rhetorical questions) how can ...?; how could ...?	2534	1
好处	hǎo chu	benefit; advantage; merit; gain; profit; also pr. [hǎo chù]	2534	2
旅游	lǚ yóu	trip; journey; tourism	2534	2
出席	chū xí	to attend; to participate; present	2535	4
一面	yī miàn	one side; one aspect; simultaneously... (and...)	2535	7
症状	zhèng zhuàng	symptom (of an illness)	2536	6
试图	shì tú	to attempt; to try	2537	5
患者	huàn zhě	patient; sufferer	2539	6
拨	bō	to push aside with the hand, foot, a stick etc; to dial; to allocate	2539	7
深刻	shēn kè	profound; deep; deep-going	2542	3
伤心	shāng xīn	to grieve; to be broken-hearted; to feel deeply hurt	2543	3
庆祝	qìng zhù	to celebrate	2543	3
婚礼	hūn lǐ	wedding ceremony; wedding	2548	4
艘	sōu	classifier for ships; Taiwan pr. [sāo]	2548	7
眼前	yǎn qián	before one's eyes; now; at present	2549	3
足球	zú qiú	soccer ball; a football; soccer	2550	3
全面	quán miàn	all-around; comprehensive; total	2552	3
体验	tǐ yàn	to experience for oneself	2553	3
财产	cái chǎn	property; assets; estate	2556	4
坚强	jiān qiáng	staunch; strong	2557	3
话题	huà tí	subject (of a talk or conversation); topic	2557	3
玻璃	bō li	glass; (slang) male homosexual	2557	5
古	gǔ	ancient; old; paleo-	2558	3
军事	jūn shì	military affairs; (attributive) military	2560	6
苹果	píng guǒ	apple	2562	3
杆	gǎn	stick; pole; lever	2562	6
咬	yǎo	to bite; to nip	2563	5
银	yín	silver; silver-colored; relating to money or currency	2564	3
区别	qū bié	difference; to distinguish; to discriminate	2566	3
刺	cì	thorn; sting; thrust	2566	4
粉丝	fěn sī	bean vermicelli; mung bean starch noodles; Chinese vermicelli	2568	7
合法	hé fǎ	lawful; legitimate; legal	2570	3
至于	zhì yú	as for; as to; to go so far as to	2570	6
所在	suǒ zài	place; location; (after a noun) place where it is located	2572	5
作业	zuò yè	school assignment; homework; work	2574	2
羊	yáng	sheep; goat	2574	3
家长	jiā zhǎng	head of a household; family head; patriarch	2575	2
工程	gōng chéng	engineering; an engineering project; project	2579	4
灵魂	líng hún	soul; spirit	2579	7
肥	féi	fat; fertile; loose-fitting or large	2580	4
镜头	jìng tóu	camera lens; camera shot (in a movie etc); scene	2581	4
患	huàn	to suffer (from illness); to contract (a disease); misfortune	2581	7
实施	shí shī	to implement; to carry out	2584	4
湿	shī	moist; wet	2585	4
贷款	dài kuǎn	a loan; to provide a loan (e.g. bank); to raise a loan (from e.g. a bank)	2589	5
枚	méi	classifier for coins, rings, badges, pearls, sporting medals, rockets, satellites etc; tree trunk; whip	2591	7
缺乏	quē fá	to lack; to be short of	2593	5
暗	àn	dark; to turn dark; secret; hidden	2594	4
诗	shī	poem; poetry; verse	2594	4
瘦	shòu	thin; to lose weight; (of clothing) tight	2595	5
凌晨	líng chén	very early in the morning; in the wee hours	2595	7
绝	jué	to cut short; extinct; to disappear	2597	6
不对	bù duì	incorrect; wrong; amiss	2598	1
类型	lèi xíng	type; kind; category; (computer programming) type	2598	4
中午	zhōng wǔ	noon; midday	2600	1
将来	jiāng lái	in the future; future; the future	2601	3
勒	lè	to rein in; to compel; to force	2605	7
锁	suǒ	to lock; to lock up; a lock	2607	5
绿	lǜ	green; (slang) (derived from 绿帽子) to cheat on (one's spouse or boyfriend or girlfriend)	2608	2
重复	chóng fù	to repeat; to duplicate	2608	2
造	zào	to make; to build; to manufacture	2608	3
聊天	liáo tiān	to chat; to gossip	2609	4
自信	zì xìn	to have confidence in oneself; self-confidence	2610	4
个性	gè xìng	individuality; personality	2614	3
批准	pī zhǔn	to approve; to ratify	2614	3
害	hài	to do harm to; to cause trouble to; harm	2616	5
前进	qián jìn	to go forward; to forge ahead; to advance	2618	3
他人	tā rén	another person; sb else; other people	2618	7
素	sù	raw silk; white; plain, unadorned	2618	7
淘汰	táo tài	to wash out; (fig.) to cull; to weed out	2620	7
啤酒	pí jiǔ	beer (loanword)	2622	3
立	lì	to stand; to set up; to establish	2622	5
骂	mà	to scold; to abuse; to curse	2622	5
小说	xiǎo shuō	novel; fiction	2624	2
机器	jī qì	machine	2625	3
料	liào	material; stuff; grain	2626	6
公众	gōng zhòng	public	2628	6
释放	shì fàng	to release; to set free; to liberate (a prisoner)	2630	7
稍	shāo	somewhat; a little	2631	5
教师	jiào shī	teacher	2635	2
获胜	huò shèng	victorious; to win; to triumph	2635	7
守	shǒu	to guard; to defend; to keep watch	2638	4
滑	huá	to slip; to slide; slippery; smooth; sly; slippery; not to be trusted	2639	5
操作	cāo zuò	to work; to operate; to manipulate	2640	4
白色	bái sè	white; fig. reactionary; anti-communist	2643	2
达成	dá chéng	to reach (an agreement); to accomplish	2644	5
起床	qǐ chuáng	to get out of bed; to get up	2645	1
鼓励	gǔ lì	to encourage	2649	5
蛋糕	dàn gāo	cake	2650	5
新鲜	xīn xiān	fresh (experience, food etc); freshness; novel	2651	4
标志	biāo zhì	sign; mark; symbol	2653	4
是不是	shì bù shì	is or isn't; yes or no; whether or not	2655	1
公布	gōng bù	to announce; to make public; to publish	2655	3
工厂	gōng chǎng	factory	2656	3
本人	běn rén	I; me; myself; oneself; yourself; himself; herself; the person concerned	2656	5
理想	lǐ xiǎng	an ideal; a dream; ideal	2661	2
指出	zhǐ chū	to indicate; to point out	2661	3
撒	sā	to let go; to cast; to let loose	2662	7
心脏	xīn zàng	heart	2663	6
嗨	hāi	oh alas; hey!; hi! (loanword)	2664	6
后悔	hòu huǐ	to regret; to feel remorse	2667	5
举办	jǔ bàn	to conduct; to hold	2669	3
开车	kāi chē	to drive a car	2670	1
斗争	dòu zhēng	a struggle; fight; battle	2672	6
家族	jiā zú	family; clan	2672	7
人才	rén cái	talent; talented person; looks	2673	3
看上去	kàn shang qu	it would appear; it seems (that)	2674	3
感动	gǎn dòng	to move (sb); to touch (sb emotionally); moving	2676	2
黄金	huáng jīn	gold; golden (opportunity); prime (time)	2676	4
出租车	chū zū chē	taxi; (Tw) rental car	2677	2
魅力	mèi lì	charm; fascination; glamor	2677	7
好事	hǎo shì	good action, deed, thing or work (also sarcastic, "a fine thing indeed"); charity; happy occasion	2679	2
给予	jǐ yǔ	(literary) to give; to accord; to render	2680	6
提到	tí dào	to mention; to raise (a subject); to refer to	2683	2
获	huò	(literary) to catch; to capture; (literary) to get; to obtain; to win	2683	4
不如	bù rú	not equal to; not as good as; inferior to	2684	2
舞蹈	wǔ dǎo	dance (performance art); dancing	2684	6
指挥	zhǐ huī	to conduct; to command; to direct	2687	4
题	tí	topic; problem for discussion; exam question	2690	2
伙伴	huǒ bàn	partner; companion; comrade	2698	4
突破	tū pò	to break through; to make a breakthrough; to surmount (an obstacle)	2698	5
露	lù	dew; syrup; nectar	2700	6
因素	yīn sù	element; factor	2704	6
顾客	gù kè	customer; client	2706	2
为此	wèi cǐ	for this reason; with regards to this; in this respect	2706	6
单身	dān shēn	unmarried; single	2710	7
发布	fā bù	to release; to issue; to announce	2711	5
环	huán	ring; hoop; loop	2712	3
忍	rěn	to bear; to endure; to tolerate	2712	5
干什么	gàn shén me	what are you doing?; what's he up to?	2714	1
难过	nán guò	to feel sad; to feel unwell; (of life) to be difficult	2714	2
双方	shuāng fāng	bilateral; both sides; both parties involved	2714	3
摸	mō	to feel with the hand; to touch; to stroke	2716	4
组成	zǔ chéng	to form; to make up; to constitute	2717	2
回头	huí tóu	to turn round; to turn one's head; later; by and by	2717	5
离婚	lí hūn	to divorce	2723	3
退出	tuì chū	to withdraw; to abort; to quit	2723	3
流行	liú xíng	(of a contagious disease etc) to spread; to propagate; (of a style of clothing, song etc) popular	2724	2
支付	zhī fù	to pay (money)	2724	3
法官	fǎ guān	judge (in court)	2726	4
赶快	gǎn kuài	quickly; at once	2729	3
嘿	hēi	hey	2729	7
股票	gǔ piào	share certificate; stock (finance)	2731	6
哼	hēng	to groan; to snort; to hum	2732	7
送给	sòng gěi	to send; to give as a present	2733	2
真心	zhēn xīn	sincere; heartfelt	2734	7
脑袋	nǎo dai	head; skull; brains	2736	4
血液	xuè yè	blood	2736	6
整理	zhěng lǐ	to arrange; to tidy up; to sort out	2737	3
主管	zhǔ guǎn	in charge; responsible for; person in charge	2737	5
库	kù	warehouse; storehouse; (file) library	2737	5
吵	chǎo	to quarrel; to make a noise; noisy	2738	3
不久	bù jiǔ	not long (after); before too long; soon	2739	2
丰富	fēng fù	to enrich; rich; plentiful	2739	3
动力	dòng lì	motive power; force; (fig.) motivation	2740	3
答	dá	to answer; to reply; to respond	2744	5
形	xíng	to appear; to look; form	2745	6
奖励	jiǎng lì	to reward; reward (as encouragement)	2746	5
之下	zhī xià	under; beneath; less than	2749	5
熊	xióng	bear; (coll.) to scold; to rebuke	2749	5
客人	kè rén	visitor; guest; customer	2750	2
温暖	wēn nuǎn	warm	2753	3
原谅	yuán liàng	to excuse; to forgive; to pardon	2754	6
祝福	zhù fú	blessings; to wish sb well	2756	4
奶	nǎi	breast; milk; to breastfeed	2758	1
承受	chéng shòu	to bear; to support; to inherit	2759	4
门口	mén kǒu	doorway; gate	2762	1
齐	qí	neat; even; level with	2763	3
肚子	dù zi	belly; abdomen; stomach	2763	4
公主	gōng zhǔ	princess	2764	6
市民	shì mín	city resident	2765	6
人口	rén kǒu	population; people	2767	2
松	sōng	loose; to loosen; to relax	2768	4
咨询	zī xún	to consult; to seek advice; consultation	2768	6
表面	biǎo miàn	surface; face; outside	2771	3
地位	dì wèi	position; status; place	2771	4
常常	cháng cháng	frequently; often	2773	1
剂	jì	dose (medicine)	2773	7
这边	zhè biān	this side; here	2774	1
埋	mái	to bury	2776	6
大赛	dà sài	grand contest	2776	6
平时	píng shí	ordinarily; in normal times; in peacetime	2780	2
青	qīng	green; blue; black	2780	5
顺	shùn	to obey; to follow; to arrange	2780	6
登	dēng	to scale (a height); to ascend; to mount	2782	4
男生	nán shēng	schoolboy; male student; boy	2784	1
不幸	bù xìng	misfortune; adversity; unfortunate	2784	5
比如说	bǐ rú shuō	for example	2785	2
结构	jié gòu	structure; composition; makeup	2786	4
率	shuài	to lead; to command; rash	2786	7
能量	néng liàng	energy; capabilities	2787	5
妇女	fù nǚ	woman	2790	6
火车	huǒ chē	train	2791	1
领先	lǐng xiān	to lead; to be in front	2791	3
辣	là	hot (spicy); pungent; (of chili pepper, raw onions etc) to sting	2791	4
矛盾	máo dùn	contradiction; conflicting views; contradictory	2794	5
野	yě	field; plain; open space	2794	6
半场	bàn chǎng	half of a game or contest; half-court	2794	7
作者	zuò zhě	author; writer	2796	3
吻	wěn	kiss; to kiss; mouth	2797	7
主义	zhǔ yì	-ism; ideology	2798	7
不好意思	bù hǎo yì si	to feel embarrassed; to find it embarrassing; to be sorry (for inconveniencing sb)	2805	2
质量	zhì liàng	quality; (physics) mass	2805	4
到来	dào lái	to arrive; arrival; advent	2807	5
清理	qīng lǐ	to clear up; to tidy up; to dispose of	2808	5
奶奶	nǎi nai	(informal) grandma (paternal grandmother); (respectful) mistress of the house; (coll.) boobies	2809	1
上升	shàng shēng	to rise; to go up; to ascend	2810	3
声明	shēng míng	to state; to declare; statement	2813	3
便宜	pián yi	cheap; inexpensive; small advantages	2814	2
围	wéi	to encircle; to surround; all around	2818	3
激情	jī qíng	passion; fervor; enthusiasm	2822	6
愉快	yú kuài	cheerful; cheerily; delightful	2823	6
从未	cóng wèi	never	2823	7
完整	wán zhěng	complete; intact	2824	3
路线	lù xiàn	itinerary; route; political line (e.g. right revisionist road)	2824	3
上次	shàng cì	last time	2829	1
碰	pèng	to touch; to meet with; to bump	2829	2
煮	zhǔ	to cook; to boil	2829	6
谈判	tán pàn	to negotiate; negotiation; talks	2830	3
成交	chéng jiāo	to complete a contract; to reach a deal	2831	5
业	yè	line of business; industry; occupation	2831	7
在乎	zài hu	to care about; equivalent of 在于	2833	4
码	mǎ	weight; number; code	2833	7
遇	yù	to meet; to encounter; to treat	2834	4
飞行	fēi xíng	(of planes etc) to fly; flying; flight	2835	3
较	jiào	to compare; to dispute; compared to	2836	3
请求	qǐng qiú	to request; to ask; request	2837	2
纪念	jì niàn	to commemorate; to honor the memory of; memento; keepsake; souvenir	2842	3
寄	jì	to send; to mail; to entrust	2842	4
造型	zào xíng	to model; to shape; appearance	2842	4
一句话	yī jù huà	in a word; in short	2843	5
福	fú	good fortune; happiness; luck	2845	3
餐	cān	meal; to eat; classifier for meals	2848	6
补	bǔ	to repair; to patch; to mend	2850	3
族	zú	race; nationality; ethnicity	2852	6
装备	zhuāng bèi	equipment; to equip; to outfit	2855	6
圣诞节	shèng dàn jié	Christmas time; Christmas season; Christmas	2857	6
障碍	zhàng ài	barrier; obstruction; hindrance	2859	6
赶到	gǎn dào	to hurry (to some place)	2860	3
全新	quán xīn	all new; completely new	2862	6
准确	zhǔn què	accurate; exact; precise	2864	2
自杀	zì shā	to kill oneself; to commit suicide; to attempt suicide	2864	5
碗	wǎn	bowl; cup	2866	2
危机	wēi jī	crisis	2869	6
负责人	fù zé rén	person in charge	2871	5
旁	páng	one side; other; different	2873	5
插	chā	to insert; stick in; pierce	2875	5
详细	xiáng xì	detailed; in detail; minute	2875	5
唱歌	chàng gē	to sing a song	2876	1
碰到	pèng dào	to come across; to run into; to meet	2877	2
公民	gōng mín	citizen	2877	3
惊	jīng	to startle; to be frightened; to be scared	2877	7
当初	dāng chū	at that time; originally	2878	3
分别	fēn bié	to part; to leave each other; to distinguish; to tell apart; difference; distinction	2885	3
情报	qíng bào	information; intelligence	2886	7
愿望	yuàn wàng	desire; wish	2889	3
线索	xiàn suǒ	trail; clues; thread (of a story)	2891	5
蓝色	lán sè	blue (color)	2892	2
引	yǐn	to draw (e.g. a bow); to pull; to stretch sth	2892	4
禁止	jìn zhǐ	to prohibit; to forbid; to ban	2897	4
降	jiàng	to drop; to fall; to come down	2897	4
懂得	dǒng de	to understand; to know; to comprehend	2899	2
圆	yuán	circle; round; circular	2899	4
尿	niào	to urinate; urine	2899	7
广场	guǎng chǎng	public square; plaza	2900	2
睡着	shuì zháo	to fall asleep	2904	4
度过	dù guò	to pass; to spend (time); to survive	2905	4
右边	yòu bian	right side; right, to the right	2906	1
冷静	lěng jìng	calm; cool-headed; dispassionate; (of a place) deserted; quiet	2908	4
地下	dì xià	underground; subterranean; covert	2908	4
好久	hǎo jiǔ	quite a while	2909	2
闪	shǎn	to dodge; to duck out of the way; to beat it	2909	4
臭	chòu	stench; smelly; to smell (bad)	2909	5
护	hù	to protect	2909	6
金属	jīn shǔ	metal	2909	7
违法	wéi fǎ	illegal; to break the law	2910	5
长期	cháng qī	long term; long time; long range (of a forecast)	2911	3
眼神	yǎn shén	expression or emotion showing in one's eyes; meaningful glance; wink	2911	7
袋	dài	pouch; bag; sack	2912	4
购物	gòu wù	shopping	2912	4
灰	huī	ash; dust; lime	2914	7
堆	duī	to pile up; to heap up; a mass	2915	5
数量	shù liàng	amount; quantity; quantitative	2916	3
男性	nán xìng	the male sex; a male	2918	5
保留	bǎo liú	to keep; to retain; to have reservations (about sth)	2921	3
品	pǐn	(bound form) article; commodity; product; goods; (bound form) grade; rank; kind; type; variety	2922	5
收集	shōu jí	to gather; to collect	2924	5
夏天	xià tiān	summer	2925	2
计	jì	to calculate; to compute; to count	2925	7
接下来	jiē xià lái	to accept; to take; next	2928	2
精	jīng	essence; extract; vitality	2931	6
早餐	zǎo cān	breakfast	2932	2
毁	huǐ	to destroy; to ruin; to defame; to slander	2932	6
图片	tú piàn	picture; photograph	2934	2
相比	xiāng bǐ	to compare	2934	3
勇敢	yǒng gǎn	brave; courageous	2934	4
深入	shēn rù	to penetrate deeply; thorough	2940	3
石油	shí yóu	oil; petroleum	2940	3
频道	pín dào	frequency; (television) channel	2941	5
情感	qíng gǎn	feeling; emotion; to move (emotionally)	2942	3
称为	chēng wéi	to be called; to be known as; to call it "..."	2946	3
车辆	chē liàng	vehicle	2947	2
使得	shǐ de	usable; workable; feasible	2959	5
当年	dāng nián	in those days; then; in those years	2959	5
斗	dòu	to fight; to struggle; to condemn	2960	7
盒	hé	small box; case	2963	5
公寓	gōng yù	apartment building; block of flats	2963	7
上学	shàng xué	to go to school; to attend school	2965	1
散	sǎn	scattered; loose; to come loose	2965	4
人群	rén qún	crowd	2966	3
依靠	yī kào	to rely on sth (for support etc); to depend on	2967	4
弱	ruò	weak; feeble; young; inferior; not as good as	2968	4
产	chǎn	to give birth; to reproduce; to produce	2970	7
不足	bù zú	insufficient; lacking; deficiency	2971	5
警告	jǐng gào	to warn; to admonish	2971	5
购买	gòu mǎi	to purchase; to buy	2972	4
业务	yè wù	business; professional work; service	2972	5
报警	bào jǐng	to sound an alarm; to report sth to the police	2972	5
战士	zhàn shì	fighter; soldier; warrior	2973	4
驾驶	jià shǐ	to pilot (ship, airplane etc); to drive	2978	5
计算	jì suàn	to count; to calculate; to compute	2980	3
开发	kāi fā	to exploit (a resource); to open up (for development); to develop	2981	3
乘	chéng	to ride; to mount; to make use of	2982	5
有意思	yǒu yì si	interesting; meaningful; enjoyable	2983	2
晕	yūn	confused; dizzy; giddy	2983	6
基因	jī yīn	gene (loanword)	2983	7
始终	shǐ zhōng	from beginning to end; all along	2984	3
甲	jiǎ	first of the ten Heavenly Stems 干; (used for an unspecified person or thing); first (in a list, as a party to a contract etc)	2984	5
就算	jiù suàn	(coll.) even if	2985	6
牛奶	niú nǎi	cow's milk	2986	1
革命	gé mìng	to withdraw the mandate of heaven (and transition to a new dynasty) (original meaning); revolution; revolutionary	2986	7
孤独	gū dú	lonely; solitary	2987	6
争	zhēng	to strive for; to vie for; to argue or debate	2989	3
针	zhēn	needle; pin; injection	2990	4
订	dìng	to agree; to conclude; to draw up	2991	3
装置	zhuāng zhì	to install; installation; equipment	2991	4
贡献	gòng xiàn	to contribute; to dedicate; to devote	2991	6
官员	guān yuán	official (in an organization or government); administrator	2991	7
赌	dǔ	to bet; to gamble	2992	6
划	huà	to delimit; to transfer; to assign	2993	4
蒙	méng	to cover; ignorant; to suffer (misfortune)	2993	6
早晨	zǎo chén	early morning; also pr. [zǎo chen]	2994	2
出版	chū bǎn	to publish	2994	5
暴力	bào lì	violence; force; violent	2995	6
出门	chū mén	to go out; to leave home; to go on a journey	2997	2
卫生	wèi shēng	health; hygiene; sanitation	3002	3
移	yí	to move; to shift; to change	3002	4
神奇	shén qí	magical; mystical; miraculous	3002	5
巧克力	qiǎo kè lì	chocolate (loanword)	3003	4
测	cè	to survey; to measure; to conjecture	3003	4
女朋友	nǚ péng you	girlfriend	3004	1
诊断	zhěn duàn	to diagnose	3008	5
剪	jiǎn	scissors; shears; clippers	3012	5
尴尬	gān gà	awkward; embarrassed	3013	7
以外	yǐ wài	apart from; other than; except for	3014	2
临时	lín shí	as the time draws near; at the last moment; temporary	3015	4
富	fù	rich; abundant; wealthy	3016	3
物品	wù pǐn	articles; goods	3016	6
做法	zuò fǎ	way of handling sth; method for making; work method	3019	2
加强	jiā qiáng	to reinforce; to strengthen; to enhance	3019	3
单独	dān dú	alone; by oneself; on one's own	3019	4
发射	fā shè	to shoot (a projectile); to fire (a rocket); to launch	3022	5
骄傲	jiāo ào	pride; arrogance; conceited	3023	6
数学	shù xué	mathematics; mathematical	3024	3
穿着	chuān zhuó	attire; clothes; dress	3024	7
脑子	nǎo zi	brains; mind	3025	5
止	zhǐ	to stop; to prohibit; until	3025	6
界	jiè	(bound form) boundary; border; (bound form) realm	3027	6
保安	bǎo ān	to ensure public security; to ensure safety (for workers engaged in production); public security	3028	3
实验室	shí yàn shì	laboratory	3028	3
歌手	gē shǒu	singer	3028	3
代价	dài jià	price; cost; consideration (in share dealing)	3030	5
作家	zuò jiā	author	3034	2
平衡	píng héng	balance; equilibrium	3034	6
全体	quán tǐ	all; entire	3036	2
开放	kāi fàng	to bloom; to open; to be open (to the public)	3036	3
局长	jú zhǎng	bureau chief	3038	5
婴儿	yīng ér	infant; baby; lead (Pb)	3041	7
上课	shàng kè	to go to class; to attend class; to go to teach a class	3042	1
挤	jǐ	to crowd in; to cram in; to force others aside	3042	5
各地	gè dì	in all parts of (a country); various regions	3044	3
医学	yī xué	medicine; medical science; study of medicine	3044	4
地铁	dì tiě	underground railway; subway; subway train	3046	2
瞧	qiáo	to look at; to see; to see (a doctor)	3046	5
熟	shú	ripe; mature; thoroughly cooked; done; familiar; acquainted	3050	2
大型	dà xíng	large; large-scale	3051	4
偏	piān	to lean; to slant; oblique	3051	6
性格	xìng gé	nature; disposition; temperament	3053	3
降低	jiàng dī	to reduce; to lower; to bring down	3058	4
主持人	zhǔ chí rén	TV or radio presenter; host; anchor	3059	6
团结	tuán jié	to unite; unity; solidarity	3060	3
作出	zuò chū	to put out; to come up with; to make (a choice, decision, proposal, response, comment etc)	3060	4
刷	shuā	to brush; to paint; to daub	3060	4
搜索	sōu suǒ	to search (a place); to search (a database); to search for (sth)	3062	5
涉及	shè jí	to involve; to touch upon (a topic)	3062	6
炸	zhà	to burst; to explode; to blow up	3064	6
展开	zhǎn kāi	to unfold; to spread out; to open up; to launch; to carry out	3065	3
小时候	xiǎo shí hou	in one's childhood	3067	2
把握	bǎ wò	to grasp (also fig.); to seize; to hold	3068	3
酒吧	jiǔ bā	bar; pub; saloon	3070	4
耍	shuǎ	to play with; to wield; to act (cool etc)	3070	7
胃	wèi	stomach	3072	5
成就	chéng jiù	accomplishment; success; achievement	3075	3
厨房	chú fáng	kitchen	3076	5
置	zhì	to install; to place; to put	3076	7
课程	kè chéng	course; academic program	3080	3
全身	quán shēn	the whole body; (typography) em	3082	2
练习	liàn xí	to practice; exercise; drill	3084	2
看起来	kàn qǐ lai	seemingly; apparently; looks as if	3085	3
踩	cǎi	to step on; to tread; to stamp	3087	6
激烈	jī liè	(of competition or fighting) intense; fierce; (of pain) acute	3088	4
发动	fā dòng	to start; to launch; to unleash	3090	3
想念	xiǎng niàn	to miss; to remember with longing; to long to see again	3090	4
之内	zhī nèi	inside; within	3090	5
预测	yù cè	to forecast; to predict	3092	4
告	gào	to say; to tell; to announce	3092	7
勇气	yǒng qì	courage; valor	3096	4
固定	gù dìng	to fix; to fasten; to set rigidly in place	3096	4
策略	cè lu:è	strategy; tactics; crafty; adroit	3096	6
注册	zhù cè	to register; to enroll	3097	5
爷爷	yé ye	(coll.) father's father; paternal grandfather	3099	1
牺牲	xī shēng	to sacrifice one's life; to sacrifice (sth valued); beast slaughtered as a sacrifice	3100	6
厅	tīng	(reception) hall; living room; office	3102	5
果然	guǒ rán	really; sure enough; as expected	3104	3
随着	suí zhe	along with; in the wake of; following	3104	5
选举	xuǎn jǔ	to elect; election	3104	6
放到	fàng dào	Put in	3107	3
位于	wèi yú	to be located at; to be situated at; to lie	3108	4
陷入	xiàn rù	to sink into; to get caught up in; to land in (a predicament)	3109	6
档	dàng	official records; grade (of goods); file	3110	6
静	jìng	still; calm; quiet	3112	3
听见	tīng jiàn	to hear	3114	1
肯	kěn	to agree; to consent; to be willing to	3114	6
咱	zán	I or me; we (including both the speaker and the person spoken to)	3116	2
回报	huí bào	(in) return; reciprocation; payback	3116	5
摇	yáo	to shake; to rock; to row	3118	4
需求	xū qiú	requirement; to require; (economics) demand	3122	3
展现	zhǎn xiàn	to unfold before one's eyes; to emerge; to reveal; to display	3124	5
愤怒	fèn nù	angry; indignant; wrath	3127	6
评估	píng gū	to evaluate; to assess; assessment	3129	5
只好	zhǐ hǎo	to have no other option but to ...; to have to; to be forced to	3132	3
全都	quán dōu	all; without exception	3132	5
培养	péi yǎng	to cultivate; to breed; to foster	3133	4
密码	mì mǎ	cipher; secret code; password; PIN	3133	4
国内	guó nèi	domestic; internal (to a country); civil	3134	3
谈话	tán huà	to talk (with sb); to have a conversation; talk	3136	3
平静	píng jìng	tranquil; undisturbed; serene	3136	4
平安	píng ān	safe and sound; well; without mishap	3137	2
传说	chuán shuō	legend; folk tale; to repeat from mouth to mouth; they say that...	3138	3
人数	rén shù	number of people	3139	2
原本	yuán běn	originally; original	3144	7
环节	huán jié	(zoology) segment (of the body of a worm, centipede etc); (fig.) a part of an integrated whole: aspect (of a project), element (of a policy), sector (of the economy), stage (of a process) etc	3149	5
宫	gōng	palace; temple; castration (as corporal punishment)	3150	6
转变	zhuǎn biàn	to change; to transform; shift	3151	3
武装	wǔ zhuāng	arms; equipment; to arm	3152	7
能不能	néng bùnéng	Can you	3153	3
至今	zhì jīn	so far; to this day; until now	3155	3
无数	wú shù	countless; numberless; innumerable	3156	4
维护	wéi hù	to defend; to safeguard; to protect	3156	4
餐厅	cān tīng	dining hall; dining room; restaurant	3156	5
后果	hòu guǒ	consequences; aftermath	3157	3
打破	dǎ pò	to break; to smash	3158	3
新年	xīn nián	New Year	3160	1
上来	shàng lái	to come up; to approach; (verb complement indicating success)	3160	3
违反	wéi fǎn	to violate (a law)	3160	5
气氛	qì fēn	atmosphere; mood	3160	6
跟踪	gēn zōng	to follow sb's tracks; to tail; to shadow	3163	7
亚洲	yà zhōu	Asia (abbr. for 亚细亚洲)	3164	4
全力	quán lì	with all one's strength; full strength; all-out (effort)	3164	6
望	wàng	full moon; to hope; to expect	3165	7
活力	huó lì	energy; vitality; vigor	3168	5
心灵	xīn líng	bright; smart; quick-witted	3168	6
道歉	dào qiàn	to apologize	3168	6
石头	shí tou	stone	3169	3
对付	duì fu	to handle; to deal with; to tackle; to get by with; to make do; (dialect) (usu. used in the negative) to get along with (sb)	3169	4
委托	wěi tuō	to entrust; to trust; to commission	3172	5
趟	tāng	to wade; to trample; to turn the soil	3174	6
男朋友	nán péng you	boyfriend	3176	1
主持	zhǔ chí	to take charge of; to manage or direct; to preside over	3176	3
队长	duì zhǎng	captain; team leader	3177	2
关闭	guān bì	to close; to shut (a window etc); (of a shop, school etc) to shut down	3178	4
软	ruǎn	soft; flexible	3178	5
访问	fǎng wèn	to visit; to call on; to interview	3182	3
运动员	yùn dòng yuán	athlete	3182	4
姐妹	jiě mèi	sisters; siblings; sister (school, city etc)	3183	4
森林	sēn lín	forest	3183	4
天堂	tiān táng	paradise; heaven	3183	6
惹	rě	to provoke; to irritate; to vex	3183	7
航空	háng kōng	aviation	3185	4
签名	qiān míng	to sign (one's name with a pen etc); to autograph; signature	3185	5
外套	wài tào	coat; jacket	3188	4
先进	xiān jìn	advanced (technology); to advance	3190	3
南方	nán fāng	south; the southern part of the country; the South	3191	2
聚会	jù huì	party; gathering; to meet	3191	4
摄影	shè yǐng	to take a photograph; photography; to shoot (a movie)	3191	5
用于	yòng yú	to use in; to use on; to use for	3191	5
通道	tōng dào	(communications) channel; thoroughfare; passage	3191	6
田	tián	field; farm	3192	6
交换	jiāo huàn	to exchange; to swap; to switch (telecom)	3196	4
描述	miáo shù	to describe; description	3196	4
今日	jīn rì	today	3198	5
才能	cái néng	talent; ability; capacity	3200	3
文明	wén míng	civilized; civilization; culture	3200	3
也就是说	yě jiù shì shuō	in other words; that is to say; so	3200	7
偶像	ǒu xiàng	idol	3202	5
屁股	pì gu	buttocks; bottom; butt	3206	6
下班	xià bān	to finish work; to get off work	3207	1
西部	xī bù	western part	3207	3
混乱	hùn luàn	confusion; chaos; disorder	3209	6
友好	yǒu hǎo	friendly; amicable; close friend	3210	2
届	jiè	to arrive at (place or time); period; to become due	3211	5
挡	dǎng	to resist; to obstruct; to hinder	3211	5
丁	dīng	male adult; the 4th of the 10 Heavenly Stems 干; fourth (used like "4" or "D")	3211	7
尝	cháng	to taste; to try (food); to experience; (literary) ever; once	3212	5
认	rèn	to recognize; to know; to admit	3212	5
聚	jù	to congregate; to assemble; to mass	3213	4
创意	chuàng yì	creative; creativity	3214	6
亿	yì	100 million	3215	2
火箭	huǒ jiàn	rocket	3215	6
黑暗	hēi àn	dark; darkly; darkness	3217	4
对话	duì huà	to talk (with sb); dialogue; conversation	3221	2
停车	tíng chē	to pull up (stop one's vehicle); to park; (of a machine) to stop working	3222	2
注射	zhù shè	injection; to inject	3225	5
冲突	chōng tū	conflict; to conflict; clash of opposing forces	3227	5
惊讶	jīng yà	amazed; astonished; to surprise	3229	7
在场	zài chǎng	to be present; to be on the scene	3230	5
肿瘤	zhǒng liú	tumor	3230	7
大师	dà shī	great master; master	3232	6
敏感	mǐn gǎn	sensitive; susceptible	3233	5
核	hé	pit; stone; nucleus	3233	7
海军	hǎi jūn	navy	3234	6
运气	yùn qi	luck (good or bad)	3235	4
起诉	qǐ sù	to sue; to bring a lawsuit against; to prosecute	3235	6
玩具	wán jù	plaything; toy	3240	3
鼠	shǔ	(bound form) rat; mouse	3241	5
得知	dé zhī	to find out; to learn of	3242	7
提示	tí shì	to point out; to remind (sb of sth); to suggest	3243	5
防止	fáng zhǐ	to prevent; to guard against; to take precautions	3244	3
拳	quán	fist; boxing	3246	7
年纪	nián jì	age	3247	3
设置	shè zhì	to set up; to install	3247	4
智慧	zhì huì	wisdom; knowledge; intelligent	3247	6
含	hán	to keep in the mouth; to contain	3249	4
结局	jié jú	conclusion; ending	3249	7
典型	diǎn xíng	model; typical case; archetype	3251	4
创	chuàng	to begin; to initiate; to inaugurate	3252	7
竟	jìng	unexpectedly; actually; to go so far as to	3252	7
采用	cǎi yòng	to adopt; to employ; to use	3254	3
之所以	zhī suǒ yǐ	(after a noun N and before a predicate P) the reason why N P; Example: 我之所以讨厌他 "the reason why I dislike him (is ...)"	3256	7
夫妇	fū fù	a (married) couple; husband and wife	3257	4
致	zhì	to send; to devote; to deliver	3258	7
醒来	xǐng lái	to waken	3258	7
烤	kǎo	to roast; to bake; to broil	3259	7
摔	shuāi	to throw down; to fall; to drop and break	3263	5
教训	jiào xun	to provide guidance; to lecture sb; to upbraid	3265	4
手指	shǒu zhǐ	finger	3266	3
收拾	shōu shi	to put in order; to tidy up; to pack	3266	5
沟通	gōu tōng	to join; to connect; to link up; to communicate	3266	5
结论	jié lùn	conclusion; verdict; to conclude	3269	4
水果	shuǐ guǒ	fruit	3271	1
除非	chú fēi	only if (..., or otherwise, ...); only when; only in the case that	3271	5
提升	tí shēng	to promote (to a higher-ranking position); to lift; to hoist; (fig.) to elevate; to raise; to improve	3275	6
清醒	qīng xǐng	clear-headed; sober; awake	3278	4
战略	zhàn lu:è	strategy	3278	6
章	zhāng	chapter; section; clause	3279	6
总之	zǒng zhī	in a word; in short; in brief	3282	4
化学	huà xué	chemistry; chemical	3282	5
乘客	chéng kè	passenger	3284	5
读书	dú shū	to read a book; to study; to attend school	3285	1
艰难	jiān nán	difficult; hard; challenging	3288	5
地面	dì miàn	floor; ground; surface	3289	4
冬天	dōng tiān	winter	3291	2
天空	tiān kōng	sky	3292	3
纯	chún	pure; simple; unmixed	3292	4
天使	tiān shǐ	angel	3295	7
老大	lǎo dà	old age; very; eldest child in a family	3298	7
专辑	zhuān jí	album; record (music); special collection of printed or broadcast material	3299	5
用来	yòng lái	to be used for	3299	5
怀孕	huái yùn	pregnant; to have conceived; gestation	3299	7
定位	dìng wèi	to orientate; to position; to categorize (as)	3300	6
一阵	yī zhèn	a burst; a fit; a peal	3300	7
撑	chēng	to support; to prop up; to push or move with a pole	3301	6
稳	wěn	settled; steady; stable	3303	4
统一	tǒng yī	to unify; to integrate; unified; integrated	3308	4
制度	zhì dù	system (e.g. political, adminstrative etc); institution	3310	3
虎	hǔ	tiger	3310	5
绕	rào	to wind; to coil (thread); to rotate around	3312	5
即便	jí biàn	even if; even though; right away	3313	7
玉米	yù mǐ	corn; maize	3314	4
工业	gōng yè	industry	3316	3
身材	shēn cái	stature; build (height and weight); figure	3318	4
幕	mù	curtain or screen; canopy or tent; headquarters of a general	3319	7
广播	guǎng bō	broadcast; broadcasting; to broadcast	3320	3
遭到	zāo dào	to suffer; to meet with (sth unfortunate)	3320	6
设施	shè shī	facilities; installation	3321	4
喷	pēn	to puff; to spout; to spray	3321	5
腰	yāo	waist; lower back; pocket	3323	4
职责	zhí zé	duty; responsibility; obligation	3326	6
远远	yuǎn yuǎn	distant; by far	3328	6
抱怨	bào yuàn	to complain; to grumble; to harbor a complaint	3331	5
失踪	shī zōng	to be missing; to disappear; unaccounted for	3333	7
执法	zhí fǎ	to enforce a law; law enforcement	3334	7
云	yún	(classical) to say	3335	2
青年	qīng nián	youth; youthful years; young person	3336	2
从事	cóng shì	to go for; to engage in; to undertake	3339	3
监控	jiān kòng	to monitor	3339	7
抢劫	qiǎng jié	to rob; looting	3341	7
卫星	wèi xīng	satellite; moon	3342	5
无关	wú guān	unrelated; having nothing to do (with sth else)	3342	6
义务	yì wù	duty; obligation; volunteer (work etc)	3344	4
运用	yùn yòng	to use; to put to use	3345	4
奇迹	qí jì	miracle; miraculous; wonder	3345	7
逐渐	zhú jiàn	gradually	3347	4
改造	gǎi zào	to transform; to reform; to remodel	3348	3
好人	hǎo rén	good person; healthy person; person who tries not to offend anyone, even at the expense of principle	3350	2
肺	fèi	lung	3353	6
蛮	mán	barbarian; bullying; very	3353	7
钥匙	yào shi	key	3354	7
动手	dòng shǒu	to set about (a task); to hit; to punch	3357	5
大声	dà shēng	loud voice; in a loud voice; loudly	3359	2
靠近	kào jìn	to be close to; to approach; to draw near	3359	5
邻居	lín jū	neighbor; next door	3360	5
酸	suān	sour; tart; sick at heart	3361	4
民主	mín zhǔ	democracy	3363	6
制定	zhì dìng	to draw up; to formulate	3364	3
分开	fēn kāi	to separate; to part	3365	2
校长	xiào zhǎng	(college, university) president; headmaster	3365	2
市长	shì zhǎng	mayor	3369	2
沉默	chén mò	taciturn; uncommunicative; silent	3369	4
栋	dòng	classifier for houses or buildings; ridgepole (old)	3370	7
直播	zhí bō	(TV, radio) to broadcast live; live broadcast; (Internet) to livestream	3374	3
独特	dú tè	unique; distinctive	3375	4
污染	wū rǎn	to pollute; to contaminate (lit. and fig.)	3379	5
监督	jiān dū	to control; to supervise; to inspect	3386	6
应当	yīng dāng	should; ought to	3391	3
罚	fá	to punish; to penalize	3393	5
厕所	cè suǒ	toilet; lavatory	3393	6
交往	jiāo wǎng	to associate (with); to have contact (with); to hang out (with)	3394	3
遭遇	zāo yù	to meet with; to encounter; (bitter) experience	3395	6
各自	gè zì	each; respective; apiece	3398	3
猛	měng	ferocious; fierce; violent	3398	6
自行车	zì xíng chē	bicycle; bike	3400	2
相机	xiàng jī	camera (abbr. for 照相机); at the opportune moment; as the circumstances allow	3401	2
时机	shí jī	opportunity; opportune moment	3402	5
治安	zhì ān	law and order; public security	3402	5
花园	huā yuán	garden	3403	2
糟糕	zāo gāo	too bad; how terrible; what bad luck	3403	5
引发	yǐn fā	to lead to; to trigger; to initiate	3404	7
不论	bù lùn	whatever; no matter what (who, how etc); regardless of	3411	3
遇见	yù jiàn	to meet	3411	4
空中	kōng zhōng	in the sky; in the air	3417	5
险	xiǎn	danger; dangerous; rugged	3419	6
恐惧	kǒng jù	to be frightened; fear; dread	3419	7
那儿	nà r	there	3421	1
折	zhé	to break; to fracture; to snap	3422	4
渴望	kě wàng	to thirst for; to long for	3423	5
砍	kǎn	to chop; to cut down; to throw sth at sb	3423	7
摆脱	bǎi tuō	to break away from; to cast off (old ideas etc); to get rid of	3424	4
连接	lián jiē	to link; to join; to connect	3426	5
夫妻	fū qī	husband and wife; married couple	3431	4
药品	yào pǐn	medicaments; medicine; drug	3431	6
影片	yǐng piàn	a copy of a film; film; motion picture; movie	3433	2
完毕	wán bì	to finish; to end; to complete	3434	7
拆	chāi	to tear open; to tear down; to tear apart	3439	5
温度	wēn dù	temperature	3440	2
扯	chě	to pull; to tear; (of cloth, thread etc) to buy	3440	7
退休	tuì xiū	to retire (from the workforce); to go into retirement	3442	3
财富	cái fù	wealth; riches	3442	4
踏	tà	to tread; to stamp; to step on	3442	6
此时	cǐ shí	now; this moment	3444	5
当作	dàng zuò	to treat as; to regard as	3444	6
监狱	jiān yù	prison	3445	7
成果	chéng guǒ	result; achievement; gain	3448	3
蛇	shé	snake; serpent	3448	5
运作	yùn zuò	to operate; operations; workings	3448	6
眼泪	yǎn lèi	tears; crying	3450	4
耳朵	ěr duo	ear; handle (on a cup)	3451	5
模型	mó xíng	model; mold; matrix	3453	4
画面	huà miàn	scene; tableau; picture	3453	5
判	pàn	to judge; to sentence; to discriminate	3453	6
炸弹	zhà dàn	bomb	3453	6
精力	jīng lì	energy	3458	4
爆发	bào fā	to break out; to erupt; to explode	3458	6
宗教	zōng jiào	religion	3459	6
孤单	gū dān	lone; lonely; loneliness	3459	7
夺	duó	to seize; to take away forcibly; to wrest control of	3462	6
隔	gé	to separate; to partition; to stand or lie between	3463	4
饮料	yǐn liào	drink; beverage	3463	5
房地产	fáng dì chǎn	real estate	3463	7
等于	děng yú	to equal; to be tantamount to	3464	2
概念	gài niàn	concept; idea	3465	3
能源	néng yuán	energy; power source	3465	7
周年	zhōu nián	anniversary; annual	3466	2
宽	kuān	wide; broad; loose	3471	4
扮演	bàn yǎn	to play the role of; to act	3471	5
统计	tǒng jì	statistics; to count; to add up	3473	4
创作	chuàng zuò	to create; to produce; to write	3475	3
节日	jié rì	holiday; festival	3477	2
本地	běn dì	local; this locality	3477	6
大脑	dà nǎo	brain; cerebrum	3478	5
商店	shāng diàn	store; shop	3479	1
核心	hé xīn	core; nucleus	3481	6
鼻子	bí zi	nose	3484	5
持	chí	to hold; to grasp; to support	3485	7
例如	lì rú	for example; for instance; such as	3486	2
据说	jù shuō	it is said that; reportedly	3486	3
自身	zì shēn	itself; oneself; one's own	3490	3
扎	zā	to tie; to bind; classifier for flowers, banknotes etc: bundle	3490	6
保障	bǎo zhàng	to ensure; to guarantee; to safeguard	3491	7
吼	hǒu	to roar; to howl; to shriek	3491	7
整天	zhěng tiān	all day long; whole day	3492	3
资产	zī chǎn	property; assets	3495	5
特征	tè zhēng	characteristic; diagnostic property; distinctive feature	3497	4
汁	zhī	juice	3498	7
皆	jiē	all; each and every; in all cases	3500	7
鸡蛋	jī dàn	(chicken) egg; hen's egg	3501	1
祝贺	zhù hè	to congratulate; congratulations	3501	5
去世	qù shì	to pass away; to die	3502	3
大事	dà shì	major event; major political event (war or change of regime); major social event (wedding or funeral)	3503	5
批评	pī píng	to criticize; criticism	3504	3
重视	zhòng shì	to attach importance to sth; to value	3506	2
运行	yùn xíng	to move along one's course (of celestial bodies etc); (fig.) to function; to be in operation; (of a train service etc) to operate; to run	3506	5
局面	jú miàn	aspect; phase; situation	3509	5
叔叔	shū shu	father's younger brother; uncle; Taiwan pr. [shú shu]	3510	4
期望	qī wàng	to have expectations; to earnestly hope; expectation	3510	5
善	shàn	good (virtuous); benevolent; well-disposed	3510	7
洗澡	xǐ zǎo	to bathe; to take a shower	3512	2
县	xiàn	county	3513	4
平均	píng jūn	average; on average; evenly; in equal proportions	3513	4
供应	gōng yìng	to supply; to provide; to offer	3514	4
询问	xún wèn	to inquire	3515	5
当事人	dāng shì rén	persons involved or implicated; party (to an affair)	3517	7
今后	jīn hòu	hereafter; henceforth; in the future	3519	2
增长	zēng zhǎng	to grow; to increase	3521	3
事物	shì wù	thing; object	3523	4
开口	kāi kǒu	to open one's mouth; to start to talk	3524	7
相反	xiāng fǎn	opposite; contrary	3525	4
演讲	yǎn jiǎng	lecture; to make a speech	3526	4
一时	yī shí	a period of time; a while; for a short while	3531	6
这时	zhè shí	at this time; at this moment	3532	2
温柔	wēn róu	gentle and soft; tender; sweet (commonly used to describe a girl or woman)	3534	7
恶	è	evil; fierce; vicious	3536	7
伴	bàn	partner; companion; comrade; associate; to accompany	3537	7
部长	bù zhǎng	head of a (government etc) department; section chief; section head	3538	3
补偿	bǔ cháng	to compensate; to make up	3538	5
屏幕	píng mù	screen (TV, computer or movie)	3538	6
软件	ruǎn jiàn	(computer) software	3539	5
抛	pāo	to throw; to toss; to fling	3539	7
没关系	méi guān xi	it doesn't matter	3541	1
显	xiǎn	to make visible; to reveal; prominent	3543	5
注定	zhù dìng	to foreordain; to be bound to; to be destined to	3545	7
地图	dì tú	map	3548	1
诉讼	sù sòng	lawsuit	3548	7
看出	kàn chū	to make out; to see	3549	5
大大	dà dà	greatly; enormously; (dialect) dad	3550	2
科学家	kē xué jiā	scientist	3551	2
严肃	yán sù	solemn; grave; serious	3552	5
帽子	mào zi	hat; cap; (fig.) label	3553	4
负担	fù dān	to bear (an expense, a responsibility etc); burden	3554	4
脖子	bó zi	neck	3554	7
否认	fǒu rèn	to declare to be untrue; to deny	3559	3
夜晚	yè wǎn	night	3559	7
肌肉	jī ròu	muscle; flesh	3562	5
随后	suí hòu	soon after	3562	5
安慰	ān wèi	to comfort; to console	3563	5
惨	cǎn	miserable; wretched; cruel	3563	6
毒品	dú pǐn	drugs; narcotics; poison	3565	6
战胜	zhàn shèng	to prevail over; to defeat; to surmount	3571	4
年度	nián dù	year (e.g. school year, fiscal year); annual	3572	5
抬	tái	to lift; to raise; (of two or more persons) to carry	3574	5
联邦	lián bāng	federal; federation; commonwealth	3574	7
姐	jiě	older sister	3576	1
姓	xìng	family name; surname; to be surnamed	3576	2
过分	guò fèn	excessive; undue; overly	3578	4
检验	jiǎn yàn	to inspect; to examine; to test	3580	5
寂寞	jì mò	lonely; lonesome; (of a place) quiet	3580	7
董事会	dǒng shì huì	board of directors	3580	7
排除	pái chú	to eliminate; to remove; to exclude	3583	5
主意	zhǔ yi	plan; idea; decision	3584	3
升级	shēng jí	to go up by one grade; to be promoted; to escalate (in intensity); (computing) to upgrade	3585	6
国王	guó wáng	king	3586	6
堂	táng	(main) hall; large room for a specific purpose; relationship between cousins etc on the paternal side of a family	3587	7
加速	jiā sù	to speed up; to expedite	3588	5
发行	fā xíng	to publish; to issue (stocks, currency etc); to release	3589	5
密	mì	secret; confidential; close	3591	4
人体	rén tǐ	human body	3594	7
反而	fǎn ér	on the contrary; instead	3595	4
桶	tǒng	bucket; (trash) can; barrel (of oil etc)	3595	7
篮球	lán qiú	basketball	3596	2
港	gǎng	harbor; port	3599	7
坐下	zuò xia	to sit down	3600	1
街道	jiē dào	street; subdistrict; residential district	3604	4
体会	tǐ huì	to know from experience; to learn through experience; to realize	3605	3
寻	xún	to search; to look for; to seek	3606	7
晚餐	wǎn cān	evening meal; dinner	3610	2
播	bō	to sow; to scatter; to spread	3610	6
作战	zuò zhàn	combat; to fight	3612	6
社	shè	(bound form) society; organization; agency	3615	5
豪华	háo huá	luxurious	3618	7
大门	dà mén	entrance; door; gate	3619	2
培训	péi xùn	to cultivate; to train; to groom	3619	4
晚会	wǎn huì	evening party	3620	2
感冒	gǎn mào	to catch cold; (common) cold; (coll.) to be interested in (often used in the negative)	3621	3
零	líng	zero; nought; zero sign	3623	1
税	shuì	taxes; duties	3627	6
当天	dāng tiān	on that day	3628	6
井	jǐng	a well; neat; orderly	3630	6
赚钱	zhuàn qián	to earn money; moneymaking	3630	6
改革开放	gǎi gé kāi fàng	to reform and open to the outside world; refers to Deng Xiaoping's policies from around 1980	3630	7
王子	wáng zǐ	prince; son of a king	3631	6
独自	dú zì	alone	3634	4
扩大	kuò dà	to expand; to enlarge; to broaden one's scope	3635	4
独	dú	alone; independent; single	3635	7
高速	gāo sù	high speed; expressway (abbr. for 路)	3638	3
桌子	zhuō zi	table; desk	3639	1
判决	pàn jué	judgment (by a court of law); to pass judgment on; to sentence	3639	7
粘	zhān	to glue; to paste; to adhere	3640	7
大小	dà xiǎo	dimension; magnitude; size	3641	2
钻	zuān	to drill; to bore; to get into	3642	6
被告	bèi gào	defendant	3643	6
观看	guān kàn	to watch; to view	3644	3
白天	bái tiān	daytime; during the day; day	3645	1
大哥	dà gē	eldest brother; big brother (polite address for a man of about the same age as oneself); gang leader	3646	4
不一定	bù yī dìng	not necessarily; maybe	3647	2
此外	cǐ wài	besides; in addition; moreover	3647	4
奖金	jiǎng jīn	premium; award money; bonus	3649	4
推进	tuī jìn	to impel; to carry forward; to push on	3651	3
安装	ān zhuāng	to install; to erect; to fix	3653	3
盐	yán	salt	3653	4
搜	sōu	to search	3653	5
大街	dà jiē	street; main street	3654	6
欢乐	huān lè	gaiety; gladness; glee	3660	3
大众	dà zhòng	the masses; the great bulk of the population; popular (of music, science etc)	3665	4
迟到	chí dào	to arrive late	3667	4
怀念	huái niàn	to cherish the memory of; to think of; to reminisce	3668	4
荣誉	róng yù	honor; credit; glory	3668	7
解放	jiě fàng	to liberate; to emancipate; liberation	3669	5
收藏	shōu cáng	to collect (works of art, dolls, antiques etc); to put away for safekeeping; (Internet) to bookmark; a collection	3669	6
假如	jiǎ rú	if	3671	4
佛	fó	Buddha; Buddhism (abbr. for 陀)	3671	6
幻想	huàn xiǎng	delusion; fantasy	3672	6
甩	shuǎi	to throw; to fling; to swing	3672	7
相对	xiāng duì	relatively; opposite; to resist	3673	7
改善	gǎi shàn	to make better; to improve	3674	4
少年	shào nián	early youth; youngster; (literary) youth	3675	2
功夫	gōng fu	skill; art; kung fu	3675	3
团体	tuán tǐ	group; organization; team	3675	3
拥抱	yōng bào	to embrace; to hug	3677	5
晒	shài	(of the sun) to shine on; to bask in (the sunshine); to dry (clothes, grain etc) in the sun	3679	4
悲剧	bēi jù	tragedy	3680	5
一番	yì fān	Some	3681	6
计算机	jì suàn jī	computer; (Tw) calculator	3682	2
基于	jī yú	because of; on the basis of; in view of	3684	7
消防	xiāo fáng	firefighting; fire control	3685	5
请问	qǐng wèn	Excuse me, may I ask...?	3689	1
太空	tài kōng	outer space	3689	5
房屋	fáng wū	house; building	3692	3
感激	gǎn jī	to be grateful; to appreciate; thankful	3692	7
夹	jiā	to press from either side; to place in between; to sandwich	3693	5
得分	dé fēn	to score	3694	3
纪录	jì lù	variant of 记录 (but in Taiwan, not for the verb sense "to record")	3694	3
游泳	yóu yǒng	swimming; to swim	3695	3
减	jiǎn	to lower; to decrease; to reduce	3695	4
涂	tú	to apply (paint etc); to smear; to daub	3698	7
难受	nán shòu	to feel unwell; to suffer pain; to be difficult to bear	3699	2
指示	zhǐ shì	to point out; to indicate; to instruct	3699	5
暴露	bào lù	to expose; to reveal; to lay bare	3702	6
官方	guān fāng	government; official (approved or issued by an authority)	3703	4
出于	chū yú	due to; to stem from	3703	5
乖	guāi	(of a child) obedient, well-behaved; clever; shrewd	3704	7
基本上	jī běn shang	basically; on the whole	3705	3
逮捕	dài bǔ	to arrest; to apprehend; an arrest	3705	7
农民	nóng mín	peasant; farmer	3710	3
伤口	shāng kǒu	wound; cut	3710	6
机械	jī xiè	machine; machinery; mechanical	3710	6
瞬间	shùn jiān	in an instant; in a flash	3712	7
电力	diàn lì	electrical power; electricity	3716	6
设计师	shè jì shī	designer; architect	3717	6
双手	shuāng shǒu	both hands	3719	5
得了	dé le	all right!; that's enough!	3720	5
买卖	mǎi mài	buying and selling; business; business transactions	3721	5
瓦	wǎ	roof tile	3722	7
引导	yǐn dǎo	to guide; to lead (around); to conduct	3723	4
依	yī	to depend on; to comply with or listen to sb; according to	3723	7
杀手	shā shǒu	killer; murderer; hit man	3723	7
民族	mín zú	nationality; ethnic group	3724	3
协助	xié zhù	to provide assistance; to aid	3724	6
航班	háng bān	(scheduled) flight; (scheduled) sailing	3730	4
约会	yuē huì	appointment; engagement; date	3731	4
偶尔	ǒu ěr	occasionally; once in a while; sometimes	3731	5
轿车	jiào chē	enclosed carriage for carrying passengers; motor carriage; car or bus	3733	7
商品	shāng pǐn	commodity; goods; merchandise	3735	3
末	mò	tip; end; final stage	3736	4
属	shǔ	category; genus (taxonomy); family members	3739	3
悲伤	bēi shāng	sad; sorrowful	3739	5
防守	fáng shǒu	to defend; to protect (against)	3740	6
哪些	nǎ xiē	which ones?; who?; what?	3741	1
形势	xíng shì	circumstances; situation; terrain	3741	4
审判	shěn pàn	a trial; to try sb	3741	7
细	xì	thin or slender; finely particulate; thin and soft	3744	4
劝	quàn	to advise; to urge; to try to persuade	3745	5
财务	cái wù	financial affairs	3745	7
损伤	sǔn shāng	to harm; to damage; to injure	3746	7
顾问	gù wèn	adviser; consultant	3747	5
主角	zhǔ jué	leading role; lead; protagonist	3747	6
标	biāo	mark; sign; label	3748	7
娶	qǔ	to take a wife; to marry (a woman)	3752	7
助理	zhù lǐ	assistant	3755	5
刻	kè	quarter (hour); moment; to carve	3756	2
受不了	shòu bù liǎo	unbearable; unable to endure; can't stand	3756	4
出售	chū shòu	to sell; to offer for sale; to put on the market	3758	4
厚	hòu	thick; deep or profound; kind	3759	4
潜力	qián lì	potential; capacity	3759	6
锻炼	duàn liàn	to toughen; to temper; to engage in physical exercise	3764	4
裤子	kù zi	trousers; pants	3765	3
总部	zǒng bù	general headquarters	3767	6
分离	fēn lí	to separate	3769	5
运输	yùn shū	to transport; to carry; transportation	3770	3
扇	shàn	fan; sliding, hinged or detachable flat part of sth; classifier for doors, windows etc	3773	5
发型	fà xíng	hairstyle; coiffure; hairdo	3773	7
笑容	xiào róng	smile; smiling expression	3774	6
利润	lì rùn	profits	3776	5
堵	dǔ	to block up (a road, pipe etc); to stop up (a hole); (fig.) (of a person) choked up with anxiety or stress	3782	4
护士	hù shi	nurse	3782	4
拍照	pāi zhào	to take a picture	3782	4
折磨	zhé mó	to torment; to torture	3782	7
慈善	cí shàn	benevolent; charitable	3786	7
珍惜	zhēn xī	to treasure; to value; to cherish	3787	5
地板	dì bǎn	floor	3788	6
消除	xiāo chú	to eliminate; to remove	3789	5
传播	chuán bō	to disseminate; to propagate; to spread	3790	3
参观	cān guān	to look around; to tour; to visit	3793	2
晚饭	wǎn fàn	evening meal; dinner; supper	3794	1
匹	pǐ	classifier for horses, mules etc; Taiwan pr. [pī]; ordinary person	3794	5
随意	suí yì	as one wishes; according to one's wishes; at will	3794	5
顺便	shùn biàn	conveniently; in passing; without much extra effort	3796	7
好奇	hào qí	inquisitive; curious; inquisitiveness	3798	3
友谊	yǒu yì	companionship; fellowship; friendship	3801	5
拔	bá	to pull up; to pull out; to draw out by suction	3803	5
集体	jí tǐ	collective (decision); joint (effort); a group	3804	3
笨	bèn	stupid; foolish; silly	3806	4
罢了	bà le	a modal particle indicating (that's all, only, nothing much)	3807	6
贼	zéi	thief; traitor; wily	3807	7
预计	yù jì	to forecast; to predict; to estimate	3808	3
寻求	xún qiú	to seek; to look for	3808	5
啦啦队	lā lā duì	cheerleading squad	3808	7
收获	shōu huò	to harvest; to reap; to gain	3809	4
装饰	zhuāng shì	to decorate; decoration; decorative	3810	5
通讯	tōng xùn	communications; news story; dispatch	3811	6
锅	guō	pot; pan; wok; cauldron; pot-shaped thing	3812	5
尚	shàng	still; yet; to value	3816	7
小学	xiǎo xué	elementary school; primary school	3819	1
隐藏	yǐn cáng	to hide; to conceal; to mask	3821	6
太太	tài tai	married woman; Mrs.; Madam	3823	2
落后	luò hòu	to fall behind; to lag (in technology etc); backward	3824	3
授权	shòu quán	to authorize	3827	7
夏	xià	the Xia or Hsia dynasty c. 2000 BC; Xia of the Sixteen Kingdoms (407-432)	3828	3
算了	suàn le	let it be; let it pass; forget about it	3829	6
沙发	shā fā	sofa (loanword); (Internet slang) the first reply or replier to a forum post	3832	3
狠	hěn	ruthless; fierce; ferocious	3832	6
策划	cè huà	to plot; to scheme; to bring about	3835	6
图书馆	tú shū guǎn	library	3836	1
轻易	qīng yì	easily; lightly; rashly	3836	4
蹲	dūn	to crouch; to squat; to stay (somewhere)	3836	6
大厅	dà tīng	hall; lounge	3838	5
强调	qiáng diào	to emphasize (a statement); to stress	3839	3
预算	yù suàn	budget	3840	7
丑	chǒu	clown; 2nd earthly branch: 1-3 a.m., 12th solar month (6th January to 3rd February), year of the Ox; ancient Chinese compass point: 30°	3841	5
冒险	mào xiǎn	to take risks; to take chances; foray	3841	7
行政	xíng zhèng	administration; (attributive) administrative; executive	3843	7
大楼	dà lóu	building (a relatively large, multistory one)	3844	4
耐心	nài xīn	to be patient; patience	3844	5
司法	sī fǎ	judicial; (administration of) justice	3845	7
加快	jiā kuài	to accelerate; to speed up	3846	3
牵	qiān	to lead along; to pull (an animal on a tether); (bound form) to involve	3847	6
冲动	chōng dòng	to have an urge; to be impetuous; impulse	3849	5
考验	kǎo yàn	to test; to put to the test; trial	3850	3
分配	fēn pèi	to distribute; to assign; to allocate	3851	3
账户	zhàng hù	bank account; online account	3852	6
技巧	jì qiǎo	skill; technique	3853	4
当成	dàng chéng	to consider as; to take to be	3853	6
远离	yuǎn lí	to be far from; to keep away from	3854	6
大陆	dà lù	mainland China (reference to the PRC)	3855	4
天下	tiān xià	land under heaven; the whole world; the whole of China	3855	6
乐队	yuè duì	band; pop group	3860	3
演唱会	yǎn chàng huì	vocal recital or concert	3862	3
适当	shì dàng	suitable; appropriate	3864	6
如同	rú tóng	like; as	3867	5
修改	xiū gǎi	to amend; to alter; to modify	3871	3
提起	tí qǐ	to mention; to speak of; to lift	3871	5
宇宙	yǔ zhòu	universe; cosmos	3871	7
传奇	chuán qí	legendary; fantasy saga; romance	3877	7
开玩笑	kāi wán xiào	to play a joke; to make fun of; to joke	3878	1
名人	míng rén	personage; celebrity	3879	4
公正	gōng zhèng	just; fair; equitable	3881	5
各个	gè gè	every; various; separately, one by one	3882	4
冻	dòng	to freeze; to feel very cold; aspic or jelly	3883	5
和谐	hé xié	harmonious; harmony; (euphemism) to censor	3883	6
要不	yào bù	otherwise; or else; how about...?	3885	7
高手	gāo shǒu	expert; past master; dab hand	3886	6
辞职	cí zhí	to resign	3889	5
呈现	chéng xiàn	to appear; to emerge; to present (a certain appearance)	3891	7
电梯	diàn tī	elevator; escalator	3894	4
遵守	zūn shǒu	to comply with; to abide by; to respect (an agreement)	3894	5
无比	wú bǐ	incomparable; matchless	3895	7
国外	guó wài	abroad; external (affairs); overseas	3896	1
抓紧	zhuā jǐn	to keep a firm grip on; to pay close attention to; to lose no time in (doing sth)	3896	4
暖	nuǎn	warm; to warm	3896	5
参赛	cān sài	to compete; to take part in a competition	3896	6
演唱	yǎn chàng	sung performance; to sing for an audience	3897	3
相处	xiāng chǔ	to be in contact (with sb); to associate; to interact	3898	4
建造	jiàn zào	to construct; to build	3900	5
戒	jiè	to guard against; to exhort; to admonish or warn	3905	5
刮	guā	to scrape; to blow; to shave	3910	6
信仰	xìn yǎng	to believe in (a religion); firm belief; conviction	3912	6
反映	fǎn yìng	to mirror; to reflect; mirror image	3914	4
思维	sī wéi	(line of) thought; thinking	3914	5
植物	zhí wù	plant; vegetation	3915	4
规划	guī huà	to draw up a plan; to map out a program; a plan; a program	3915	5
保存	bǎo cún	to conserve; to preserve; to keep	3916	3
不许	bù xǔ	not to allow; must not; can't	3916	5
饼	bǐng	round flat cake; cookie; cake	3918	5
跳舞	tiào wǔ	to dance	3920	3
阵	zhèn	disposition of troops; wave; spate	3920	4
不止	bù zhǐ	incessantly; without end; more than	3921	5
评委	píng wěi	evaluation committee; judging panel; judging panel member; adjudicator (abbr. for 评选委员会委员)	3923	7
录像	lù xiàng	to videotape; to videorecord; video recording	3924	6
不准	bù zhǔn	not to allow; to forbid; to prohibit	3924	7
少女	shào nǚ	girl; young lady	3926	7
日期	rì qī	date	3928	1
查看	chá kàn	to look over; to examine; to check up	3929	6
免	miǎn	to excuse sb; to exempt; to remove or dismiss from office	3929	7
瞎	xiā	blind; groundlessly; foolishly	3932	7
转身	zhuǎn shēn	(of a person) to turn round; to face about; (of a widow) to remarry (archaic)	3933	4
大道	dà dào	main street; avenue	3934	6
笔记本	bǐ jì běn	notebook (stationery); notebook (computing)	3935	2
从此	cóng cǐ	from now on; since then; henceforth	3935	4
地震	dì zhèn	earthquake	3938	5
震惊	zhèn jīng	to shock; to astonish	3938	5
对面	duì miàn	(sitting) opposite; across (the street); directly in front	3939	2
赔偿	péi cháng	to compensate	3939	5
电视台	diàn shì tái	television station	3940	3
发明	fā míng	to invent; an invention	3943	3
疼痛	téng tòng	pain; (of a body part) to be painful; to be sore; to hurt; (of a person) to be in pain	3944	6
混合	hùn hé	to mix; to blend; hybrid	3950	6
播放	bō fàng	to broadcast; to transmit (by radio or TV)	3952	3
矮	ǎi	low; short (in length)	3952	4
返回	fǎn huí	to return to; to come (or go) back	3952	5
坑	kēng	pit; depression; hollow; tunnel; hole in the ground; (archaic) to bury alive	3953	7
导弹	dǎo dàn	(guided) missile	3955	7
勋章	xūn zhāng	medal; decoration	3956	7
领袖	lǐng xiù	leader	3957	6
会见	huì jiàn	to meet with (sb who is paying a visit)	3958	6
信用卡	xìn yòng kǎ	credit card	3960	2
合约	hé yuē	treaty; contract	3962	6
玫瑰	méi guī	rugosa rose (shrub) (Rosa rugosa); rose flower	3964	7
代理	dài lǐ	to act on behalf of sb in a responsible position; to act as an agent or proxy; surrogate	3966	5
头部	tóu bù	head	3966	7
过度	guò dù	excessive; over-; excess	3967	5
挥	huī	to wave; to brandish; to command	3969	7
邮件	yóu jiàn	mail; post; email	3970	3
明明	míng míng	obviously; plainly; undoubtedly	3970	5
机关	jī guān	mechanism; gear; machine-operated; office; agency; organ; organization; establishment; institution; body	3970	6
亦	yì	also	3970	7
回归	huí guī	to return to; to retreat; regression (statistics)	3970	7
群众	qún zhòng	mass; multitude; the masses	3975	5
突出	tū chū	prominent; outstanding; to give prominence to	3980	3
投诉	tóu sù	complaint; to complain; to register a complaint (esp. as a customer)	3986	4
无疑	wú yí	undoubtedly; without doubt; for sure	3987	5
减肥	jiǎn féi	to lose weight	3988	4
富有	fù yǒu	rich; wealthy; affluent; to be rich in; to be replete with	3988	6
按摩	àn mó	massage; to massage	3990	5
宗	zōng	school; sect; purpose	3992	7
绑架	bǎng jià	to kidnap; to abduct; to hijack	3992	7
电池	diàn chí	battery	3997	5
倾向	qīng xiàng	trend; tendency; orientation	3997	6
诱惑	yòu huò	to entice; to lure; to induce	3997	7
饭店	fàn diàn	restaurant; hotel	3998	1
其次	qí cì	next; secondly	3998	3
眼镜	yǎn jìng	spectacles; eyeglasses	3998	4
乐观	lè guān	optimistic; hopeful	4002	3
体重	tǐ zhòng	body weight	4003	4
实话	shí huà	truth	4003	7
面试	miàn shì	to be interviewed (as a candidate); interview	4005	4
产业	chǎn yè	industry; estate; property	4005	5
青少年	qīng shào nián	adolescent; youth; teenager	4006	2
敲	qiāo	to hit; to strike; to tap	4007	5
救命	jiù mìng	to save sb's life; (interj.) Help!; Save me!	4007	6
迟	chí	late; delayed; slow	4008	5
无所谓	wú suǒ wèi	to be indifferent; not to matter; cannot be said to be	4014	4
老鼠	lǎo shǔ	rat; mouse	4016	5
脾气	pí qi	character; temperament; disposition	4017	5
涨	zhàng	to swell; to distend	4020	5
会员	huì yuán	member	4022	3
热烈	rè liè	enthusiastic; ardent; warm	4022	3
居住	jū zhù	to reside; to dwell; to live in a place	4023	4
吨	dūn	ton (loanword); Taiwan pr. [dùn]	4023	5
相似	xiāng sì	similar; alike	4024	3
移民	yí mín	to immigrate; to migrate; emigrant	4025	4
翻译	fān yì	to translate; to interpret; translator	4025	4
担任	dān rèn	to hold a governmental office or post; to assume office of; to take charge of	4026	4
广	guǎng	wide; numerous; to spread	4029	5
联合国	lián hé guó	United Nations	4037	3
情形	qíng xing	circumstances; situation	4038	5
情人	qíng rén	lover; sweetheart	4038	7
烦恼	fán nǎo	to be worried; to be distressed; worries	4038	7
特点	tè diǎn	characteristic (feature); trait; feature	4039	2
持有	chí yǒu	to hold (passport, views etc)	4039	6
起码	qǐ mǎ	at the minimum; at the very least	4041	5
中学	zhōng xué	middle school	4042	1
沿着	yán zhe	to go along; to follow	4043	6
趁	chèn	to avail oneself of; to take advantage of	4043	7
宿舍	sù shè	dormitory; dorm room; living quarters	4045	5
合并	hé bìng	to merge; to annex	4049	5
往往	wǎng wǎng	usually; in many cases; more often than not	4050	3
带领	dài lǐng	to guide; to lead	4056	3
嫉妒	jí dù	to be jealous of; to envy	4056	7
阴	yīn	overcast (weather); cloudy; shady	4058	2
上网	shàng wǎng	to go online; to connect to the Internet; (of a document etc) to be uploaded to the Internet	4061	1
探索	tàn suǒ	to explore; to probe	4061	6
财政	cái zhèng	finances (public); financial	4062	7
对抗	duì kàng	to withstand; to resist; to stand off	4063	6
春	chūn	spring (season); gay; joyful	4065	3
灭	miè	to extinguish or put out; to go out (of a fire etc); to exterminate or wipe out	4065	6
迹象	jì xiàng	sign; indication; mark; indicator	4065	7
秩序	zhì xù	order (orderly); order (sequence); social order	4066	7
风景	fēng jǐng	scenery; landscape	4068	4
支援	zhī yuán	to provide assistance; to support; to back	4069	6
线路	xiàn lù	(electricity) line; circuit; wire; (traffic) road; track; route	4070	6
血管	xuè guǎn	vein; artery	4071	6
沉	chén	to submerge; to immerse; to sink	4077	4
笑话	xiào hua	joke; jest; to laugh at; to mock	4078	2
善良	shàn liáng	good and honest; kindhearted	4078	4
贱	jiàn	inexpensive; lowly; despicable	4078	7
可靠	kě kào	reliable	4079	3
其余	qí yú	the rest; the others; remaining	4081	4
兼	jiān	double; twice; simultaneous	4083	7
以往	yǐ wǎng	in the past; formerly	4084	5
娃娃	wá wa	baby; small child; doll	4084	6
热线	rè xiàn	hotline (communications link)	4084	6
关联	guān lián	to be related; to be connected; relationship; connection	4086	6
凉	liáng	cool; cold	4088	2
规模	guī mó	scale; scope; extent	4088	4
决心	jué xīn	determination; resolution; determined	4092	3
商场	shāng chǎng	shopping mall; shopping center; department store	4093	1
乡村	xiāng cūn	rustic; village; countryside	4094	5
忍不住	rěn bu zhù	cannot help; unable to bear	4096	5
球迷	qiú mí	fan (ball sports)	4097	3
捡	jiǎn	to pick up; to collect; to gather	4100	6
金钱	jīn qián	money; currency	4100	6
何时	hé shí	when	4100	7
蔬菜	shū cài	vegetables	4103	5
消灭	xiāo miè	to put an end to; to annihilate; to cause to perish	4105	6
犬	quǎn	dog; Kangxi radical 94	4105	6
签署	qiān shǔ	to sign (an agreement)	4105	7
哪怕	nǎ pà	even; even if; even though	4106	4
补充	bǔ chōng	to replenish; to supplement; to complement	4107	3
欺骗	qī piàn	to deceive; to cheat	4109	7
伙	huǒ	companion; partner; group	4111	4
街头	jiē tóu	street	4114	6
惊人	jīng rén	astonishing	4117	6
最初	zuì chū	first; primary; initial	4118	4
路过	lù guò	to pass by or through	4118	6
克服	kè fú	(try to) overcome (hardships etc); to conquer; to put up with	4119	3
质疑	zhì yí	to call into question; to question (truth or validity)	4119	7
都会	dū huì	city; metropolis	4120	7
海洋	hǎi yáng	ocean	4121	6
摩托车	mó tuō chē	(loanword) motorbike; motorcycle	4123	5
金融	jīn róng	banking; finance; financial	4125	6
薄	bó	meager; slight; weak	4129	4
贸易	mào yì	(commercial) trade	4129	5
窗户	chuāng hu	window	4130	4
楼下	lóu xià	downstairs	4135	1
子弹	zǐ dàn	bullet	4136	5
面包	miàn bāo	bread	4138	1
装修	zhuāng xiū	to decorate; interior decoration; to fit up	4138	4
填	tián	to fill or stuff; (of a form etc) to fill in	4140	4
首席	shǒu xí	chief (representative, correspondent etc)	4140	6
成分	chéng fèn	composition; ingredient; element; component; one's social status	4143	6
同一	tóng yī	identical; the same	4145	6
召开	zhào kāi	to convene (a conference or meeting); to convoke; to call together	4146	4
外国	wài guó	foreign (country)	4151	1
唱片	chàng piàn	gramophone record; LP; music CD	4152	4
平常	píng cháng	ordinary; common; usually	4153	2
攻	gōng	to attack; to accuse; to study	4153	7
痕迹	hén jì	vestige; mark; trace	4154	7
移植	yí zhí	to transplant	4158	7
有限	yǒu xiàn	limited; finite	4159	4
不但	bù dàn	not only (... but also ...)	4161	2
事务所	shì wù suǒ	office; firm	4162	7
代替	dài tì	to replace; to take the place of	4167	4
文字	wén zì	character; script; writing	4168	3
冰箱	bīng xiāng	icebox; freezer cabinet; refrigerator	4168	4
过于	guò yú	too much; excessively	4170	5
有利	yǒu lì	advantageous; favorable	4172	3
借口	jiè kǒu	to use as an excuse; excuse; pretext	4172	7
染	rǎn	to dye; to catch (a disease); to acquire (bad habits etc)	4175	5
肾	shèn	kidney	4176	7
清晰	qīng xī	clear; distinct	4178	7
博物馆	bó wù guǎn	museum	4179	5
码头	mǎ tóu	dock; pier; wharf	4184	5
体现	tǐ xiàn	to embody; to reflect; to incarnate	4185	3
热爱	rè ài	to love ardently; to adore	4185	3
咋	zhà	loud noise; shout; suddenly	4187	6
拯救	zhěng jiù	to save; to rescue	4187	7
家具	jiā jù	furniture	4188	3
生长	shēng zhǎng	to grow; to grow up; to be brought up	4189	3
完了	wán le	to be finished; to be done for; ruined	4189	5
循环	xún huán	to cycle; to circulate; circle	4192	6
崩溃	bēng kuì	to collapse; to crumble; to fall apart	4192	7
汇报	huì bào	to report; to give an account of; to collect information and report back	4195	4
从没	cóng méi	never (in the past); never did	4196	6
总裁	zǒng cái	chairman; director-general (of a company etc)	4197	5
协调	xié tiáo	to coordinate; to harmonize; to fit together	4200	6
鉴定	jiàn dìng	to appraise; to identify; to evaluate	4200	6
超越	chāo yuè	to surpass; to exceed; to transcend	4202	5
论文	lùn wén	paper; treatise; thesis	4207	4
膜	mó	membrane; film	4209	6
铺	pù	plank bed; place to sleep; shop	4209	6
泥	ní	mud; clay; paste	4211	6
半夜	bàn yè	midnight; in the middle of the night	4212	2
特色	tè sè	characteristic; distinguishing feature or quality	4212	3
眼里	yǎnli	In the eyes	4213	4
用户	yòng hù	user; consumer; subscriber	4213	5
正义	zhèng yì	justice; righteousness; just	4214	5
民众	mín zhòng	the populace; the masses; the common people	4219	7
电视剧	diàn shì jù	TV series; TV drama	4222	3
不在乎	bù zài hu	not to care	4222	4
棵	kē	classifier for trees, cabbages, plants etc	4222	4
从而	cóng ér	thus; thereby	4223	5
整体	zhěng tǐ	whole entity; entire body; synthesis	4225	3
粗	cū	coarse; rough; thick (for cylindrical objects)	4225	4
身份证	shēn fèn zhèng	identity card; ID	4226	3
综合	zōng hé	comprehensive; composite; synthesized	4226	4
穿越	chuān yuè	to pass through; to traverse; to cross	4227	7
抛弃	pāo qì	to abandon; to discard; to renounce	4229	7
商量	shāng liang	to consult; to talk over; to discuss	4232	2
多年	duō nián	many years; for many years; longstanding	4233	4
场景	chǎng jǐng	scene; scenario; situation; setting	4233	6
收费	shōu fèi	to charge a fee	4234	3
跨	kuà	to step across; to stride over; to straddle	4234	6
形容	xíng róng	to describe; (literary) countenance; appearance	4235	4
青春	qīng chūn	youth; youthfulness	4241	4
列车	liè chē	(railway) train	4242	4
战术	zhàn shù	tactics	4242	6
黄色	huáng sè	yellow (color); pornographic	4243	2
救援	jiù yuán	to save; to support; to help	4243	6
临床	lín chuáng	clinical	4243	7
喜爱	xǐ ài	to like; to love; to be fond of	4247	4
吸收	xī shōu	to absorb; to assimilate; to ingest	4256	4
优雅	yōu yǎ	grace; graceful	4257	7
欲望	yù wàng	desire; longing; appetite; craving	4261	7
败	bài	to defeat; to damage; to lose (to an opponent)	4262	4
迎接	yíng jiē	to welcome; to greet	4264	3
改进	gǎi jìn	to improve; to make better; improvement	4265	3
立场	lì chǎng	position; standpoint	4265	5
小伙子	xiǎo huǒ zi	young man; young guy; lad	4267	4
浪	làng	wave; breaker; unrestrained	4269	7
舒适	shū shì	cozy; snug	4270	4
火灾	huǒ zāi	serious fire (in a city or a forest etc)	4272	5
认定	rèn dìng	to maintain (that sth is true); to determine (a fact); determination (of an amount)	4272	5
建设	jiàn shè	to build; to construct; to establish; to develop; to institute	4276	3
文学	wén xué	literature	4277	3
美味	měi wèi	delicious; delicious food; delicacy	4278	7
会计	kuài jì	accountant; accountancy; accounting	4284	4
跌	diē	to fall; to tumble; to trip	4284	6
姓名	xìng míng	full name	4286	2
仿佛	fǎng fú	to seem; as if; alike	4286	6
不利	bù lì	unfavorable; disadvantageous; harmful	4288	5
漏	lòu	to leak; to divulge; to leave out by mistake	4288	5
妙	miào	clever; wonderful	4292	6
头脑	tóu nǎo	brains; mind; skull	4295	3
难度	nán dù	degree of difficulty	4295	3
狮子	shī zǐ	Leo (star sign); Shihtzu township in Pingtung County 屏东县, Taiwan	4295	7
午餐	wǔ cān	lunch; luncheon	4296	2
屋子	wū zi	house; room	4296	3
好友	hǎo yǒu	close friend; pal; (social networking website) friend	4297	4
倒是	dào shi	contrary to what one might expect; actually; contrariwise	4297	5
议员	yì yuán	member (of a legislative body); representative	4299	7
排队	pái duì	to line up	4300	2
此刻	cǐ kè	this moment; now; at present	4300	5
邪恶	xié è	sinister; vicious; wicked	4300	7
校园	xiào yuán	campus	4303	2
足以	zú yǐ	sufficient to...; so much so that; so that	4303	6
等到	děng dào	to wait until; by the time when (sth is ready etc)	4305	2
尺	chǐ	a Chinese foot; one-third of a meter; a ruler	4305	4
稍微	shāo wēi	a little bit	4305	5
应付	yìng fu	to deal with; to cope	4308	7
胖子	pàng zi	fat person; fatty	4309	4
铁路	tiě lù	railroad; railway	4310	3
汗	hàn	perspiration; sweat; to be speechless (out of helplessness, embarrassment etc) (Internet slang used as an interjection)	4310	5
向前	xiàng qián	forward; onward	4314	5
通信	tōng xìn	to correspond (by letter etc); to communicate; communication	4315	3
购	gòu	to buy; to purchase	4316	7
场面	chǎng miàn	scene; spectacle; occasion	4318	5
一下子	yī xià zi	in a short while; all at once; all of a sudden	4322	5
目光	mù guāng	gaze; (fig.) attention; expression in one's eyes; look; (lit. and fig.) sight; vision	4325	5
缺少	quē shǎo	lack; shortage of; shortfall	4326	3
环保	huán bǎo	environmental protection; environmentally friendly	4327	3
雾	wù	fog; mist	4332	7
家乡	jiā xiāng	hometown; native place	4334	3
祖国	zǔ guó	motherland	4334	6
芯片	xīn piàn	computer chip; microchip	4335	7
生病	shēng bìng	to fall ill	4336	1
伸	shēn	to stretch; to extend	4337	5
一部分	yī bù fen	portion; part of; subset	4346	2
阅读	yuè dú	to read; reading	4349	4
放手	fàng shǒu	to let go one's hold; to give up; to have a free hand	4349	6
发送	fā sòng	to transmit; to dispatch; to issue (an official document or credential)	4350	3
有力	yǒu lì	powerful; forceful; vigorous	4350	5
脱离	tuō lí	to separate oneself from; to break away from; diastasis (medicine)	4351	5
解除	jiě chú	to remove; to sack; to get rid of	4352	5
惩罚	chéng fá	penalty; punishment; to punish	4353	7
好听	hǎo tīng	pleasant to hear	4355	1
穷	qióng	poor; destitute; to use up	4355	4
阿姨	ā yí	maternal aunt; step-mother; childcare worker	4355	4
附	fù	to add; to attach; to be close to; to be attached	4355	7
事务	shì wù	(political, economic etc) affairs; work; transaction (as in a computer database)	4356	7
尽可能	jǐn kě néng	as far as possible; to do one's utmost	4359	5
凶	xiōng	vicious; fierce; ominous	4364	6
爱人	ài ren	spouse (PRC); lover (non-PRC)	4365	2
播出	bō chū	to broadcast; to air (a TV program etc)	4365	3
奋斗	fèn dòu	to strive; to struggle	4365	4
读者	dú zhě	reader	4369	3
在意	zài yì	to care about; to mind	4370	7
约定	yuē dìng	to agree on sth (after discussion); to conclude a bargain; to arrange	4371	6
技能	jì néng	technical ability; skill	4372	5
多数	duō shù	majority; most	4376	2
寸	cùn	a unit of length; inch; thumb	4381	5
消费	xiāo fèi	to consume; to spend	4382	3
实行	shí xíng	to implement; to carry out; to put into practice	4383	3
抵抗	dǐ kàng	to resist; resistance	4384	6
动机	dòng jī	motive; motivation	4386	5
情节	qíng jié	circumstances; plot; storyline	4390	5
驾	jià	to harness; to draw (a cart etc); to drive	4390	7
西方	xī fāng	the West; the Occident; Western countries	4391	2
预期	yù qī	to expect; to anticipate	4393	5
援助	yuán zhù	to help; to support; to aid	4393	6
虽	suī	although; even though	4393	6
讨	tǎo	to invite; to provoke; to demand or ask for	4393	7
打扮	dǎ ban	to decorate; to dress; to make up	4394	5
侵犯	qīn fàn	to infringe on; to encroach on; to violate	4394	6
开会	kāi huì	to hold a meeting; to attend a meeting	4398	1
生涯	shēng yá	career; life (way in which sb lives); period of one's life	4401	7
乐趣	lè qù	delight; pleasure; joy	4402	4
战场	zhàn chǎng	battlefield	4405	6
知名	zhī míng	well-known; famous	4410	6
钱包	qián bāo	purse; wallet	4411	1
春天	chūn tiān	spring (season)	4411	2
吵架	chǎo jià	to quarrel; to have a row; quarrel	4413	3
兔	tù	rabbit	4413	5
熬	áo	to cook on a slow fire; to extract by heating; to decoct	4418	7
货车	huò chē	truck; van; freight wagon	4418	7
推出	tuī chū	to push out; to release; to launch	4420	6
大学生	dà xué shēng	university student; college student	4422	1
超市	chāo shì	supermarket (abbr. for 超级市场)	4427	2
巧	qiǎo	opportunely; coincidentally; as it happens	4427	3
多次	duō cì	many times; repeatedly	4428	4
出场	chū chǎng	(of a performer) to come onto the stage to perform; (of an athlete) to enter the arena to compete; (fig.) to enter the scene (e.g. a new product)	4428	6
男女	nán nǚ	male-female; male and female	4429	4
一向	yī xiàng	always (previously); a period of time in the recent past	4429	5
天才	tiān cái	talent; gift; genius	4429	5
绝望	jué wàng	to despair; to give up all hope; desperate	4430	5
迷人	mí rén	fascinating; enchanting; charming	4430	5
收回	shōu huí	to regain; to retake; to take back	4431	4
职位	zhí wèi	position; post; job	4431	5
拍卖	pāi mài	to auction; auction sale; to sell at a reduced price	4442	7
化妆	huà zhuāng	to put on makeup	4444	7
球场	qiú chǎng	stadium; sports ground; court	4445	2
骗子	piàn zi	swindler; a cheat	4446	5
外科	wài kē	surgery (branch of medicine)	4446	6
节奏	jié zòu	rhythm; tempo; musical pulse	4446	6
名义	míng yì	name; titular; nominal	4447	6
裁判	cái pàn	judgment; to referee; umpire	4450	5
从不	cóng bù	never	4450	6
桩	zhuāng	stump; stake; pile	4450	7
角落	jiǎo luò	nook; corner	4451	7
渐渐	jiàn jiàn	gradually	4452	4
剧本	jù běn	script for play, opera, movie etc; screenplay; scenario	4455	5
口味	kǒu wèi	a person's preferences; tastes (in food); flavor	4455	7
亲密	qīn mì	intimate; close	4458	4
着急	zháo jí	to worry; to feel anxious; to feel a sense of urgency; to be in a hurry; Taiwan pr. [zhāo jí]	4461	4
具备	jù bèi	to possess; to have; equipped with	4462	4
住院	zhù yuàn	to be in hospital; to be hospitalized	4464	2
版本	bǎn běn	version; edition; release	4464	6
姿势	zī shì	posture; position	4464	7
教学	jiào xué	teaching; instruction	4466	2
干扰	gān rǎo	to disturb; to interfere; perturbation	4467	5
干脆	gān cuì	candid; direct and to the point; simply	4467	5
联络	lián luò	to get in touch with; to contact; to stay in contact (with)	4467	5
肿	zhǒng	to swell; swelling; swollen	4469	6
增强	zēng qiáng	to increase; to strengthen	4471	5
途径	tú jìng	way; means; channel	4471	6
椅子	yǐ zi	chair	4472	2
不安	bù ān	unpeaceful; unstable; uneasy	4472	3
体系	tǐ xì	system; setup	4476	7
座位	zuò wèi	seat	4477	2
车站	chē zhàn	rail station; bus stop	4480	1
遭受	zāo shòu	to suffer; to sustain (loss, misfortune)	4480	6
康复	kāng fù	to recuperate; to recover (health); to convalesce	4482	6
谨慎	jǐn shèn	cautious; prudent	4482	7
首都	shǒu dū	capital (city)	4483	3
握	wò	to hold; to grasp; to clench (one's fist); (bound form) to have in one's control	4486	5
尽力	jìn lì	to strive one's hardest; to spare no effort	4488	4
陌生	mò shēng	strange; unfamiliar	4488	7
穿过	chuān guò	to pass through	4489	7
轨道	guǐ dào	track (for trains etc); orbit (of a satellite); (fig.) a person's established path in life	4493	6
城镇	chéng zhèn	town; cities and towns	4497	6
新娘	xīn niáng	bride	4498	4
忍受	rěn shòu	to bear; to endure	4498	5
企图	qǐ tú	to attempt; to try; attempt	4499	6
扶	fú	to support with the hand; to help sb up; to support oneself by holding onto something	4500	5
车祸	chē huò	traffic accident; car crash	4500	7
脆弱	cuì ruò	weak; frail	4501	7
下载	xià zǎi	to download; also pr. [xià zài]	4502	4
引擎	yǐn qíng	engine (loanword)	4502	7
爹	diē	dad	4503	7
维修	wéi xiū	maintenance (of equipment); to protect and maintain	4508	4
整整	zhěng zhěng	whole; full	4509	3
漫画	màn huà	caricature; cartoon; Japanese manga	4509	5
构成	gòu chéng	to constitute; to form; to compose	4510	4
窝	wō	nest; pit or hollow on the human body; lair	4511	7
口袋	kǒu dài	pocket; bag; sack	4512	4
无限	wú xiàn	unlimited; unbounded	4514	4
不良	bù liáng	bad; harmful; unhealthy	4514	5
走路	zǒu lù	to walk; to go on foot	4517	1
忽然	hū rán	suddenly; all of a sudden	4518	2
吃惊	chī jīng	to be startled; to be shocked; to be amazed	4518	4
肩膀	jiān bǎng	shoulder	4518	7
上场	shàng chǎng	on stage; to go on stage; to take the field	4521	7
发言	fā yán	to make a speech; statement; utterance	4527	3
真诚	zhēn chéng	sincere; genuine; true	4527	5
继承	jì chéng	to inherit; to succeed to (the throne etc); to carry on (a tradition etc)	4528	5
前来	qián lái	to come (formal); before; previously	4529	6
平台	píng tái	platform; terrace; flat-roofed building	4530	6
依据	yī jù	according to; basis; foundation	4533	5
祈祷	qí dǎo	to pray; to say one's prayers; prayer	4534	7
小朋友	xiǎo péng yǒu	child	4536	1
国会	guó huì	Parliament (UK); Congress (US); Diet (Japan)	4539	6
挣	zhèng	to struggle to get free; to strive to acquire; to make (money)	4542	5
暂停	zàn tíng	to suspend; time-out (e.g. in sports); stoppage	4545	5
羡慕	xiàn mù	to envy; to admire	4551	7
弥补	mí bǔ	to complement; to make up for a deficiency	4555	7
观念	guān niàn	notion; thought; concept	4558	3
残	cán	to destroy; to spoil; to ruin	4560	7
扑	pū	to throw oneself at; to pounce on; to devote one's energies	4563	6
天生	tiān shēng	nature; disposition; innate	4564	7
须	xū	beard; mustache; feeler (of an insect etc)	4564	7
大胆	dà dǎn	brazen; audacious; outrageous	4565	5
催	cuī	to urge; to press; to prompt	4565	7
抵达	dǐ dá	to arrive; to reach (a destination)	4566	6
改革	gǎi gé	reform; to reform	4569	5
假期	jià qī	vacation	4572	2
游客	yóu kè	traveler; tourist; (online gaming) guest player	4572	2
肝	gān	liver; (slang) to put in long hours, typically late into the night, playing (a video game); (of a video game) involving a lot of repetition in order to progress; grindy	4573	6
怪物	guài wu	monster; freak; eccentric person	4575	7
嘴巴	zuǐ ba	mouth; slap in the face	4576	4
也好	yě hǎo	that's fine; may as well; (reduplicated) regardless of whether ... or ...	4579	5
留言	liú yán	to leave a message; to leave one's comments; message	4582	6
登陆	dēng lù	to land; to come ashore; to make landfall (of typhoon etc)	4583	7
左边	zuǒ bian	left; the left side; to the left of	4584	1
扫	sǎo	to sweep	4584	4
偷偷	tōu tōu	stealthily; secretly; covertly	4590	5
告别	gào bié	to leave; to part from; to bid farewell to; to say goodbye to	4591	3
灵感	líng gǎn	inspiration; insight; a burst of creativity in scientific or artistic endeavor	4591	7
秘书	mì shū	secretary	4599	4
抹	mǒ	to smear; to wipe; to erase	4600	7
报名	bào míng	to sign up; to enter one's name; to apply	4602	2
忽略	hū lu:è	to neglect; to overlook; to ignore	4602	6
捐	juān	to relinquish; to abandon; to contribute; to donate; (bound form) tax; levy	4602	6
众多	zhòng duō	numerous	4607	5
卧室	wò shì	bedroom	4607	5
假装	jiǎ zhuāng	to feign; to pretend	4610	7
失误	shī wù	lapse; mistake; to make a mistake	4614	5
含量	hán liàng	content; quantity contained	4617	4
决不	jué bù	not at all; simply (can) not	4618	5
拿到	ná dào	to get; to obtain	4622	2
脏	zāng	dirty; filthy; to get (sth) dirty	4623	2
此次	cǐ cì	this time	4623	6
燃烧	rán shāo	to ignite; to combust; to burn	4624	4
酱	jiàng	thick paste of fermented soybean; marinated in soy paste; paste	4625	6
反复	fǎn fù	repeatedly; over and over; to upend	4626	3
牙齿	yá chǐ	tooth; dental	4626	7
极其	jí qí	extremely	4627	4
支撑	zhī chēng	to prop up; to support; strut	4627	6
尊敬	zūn jìng	to respect; to revere; to esteem; honorable; distinguished (used on formal occasions before a term of address)	4630	5
依旧	yī jiù	as before; still	4631	5
全家	quán jiā	whole family	4632	2
来临	lái lín	to approach; to come closer	4633	7
包装	bāo zhuāng	to pack; to package; to wrap	4634	5
边缘	biān yuán	edge; fringe; verge; brink; periphery; marginal; borderline	4635	6
日记	rì jì	diary	4636	4
元素	yuán sù	element (key component of sth); (chemistry) element; (math.) element (member of a set)	4636	6
强迫	qiǎng pò	to compel; to force	4640	5
敬	jìng	(bound form) respectful; to respect; to offer politely	4642	7
开通	kāi tōng	to open (a new road or railway line); to set up (a hotline); to launch (a service); to subscribe to (a members-only service)	4644	6
别墅	bié shù	villa	4646	7
增	zēng	(bound form) to increase; to augment; to add to	4648	5
宠物	chǒng wù	house pet	4648	6
高潮	gāo cháo	high tide; high water; upsurge; peak of activity; climax (of a story, a competition etc)	4649	4
四处	sì chù	all over the place; everywhere and all directions	4649	6
浮	fú	to float; superficial; floating	4649	6
从小	cóng xiǎo	from childhood; from a young age	4653	2
缝	fèng	seam; crack; narrow slit	4653	7
奖品	jiǎng pǐn	award; prize	4654	7
钻石	zuàn shí	diamond	4656	7
直升机	zhí shēng jī	helicopter	4657	6
仓库	cāng kù	depot; storehouse; warehouse	4658	6
有意	yǒu yì	to intend; intentionally; interested in	4661	7
回顾	huí gù	to look back; to review	4664	5
肩	jiān	shoulder; to shoulder (responsibilities etc)	4664	5
同情	tóng qíng	to sympathize with; sympathy	4665	4
病情	bìng qíng	state of an illness; patient's condition	4668	6
前提	qián tí	premise; precondition; prerequisite	4669	5
模仿	mó fǎng	to imitate; to copy; to emulate	4669	5
岗位	gǎng wèi	a post; a job	4669	6
磨	mó	to rub; to grind; to polish	4671	6
破产	pò chǎn	to go bankrupt; to become impoverished; bankruptcy	4674	4
清洁	qīng jié	clean; to clean	4675	6
内衣	nèi yī	undergarment; underwear	4676	6
烫	tàng	to scald; to burn (by scalding); to blanch (cooking)	4676	7
说不定	shuō bu dìng	can't say for sure; maybe	4677	4
统治	tǒng zhì	to rule (a country); to govern; rule	4679	7
裸	luǒ	naked	4679	7
场所	chǎng suǒ	location; place	4680	3
甜蜜	tián mì	sweet; happy	4680	7
自豪	zì háo	proud (of one's achievements etc)	4682	5
焦点	jiāo diǎn	focal point; focus (lit. and fig.)	4682	6
福利	fú lì	material benefit; benefit in kind; (social) welfare	4685	5
回应	huí yìng	to respond; response	4686	6
不可思议	bù kě sī yì	inconceivable (idiom); unimaginable; unfathomable	4689	7
故障	gù zhàng	malfunction; breakdown; defect	4690	6
宁愿	nìng yuàn	would rather ... (than ...)	4690	7
联赛	lián sài	(sports) league; league tournament	4691	6
手法	shǒu fǎ	technique; trick; skill	4694	5
指责	zhǐ zé	to criticize; to find fault with; to denounce	4694	5
挑选	tiāo xuǎn	to choose; to select	4696	4
成本	chéng běn	(manufacturing, production etc) costs	4698	5
闯	chuǎng	to rush; to charge; to dash	4698	5
亲人	qīn rén	one's close relatives	4699	3
拼命	pīn mìng	to do one's utmost; with all one's might; at all costs; (to work or fight) as if one's life depends on it	4700	7
免疫	miǎn yì	immunity (to disease)	4704	7
戒指	jiè zhi	(finger) ring	4707	7
处在	chǔ zài	to be situated at; to find oneself at	4708	5
逛	guàng	to stroll; to visit	4709	4
上演	shàng yǎn	to screen (a movie); to stage (a play); a screening	4710	6
骨折	gǔ zhé	to suffer a fracture; (of a bone) to break; fracture	4712	7
早已	zǎo yǐ	for a long time; long since; (dialect) in the past	4715	3
单纯	dān chún	simple; pure; unsophisticated	4715	4
睡眠	shuì mián	sleep; to sleep; (computing) to enter sleep mode	4716	5
割	gē	to cut; to cut apart	4717	7
初步	chū bù	initial; preliminary; tentative	4719	3
渣	zhā	slag (in mining or smelting); dregs	4720	6
比例	bǐ lì	proportion; scale	4723	3
输入	shū rù	to import; to input	4724	3
季节	jì jié	time; season; period	4724	4
困扰	kùn rǎo	to perplex; to disturb; to cause complications	4725	5
假设	jiǎ shè	to suppose; to presume; to assume	4725	7
保佑	bǎo yòu	to bless and protect; blessing	4727	7
切除	qiē chú	to excise; to cut out (a tumor)	4727	7
布置	bù zhì	to put in order; to arrange; to decorate	4729	4
灯光	dēng guāng	(stage) lighting; light	4731	4
欺负	qī fu	to bully	4731	6
色彩	sè cǎi	tint; coloring; coloration; (fig.) flavor; character	4732	4
优先	yōu xiān	to have priority; to take precedence	4732	5
紧紧	jǐn jǐn	closely; tightly	4733	5
好笑	hǎo xiào	laughable; funny; ridiculous	4733	7
吊	diào	to suspend; to hang up; to hang a person	4734	6
手臂	shǒu bì	arm; helper	4735	7
逃避	táo bì	to escape; to evade; to avoid	4735	7
级别	jí bié	(military) rank; level; grade	4736	7
携带	xié dài	to carry (on one's person); to support (old); Taiwan pr. [xī dài]	4738	7
饱	bǎo	to eat till full; satisfied	4742	2
健身	jiàn shēn	to exercise; to keep fit; to work out	4744	4
减轻	jiǎn qīng	to lighten; to ease; to alleviate	4747	5
劳动	láo dòng	work; toil; physical labor	4748	5
创新	chuàng xīn	to bring forth new ideas; to blaze new trails; innovation	4749	3
聚集	jù jí	to assemble; to gather	4749	7
总结	zǒng jié	to sum up; to conclude; summary	4753	3
指定	zhǐ dìng	to appoint; to assign; to indicate clearly and with certainty	4756	6
事先	shì xiān	in advance; before the event; beforehand	4757	4
失业	shī yè	unemployment; to lose one's job	4758	4
无效	wú xiào	not valid; ineffective; in vain	4758	6
癌症	ái zhèng	cancer	4759	7
部位	bù wèi	part (esp. of the body, but also of a vegetable (e.g. the root), or a garment (e.g. the sleeve) etc)	4761	5
融入	róng rù	to blend into; to integrate; to assimilate	4761	6
空调	kōng tiáo	air conditioning; air conditioner (including units that have a heating mode)	4763	3
一共	yī gòng	altogether	4765	2
献	xiàn	to offer; to present; to dedicate	4768	5
哎呀	āi yā	interjection of wonder, shock or admiration	4772	7
南部	nán bù	southern part	4773	3
意志	yì zhì	will; willpower; determination	4774	5
新人	xīn rén	newcomer; fresh talent; newlywed, esp. new bride	4775	6
激励	jī lì	to encourage; to urge; motivation	4775	7
坚定	jiān dìng	firm; steady; staunch	4780	5
月亮	yuè liang	the moon	4781	2
粒	lì	grain; granule; classifier for small round things (peas, bullets, peanuts, pills, grains etc)	4781	7
刚好	gāng hǎo	just; exactly; to happen to be	4782	6
公斤	gōng jīn	kilogram (kg)	4784	2
规律	guī lǜ	rule (e.g. of science); law of behavior; regular pattern	4786	4
待遇	dài yù	treatment; pay; salary	4791	4
比分	bǐ fēn	score	4795	4
淡	dàn	insipid; diluted; weak	4795	4
许可	xǔ kě	to allow; to permit	4795	5
高层	gāo céng	high-rise; high level; high class	4795	6
灾难	zāi nàn	disaster; catastrophe	4796	5
飞船	fēi chuán	spaceship; spacecraft; dirigible	4796	6
孤儿	gū ér	orphan	4797	6
北京	běi jīng	Beijing, capital of the People's Republic of China	4799	1
以便	yǐ biàn	so that; so as to; in order to	4799	5
打扰	dǎ rǎo	to disturb; to bother; to trouble	4800	5
与此同时	yǔ cǐ tóng shí	at the same time; meanwhile	4800	7
江	jiāng	river	4802	4
上下	shàng xià	up and down; top and bottom; old and young	4808	5
幽默	yōu mò	(loanword) humor; humorous	4810	5
无论如何	wú lùn rú hé	whatever the case; in any event; no matter what	4814	7
军人	jūn rén	serviceman; soldier; military personnel	4817	5
办事	bàn shì	to handle (affairs); to work	4819	4
定义	dìng yì	definition; to define	4821	7
塑料	sù liào	plastics	4823	4
做梦	zuò mèng	to dream; to have a dream; fig. illusion	4824	4
正当	zhèng dàng	honest; reasonable; fair	4824	6
图像	tú xiàng	image; picture; graphic	4824	7
逗	dòu	to tease (playfully); to entice; (coll.) to joke; (coll.) funny; amusing	4825	7
修复	xiū fù	to restore; to renovate; (computing) to repair (a corrupted file etc)	4833	5
飘	piāo	to float	4833	7
有用	yǒu yòng	useful	4834	1
清除	qīng chú	to clear away; to eliminate; to get rid of	4835	7
挣扎	zhēng zhá	to struggle	4837	7
常规	cháng guī	code of conduct; conventions; common practice	4838	6
依赖	yī lài	to depend on; to be dependent on	4839	6
没用	méi yòng	useless	4841	3
此事	cǐ shì	this matter	4841	6
物理	wù lǐ	physics; physical	4843	5
机器人	jī qì rén	robot; android	4844	5
分散	fēn sàn	to scatter; to disperse; to distribute	4846	4
误	wù	mistake; error; to miss	4850	6
另一方面	lìng yī fāng miàn	on the other hand; another aspect	4851	3
添	tiān	to add; to increase; to replenish	4852	6
履行	lǚ xíng	to fulfill (one's obligations); to carry out (a task); to implement (an agreement)	4856	7
前途	qián tú	prospects; future outlook; journey	4857	4
器官	qì guān	(physiology) organ; apparatus	4857	4
竞赛	jìng sài	to compete; to race; contest; competition; match; race	4857	5
捏	niē	to hold between the thumb and fingers; to pinch; to mold (using the fingers)	4857	7
被迫	bèi pò	to be compelled; to be forced	4859	4
争夺	zhēng duó	to fight over; to contest; to vie over	4859	6
分裂	fēn liè	to split up; to divide; to break up	4860	6
扫描	sǎo miáo	to scan	4864	7
营养	yíng yǎng	nutrition; nourishment	4865	3
空军	kōng jūn	air force	4866	6
理念	lǐ niàn	idea; concept; philosophy	4867	7
排名	pái míng	to rank (1st, 2nd etc); ranking	4870	3
出事	chū shì	to have an accident; to meet with a mishap	4871	6
频率	pín lǜ	frequency	4871	7
互联网	hù lián wǎng	Internet	4872	3
园	yuán	land used for growing plants; site used for public recreation	4873	6
逃跑	táo pǎo	to flee from sth; to run away; to escape	4877	5
北方	běi fāng	north; the northern part a country; China north of the Yellow River	4879	2
平等	píng děng	equal; equality	4880	2
误会	wù huì	to misunderstand; to mistake; misunderstanding	4880	4
报复	bào fù	to make reprisals; to retaliate; revenge; retaliation	4880	7
纤维	xiān wéi	fiber	4880	7
护理	hù lǐ	to nurse; to tend and protect	4882	7
罐	guàn	can; jar; pot	4885	7
采	cǎi	to pick; to pluck; to collect	4885	7
行李	xíng li	luggage	4886	3
提议	tí yì	proposal; suggestion; to propose	4891	7
说服	shuō fú	to persuade; to convince; to talk sb over	4892	4
打工	dǎ gōng	to work a temporary or casual job; (of students) to have a job outside of class time, or during vacation	4894	2
台上	tái shàng	on stage	4897	4
保守	bǎo shǒu	conservative; to guard; to keep	4898	4
众人	zhòng rén	everyone	4898	7
爱好	ài hào	to like; to be fond of; to take pleasure in; to be keen on; interest; hobby	4902	1
自愿	zì yuàn	voluntary	4902	5
当晚	dāng wǎn	on that evening	4902	7
星星	xīng xing	(coll.) a star; the stars in the sky	4903	2
获取	huò qǔ	to gain; to get; to acquire	4905	4
抱歉	bào qiàn	to be sorry; to feel apologetic; sorry!	4909	6
抗议	kàng yì	to protest; protest	4910	6
取决于	qǔ jué yú	to hinge on; to be decided by; to depend on	4910	7
师傅	shī fu	master; qualified worker; respectful form of address for older men	4911	5
轮胎	lún tāi	tire; pneumatic tire	4913	7
不大	bù dà	not very; not too; not often	4915	1
铜	tóng	copper (chemistry)	4916	7
暗示	àn shì	to hint; to suggest; hint; suggestion	4917	4
朵	duǒ	flower; earlobe; fig. item on both sides	4920	5
尖	jiān	pointed; tapering; sharp; (of a sound) shrill; piercing; (of one's hearing, sight etc) sharp; acute; keen	4920	6
箭	jiàn	arrow	4920	6
成人	chéng rén	adult	4923	4
距	jù	at a distance of; distance; to be apart	4925	7
原始	yuán shǐ	first; original; primitive	4929	5
劫	jié	to rob; to plunder; to seize by force	4931	7
监管	jiān guǎn	to oversee; to take charge of; to supervise	4931	7
总算	zǒng suàn	at long last; finally; on the whole	4933	5
汽油	qì yóu	gasoline	4939	4
谈论	tán lùn	to discuss; to talk about	4939	7
钢琴	gāng qín	piano	4941	5
条例	tiáo lì	regulations; rules; code of conduct; ordinances; statutes	4946	7
浓	nóng	concentrated; dense; strong (smell etc)	4948	4
传递	chuán dì	to transmit; to pass on to sb else; (math.) transitive	4948	5
扭	niǔ	to turn; to twist; to wring	4948	6
多云	duō yún	cloudy (meteorology)	4950	2
转换	zhuǎn huàn	to change; to switch; to convert	4951	5
监视	jiān shì	to monitor; to keep a close watch over; surveillance	4951	7
搭配	dā pèi	to pair up; to match; to arrange in pairs	4952	6
净	jìng	clean; completely; only	4961	6
活跃	huó yuè	active; lively; excited	4961	6
蜜	mì	honey	4961	7
焦	jiāo	burnt; scorched; charred	4965	7
毛病	máo bìng	fault; defect; shortcomings	4966	3
沿	yán	along; to follow (a line, tradition etc); to carry on	4970	6
诞生	dàn shēng	to be born	4971	6
场合	chǎng hé	situation; occasion; context	4974	3
逻辑	luó ji	logic (loanword)	4974	5
脸色	liǎn sè	complexion; look	4977	5
用品	yòng pǐn	articles for use; products; goods	4978	6
担保	dān bǎo	to guarantee; to vouch for	4985	4
午饭	wǔ fàn	lunch	4986	1
衬衫	chèn shān	shirt; blouse	4988	3
麻	má	generic name for hemp, flax etc; hemp or flax fiber for textile materials; sesame	4988	7
收购	shōu gòu	to purchase (from various places); to acquire (a company)	4990	5
宾馆	bīn guǎn	guesthouse; lodge; hotel	4994	5
候选人	hòu xuǎn rén	candidate	4996	7
重建	chóng jiàn	to rebuild; to reestablish; reconstruction	4998	6
擅长	shàn cháng	to be good at; to be expert in	4999	7
兔子	tù zi	hare; rabbit	5002	5
绑	bǎng	to tie; bind or fasten together; to kidnap	5003	7
不满	bù mǎn	resentful; discontented; dissatisfied	5004	2
告知	gào zhī	to inform	5005	7
阴谋	yīn móu	to conspire; to plot; a conspiracy; a plot	5006	6
弯	wān	to bend; bent; a bend; a turn (in a road etc)	5007	4
串	chuàn	to string together; to skewer; to connect wrongly	5008	6
保卫	bǎo wèi	to defend; to safeguard	5011	5
无辜	wú gū	innocent; innocence; not guilty (law)	5012	7
横	héng	horizontal; across; crosswise	5014	6
磅	bàng	scale (instrument for weighing); to weigh; (loanword) pound (unit of weight, about 454 grams)	5014	7
镜子	jìng zi	mirror	5015	4
看好	kān hǎo	to keep an eye on	5015	6
谎言	huǎng yán	lie	5015	7
声称	shēng chēng	to claim; to state; to proclaim	5017	7
背叛	bèi pàn	to betray	5017	7
忽视	hū shì	to neglect; to overlook; to disregard; to ignore	5020	4
密切	mì qiè	close; familiar; intimate	5024	4
眼光	yǎn guāng	gaze; insight; foresight	5024	5
帝国	dì guó	empire; imperial	5025	7
占据	zhàn jù	to occupy; to hold	5028	6
哲学	zhé xué	philosophy	5028	6
夸张	kuā zhāng	to exaggerate; overstated; exaggerated	5029	7
光明	guāng míng	light; radiance; (fig.) bright (prospects etc)	5030	3
介入	jiè rù	to intervene; to get involved	5032	7
例子	lì zi	case; (for) instance; example	5034	2
一流	yī liú	top quality; front ranking	5035	5
片子	piān zi	film; movie; film reel	5039	7
管道	guǎn dào	tubing; pipeline; (fig.) channel	5040	6
股份	gǔ fèn	a share (in a company); stock	5040	7
开工	kāi gōng	to begin work (of a factory or engineering operation); to start a construction job	5042	7
薯条	shǔ tiáo	french fries; french fried potatoes; chips	5044	6
光荣	guāng róng	honor and glory; glorious	5045	5
凶手	xiōng shǒu	murderer; assassin	5045	6
低调	dī diào	low pitch; quiet (voice); subdued	5045	7
招呼	zhāo hu	to call out to; to greet; to say hello to	5046	4
赶上	gǎn shàng	to keep up with; to catch up with; to overtake	5046	6
卡车	kǎ chē	truck	5046	7
嘉宾	jiā bīn	esteemed guest; honored guest; guest (on a show)	5047	6
合格	hé gé	to meet the standard required; qualified; eligible (voter etc)	5048	3
象征	xiàng zhēng	emblem; symbol; token	5049	5
时装	shí zhuāng	fashion; fashionable clothes	5049	6
效应	xiào yìng	effect (scientific phenomenon)	5050	7
优	yōu	excellent; superior	5053	7
小型	xiǎo xíng	small scale; small size	5057	4
射击	shè jī	to shoot; to fire (a gun)	5059	5
筹	chóu	chip (in gambling); token (for counting); ticket; to prepare; to plan; to raise (funds); resource; way; means	5061	7
辐射	fú shè	radiation	5061	7
功	gōng	meritorious deed or service; achievement; result	5063	7
东部	dōng bù	the east; eastern part	5067	3
掏	tāo	to fish out (from pocket); to scoop	5068	6
趴	pā	to lie on one's stomach; to lean forward, resting one's upper body (on a desktop etc); (Tw) percent	5070	7
赌博	dǔ bó	to gamble	5072	6
亲戚	qīn qi	a relative (i.e. family relation)	5076	7
认可	rèn kě	to approve; approval; acknowledgment	5077	3
胸部	xiōng bù	chest; bosom	5077	4
到位	dào wèi	to get to the intended location; to be in place; to be in position	5078	7
涉嫌	shè xián	to be a suspect (in a crime); to be suspected of	5080	7
教室	jiào shì	classroom	5082	2
姜	jiāng	ginger	5083	7
本质	běn zhì	essence; nature; innate character	5084	6
提问	tí wèn	to question; to quiz; to grill	5085	3
录取	lù qǔ	to accept an applicant (prospective student, employee etc) who passes an entrance exam; to admit (a student); to hire (a job candidate)	5087	4
股东	gǔ dōng	shareholder; stockholder	5090	6
上车	shàng chē	to get on or into (a bus, train, car etc)	5091	1
残酷	cán kù	cruel; cruelty	5092	6
客气	kè qi	polite; courteous; formal	5093	5
浅	qiǎn	shallow; light (color)	5099	4
治愈	zhì yù	to cure; to restore to health; uplifting; heartwarming	5099	7
琴	qín	guqin 琴 (a type of zither); musical instrument in general	5101	5
犹豫	yóu yù	to hesitate	5102	5
晃	huàng	to sway; to shake; to wander about	5102	7
中毒	zhòng dú	to be poisoned	5105	5
实践	shí jiàn	practice; to put into practice; to live up to (a promise)	5107	6
当前	dāng qián	the present time; to be faced with	5108	5
好转	hǎo zhuǎn	to improve; to take a turn for the better; improvement	5108	6
闷	mèn	bored; depressed; melancholy	5112	7
小偷	xiǎo tōu	thief	5113	5
戳	chuō	to jab; to poke; to stab	5113	7
曝光	bào guāng	to expose (photography); (fig.) to expose (a scandal); (advertising) exposure	5114	7
家属	jiā shǔ	family member; (family) dependent	5115	3
浑身	hún shēn	all over; from head to foot	5116	7
马路	mǎ lù	street; road	5119	1
坚决	jiān jué	firm; resolute; determined	5120	3
早期	zǎo qī	early period; early phase; early stage	5122	5
宪法	xiàn fǎ	constitution (of a country)	5123	7
难得	nán dé	seldom; rare; hard to come by	5125	5
钉	dìng	to join things together by fixing them in place at one or more points; to nail; to pin	5126	7
尽情	jìn qíng	as much as one likes	5132	7
传来	chuán lái	(of a sound) to come through; to be heard; (of news) to arrive	5133	3
讲述	jiǎng shù	to talk about; to narrate; to give an account	5134	7
快要	kuài yào	nearly at the point of (doing sth); about to (do sth)	5135	2
东方	dōng fāng	the East; the Orient; two-character surname Dongfang	5137	2
防御	fáng yù	defense; to defend	5137	7
外表	wài biǎo	external; outside; outward appearance	5139	7
门票	mén piào	ticket (for theater, cinema etc)	5140	1
赛车	sài chē	auto race; cycle race; race car	5140	7
人格	rén gé	personality; integrity; dignity	5144	7
从前	cóng qián	previously; formerly; once upon a time	5145	3
日常	rì cháng	day-to-day; daily; everyday	5145	3
十足	shí zú	ample; complete; hundred percent	5146	5
忠诚	zhōng chéng	devoted; loyal; fidelity	5148	7
杀害	shā hài	to murder	5148	7
腐败	fǔ bài	corruption; to corrupt; to rot	5148	7
深处	shēn chù	abyss; depths; deepest or most distant part	5150	5
力气	lì qi	strength	5156	4
发作	fā zuò	to flare up; to break out	5156	7
震撼	zhèn hàn	to shake; to shock; to stun	5156	7
鉴于	jiàn yú	in view of; seeing that; considering	5159	7
窗口	chuāng kǒu	window; opening providing restricted access (e.g. customer service window); computer operating system window	5160	6
常见	cháng jiàn	commonly seen; common; to see sth frequently	5164	2
楼梯	lóu tī	stair; staircase	5165	4
老实	lǎo shi	honest; sincere; well-behaved; naive; gullible	5167	4
局势	jú shì	situation; state (of affairs)	5167	7
魂	hún	soul; spirit; immortal soul (that can be detached from the body)	5167	7
大厦	dà shà	(used in the names of grand buildings such as 百老汇大厦 Broadway Mansions (in Shanghai) or 帝国大厦 Empire State Building etc)	5170	7
隧道	suì dào	tunnel	5170	7
债	zhài	debt	5172	6
损害	sǔn hài	harm; to damage; to impair	5173	5
品质	pǐn zhì	character; intrinsic quality (of a person); quality (of a product or service, or as in "quality of life", "air quality" etc)	5177	4
势力	shì li	power; influence; a force (military, political etc)	5177	5
缺点	quē diǎn	weak point; fault; shortcoming	5178	3
尚未	shàng wèi	not yet; still not	5178	7
设立	shè lì	to set up; to establish	5179	3
抑制	yì zhì	to inhibit; to keep down; to suppress	5184	7
预防	yù fáng	to prevent; to take precautions against; to protect	5185	3
指数	zhǐ shù	(numerical, statistical) index; (math.) exponent; index	5185	6
精心	jīng xīn	with utmost care; fine; meticulous	5186	7
效率	xiào lǜ	efficiency	5188	4
极端	jí duān	extreme	5189	6
提名	tí míng	to nominate	5189	7
理性	lǐ xìng	reason; rationality; rational	5194	7
耐	nài	(bound form) to bear; to endure; to withstand	5195	7
鹰	yīng	eagle; falcon; hawk	5195	7
情景	qíng jǐng	scene; spectacle; circumstances	5196	4
服用	fú yòng	to take (medicine)	5197	7
必然	bì rán	inevitable; certain; necessity	5199	3
流氓	liú máng	rogue; hoodlum; gangster	5202	7
影像	yǐng xiàng	image	5203	7
珍贵	zhēn guì	precious	5205	5
赔	péi	to compensate for loss; to indemnify; to suffer a financial loss	5207	5
略	lu:è	brief; sketchy; outline; summary; to omit	5208	7
机票	jī piào	air ticket; passenger ticket	5209	1
遗产	yí chǎn	heritage; legacy; inheritance	5210	4
竞选	jìng xuǎn	to take part in an election; to run for office	5211	7
理智	lǐ zhì	reason; intellect; rationality	5215	6
风暴	fēng bào	storm; violent commotion; fig. crisis (e.g. revolution, uprising, financial crisis etc)	5216	6
摘	zhāi	to take; to borrow; to pick (flowers, fruit etc)	5217	5
扁	biǎn	flat; (coll.) to beat (sb) up	5218	6
写作	xiě zuò	to write; to compose; writing	5219	3
商人	shāng rén	merchant; businessman	5221	2
撤	chè	to remove; to take away	5225	7
捐赠	juān zèng	to contribute (as a gift); to donate; benefaction	5227	6
糟	zāo	dregs; draff; pickled in wine	5229	5
呵	hē	expel breath; my goodness	5230	6
着手	zhuó shǒu	to put one's hand to it; to start out on a task; to set out	5230	7
指望	zhǐ wàng	to count on; to hope for; prospect; hope	5232	7
皇帝	huáng dì	emperor	5233	6
业余	yè yú	in one's spare time; outside working hours; amateur (historian etc)	5236	4
搭档	dā dàng	to cooperate; partner	5237	6
少数	shǎo shù	small number; few; minority	5240	2
学者	xué zhě	scholar	5241	5
古老	gǔ lǎo	ancient; old; age-old	5243	5
使命	shǐ mìng	mission; long-term task to which one devotes oneself; a calling	5244	7
没错	méi cuò	that's right; sure!; rest assured!	5245	4
议会	yì huì	parliament; legislative assembly	5245	7
交谈	jiāo tán	to discuss; to converse; chat; discussion	5246	7
残忍	cán rěn	cruel; mean; merciless	5247	7
深深	shēn shēn	deep; profound	5249	6
身高	shēn gāo	(a person's) height	5251	4
倒霉	dǎo méi	to have bad luck; to be out of luck	5252	7
取代	qǔ dài	to replace; to supersede; to supplant	5252	7
胳膊	gē bo	arm	5256	7
模拟	mó nǐ	imitation; to simulate; to imitate	5259	7
危害	wēi hài	to jeopardize; to harm; to endanger	5260	3
对比	duì bǐ	to contrast; contrast; ratio	5260	4
住宅	zhù zhái	residence; dwelling; abode	5260	6
手续	shǒu xù	procedure; formalities	5265	3
季度	jì dù	quarter of a year; season (sports)	5266	4
摄影师	shè yǐng shī	photographer; cameraman	5266	5
楼上	lóu shàng	upstairs; (Internet slang) previous poster in a forum thread	5267	1
四周	sì zhōu	all around	5269	5
丧失	sàng shī	to lose; to forfeit	5269	6
争论	zhēng lùn	to argue; to debate; to contend	5270	4
冬	dōng	(onom.) beating a drum; rat-a-tat	5272	3
傻瓜	shǎ guā	idiot; fool	5273	7
追踪	zhuī zōng	to follow a trail; to trace; to pursue	5274	7
休闲	xiū xián	leisure; relaxation; not working	5276	5
走过	zǒu guò	to walk past; to pass by	5277	2
保密	bǎo mì	to keep sth confidential; to maintain secrecy	5279	4
旋转	xuán zhuǎn	to rotate; to revolve; to spin	5279	6
吞	tūn	to swallow; to take	5282	6
致命	zhì mìng	fatal; mortal; deadly	5285	7
反抗	fǎn kàng	to resist; to rebel	5287	6
等级	děng jí	grade; rank; status	5289	5
签字	qiān zì	to sign (one's name); signature	5289	5
赞助	zàn zhù	to support; to assist; to sponsor	5290	4
戏剧	xì jù	a drama; a play; theater; script of a play	5290	5
资助	zī zhù	to subsidize; to provide financial aid; subsidy	5290	5
正面	zhèng miàn	front; obverse side; right side	5294	7
难怪	nán guài	(it's) no wonder (that...); (it's) not surprising (that)	5294	7
包围	bāo wéi	to surround; to encircle; to hem in	5295	5
玉	yù	jade	5296	4
围绕	wéi rào	to revolve around; to center on (an issue)	5297	5
隔离	gé lí	to separate; to isolate	5300	7
人性	rén xìng	human nature; humanity; human	5302	7
人选	rén xuǎn	choice of person; candidate	5303	7
毫不	háo bù	hardly; not in the least; not at all	5303	7
隔壁	gé bì	next door; neighbor	5305	5
作风	zuò fēng	style; style of work; way	5307	7
歪	wāi	askew; at a crooked angle; devious	5307	7
美妙	měi miào	beautiful; wonderful; splendid	5307	7
办公	bàn gōng	to handle official business; to work (esp. in an office)	5310	6
在内	zài nèi	(included) in it; among them	5311	5
跪	guì	to kneel	5311	6
举动	jǔ dòng	act; action; activity	5314	5
细菌	xì jūn	bacterium; germ	5314	6
出血	chū xuè	to bleed; bleeding; (fig.) to spend money in large amounts	5314	7
外交	wài jiāo	diplomacy; diplomatic; foreign affairs	5317	3
打败	dǎ bài	to defeat; to overpower; to beat	5317	4
棉	mián	generic term for cotton or kapok; cotton; padded or quilted with cotton	5317	6
缩小	suō xiǎo	to reduce; to decrease; to shrink	5320	4
情侣	qíng lǚ	sweethearts; lovers	5325	7
含有	hán yǒu	to contain; including	5329	4
本事	běn shì	source material; original story	5333	3
抽烟	chōu yān	to smoke (a cigarette, tobacco)	5335	4
纯粹	chún cuì	pure; unadulterated; purely	5335	7
晓得	xiǎo de	to know	5338	6
收益	shōu yì	earnings; profit	5339	4
废	fèi	to abolish; to abandon; to abrogate	5340	7
缠	chán	to wind around; to wrap round; to coil	5340	7
顾	gù	to look after; to take into consideration; to attend to	5341	6
潮	cháo	tide; damp; moist; humid; fashionable; trendy	5342	4
英镑	yīng bàng	pound sterling	5342	7
偶然	ǒu rán	incidentally; occasional; occasionally	5343	5
掌声	zhǎng shēng	applause	5343	6
押	yā	to mortgage; to pawn; to detain in custody	5343	7
困境	kùn jìng	predicament; plight	5345	7
服务器	fú wù qì	server (computer)	5345	7
规矩	guī ju	lit. compass and set square; fig. established standard; rule	5345	7
拉开	lā kāi	to pull open; to pull apart; to space out	5347	4
短暂	duǎn zàn	of short duration; brief; momentary	5349	7
接收	jiē shōu	reception (of transmitted signal); to receive; to accept	5350	6
大规模	dà guī mó	large scale; extensive; wide scale	5352	4
评审	píng shěn	to appraise; to evaluate; to judge	5353	7
高速公路	gāo sù gōng lù	expressway; highway; freeway	5363	3
鹿	lù	deer	5364	7
种子	zhǒng zi	seed	5365	3
幢	zhuàng	classifier for buildings; carriage curtain (old)	5366	7
数据库	shù jù kù	database	5370	7
大使	dà shǐ	ambassador; envoy	5374	6
崇拜	chóng bài	to worship; adoration	5376	6
模糊	mó hu	vague; indistinct; fuzzy	5378	5
信念	xìn niàn	faith; belief; conviction	5379	5
差别	chā bié	difference; distinction; disparity	5380	5
担	dān	to undertake; to carry; to shoulder	5380	7
赞成	zàn chéng	to approve; to endorse; (literary) to assist	5381	4
出手	chū shǒu	to dispose of; to spend (money); to undertake a task	5381	7
保姆	bǎo mǔ	nanny; housekeeper	5382	7
更新	gēng xīn	to replace the old with new; to renew; to renovate	5383	5
颁奖	bān jiǎng	to confer an award	5383	7
模样	mú yàng	look; style; appearance	5384	5
当场	dāng chǎng	at the scene; on the spot	5385	5
特定	tè dìng	special; specific; designated	5385	5
复制	fù zhì	to duplicate; to make a copy of; to copy	5395	4
刑事	xíng shì	criminal; penal	5397	6
兹	zī	now; here; this	5397	7
消化	xiāo huà	to digest (food); (fig.) to absorb (information etc); to assimilate; to process	5399	4
虾	xiā	shrimp; prawn	5399	7
翘	qiào	to stick up; to rise on one end; to tilt	5400	7
得出	dé chū	to obtain (a result); to arrive at (a conclusion)	5401	2
锁定	suǒ dìng	to lock (a door); to close with a latch; to lock into place	5401	7
录音	lù yīn	to record (sound); sound recording	5402	3
地狱	dì yù	hell; infernal; underworld	5402	7
餐馆	cān guǎn	restaurant	5405	5
接待	jiē dài	to receive (a visitor); to admit (allow sb to enter)	5407	3
看待	kàn dài	to look upon; to regard	5407	5
消	xiāo	to diminish; to subside; to consume; to reduce; to idle away (the time)	5407	7
打架	dǎ jià	to fight; to scuffle; to come to blows	5413	5
举报	jǔ bào	to report (malefactors to the police); to denounce	5414	7
推动	tuī dòng	to push (e.g. for acceptance of a plan); to promote; to give impetus to	5417	3
气息	qì xī	breath; smell; odor	5417	7
起飞	qǐ fēi	(of an aircraft) to take off	5419	2
疑问	yí wèn	question; interrogation; doubt	5419	4
北部	běi bù	northern part	5420	3
打造	dǎ zào	to create; to build; to develop	5421	6
影响力	yǐng xiǎng lì	influence; impact	5422	6
潜在	qián zài	hidden; potential; latent	5425	7
适用	shì yòng	to be applicable	5429	3
网球	wǎng qiú	tennis; tennis ball	5430	2
助手	zhù shǒu	assistant; helper	5431	5
度假	dù jià	to go on holidays; to spend one's vacation	5431	7
演绎	yǎn yì	(of a story etc) to unfold; to play out; to develop (a technique etc)	5431	7
包裹	bāo guǒ	to wrap up; to bind up; bundle	5432	4
想不到	xiǎng bu dào	unexpected; hard to imagine; it had not occurred to me	5435	6
得以	dé yǐ	able to; so that sb can; enabling	5437	5
键	jiàn	key (on a piano or computer keyboard); button (on a mouse or other device); chemical bond	5438	5
首相	shǒu xiàng	prime minister (of Japan or UK etc)	5438	6
闲	xián	enclosure; (variant of 闲) idle; unoccupied	5440	5
上市	shàng shì	to hit the market (of a new product); to float (a company on the stock market)	5443	6
真理	zhēn lǐ	truth	5445	5
孔	kǒng	hole; classifier for cave dwellings	5446	6
灌	guàn	to irrigate; to pour; to install (software)	5446	7
客观	kè guān	objective; impartial	5447	3
善于	shàn yú	to be good at; to be adept at	5447	4
震	zhèn	to shake; to vibrate; to jolt	5448	7
猜测	cāi cè	to guess; to conjecture; to surmise	5450	5
吻合	wěn hé	to be a good fit; to be identical with; to adjust oneself to	5450	7
老虎	lǎo hǔ	tiger	5451	4
会长	huì zhǎng	president of a club, committee etc	5451	6
停车场	tíng chē chǎng	parking lot; car park	5453	2
随机	suí jī	according to the situation; pragmatic; random	5453	7
典礼	diǎn lǐ	celebration; ceremony	5455	5
发起	fā qǐ	to originate; to initiate; to launch (an attack, an initiative etc)	5460	6
生理	shēng lǐ	physiology	5461	7
拜托	bài tuō	to request sb to do sth; please!	5463	7
裙子	qún zi	skirt	5466	3
场地	chǎng dì	space; site; place	5466	6
滋味	zī wèi	taste; flavor; feeling	5466	7
人间	rén jiān	the human world; the earth	5471	5
脂肪	zhī fáng	fat (in the body, in a plant, or in food)	5472	7
香蕉	xiāng jiāo	banana	5473	3
审查	shěn chá	to examine; to investigate; to censor out	5475	6
打球	dǎ qiú	to play ball; to play with a ball	5476	1
港口	gǎng kǒu	port; harbor	5477	6
应用	yìng yòng	to put to use; to apply; practical	5484	3
牌子	pái zi	sign; trademark; brand	5484	3
转向	zhuǎn xiàng	to change direction; fig. to change one's stance	5484	5
丝毫	sī háo	the slightest amount or degree; a bit	5484	7
著作	zhù zuò	to write; literary work; book	5487	4
放大	fàng dà	to enlarge; to magnify	5489	5
大海	dà hǎi	sea; ocean	5490	2
挖掘	wā jué	to excavate; to dig; to unearth	5490	7
权威	quán wēi	authority; authoritative; power and prestige	5493	7
债务	zhài wù	debt; liability; amount due	5497	7
谱	pǔ	chart; list; table	5498	7
乘坐	chéng zuò	to ride (in a vehicle)	5499	5
驻	zhù	to halt; to stay; to be stationed (of troops, diplomats etc)	5499	6
永恒	yǒng héng	eternal; everlasting; fig. to pass into eternity (i.e. to die)	5499	7
覆盖	fù gài	to cover	5499	7
渠道	qú dào	irrigation ditch; (fig.) channel; means	5503	6
反击	fǎn jī	to strike back; to beat back; to counterattack	5503	7
凡	fán	ordinary; commonplace; mundane	5504	7
花费	huā fèi	expense; cost; to spend (time or money)	5505	6
气质	qì zhì	temperament; personality traits; manners	5505	7
尊严	zūn yán	dignity; sanctity; honor	5506	7
再度	zài dù	once more; once again; one more time	5508	7
伤亡	shāng wáng	casualties; injuries and deaths	5509	6
景	jǐng	(bound form) scenery; circumstance; situation	5509	6
鼓	gǔ	drum; to drum; to strike	5510	5
做饭	zuò fàn	to prepare a meal; to cook	5512	2
下手	xià shǒu	to start; to put one's hand to; to set about	5513	7
大多	dà duō	for the most part; many; most	5520	4
见识	jiàn shi	to gain first-hand knowledge of sth; to experience for oneself; knowledge	5520	7
歌词	gē cí	song lyric; lyrics	5523	6
包含	bāo hán	to contain; to embody; to include	5524	4
过敏	guò mǐn	oversensitive; allergic; allergy	5527	5
宰	zǎi	to slaughter; to butcher; to kill (animals etc); (coll.) to fleece; to rip off; to overcharge; (bound form) to govern; to rule	5527	7
诚实	chéng shí	honest	5528	4
服务员	fú wù yuán	waiter; waitress; attendant	5531	3
交叉	jiāo chā	to cross; to intersect; to overlap	5532	7
缺陷	quē xiàn	defect; flaw	5536	6
现状	xiàn zhuàng	current situation	5540	5
电台	diàn tái	transmitter-receiver; broadcasting station; radio station	5542	3
毛衣	máo yī	(wool) sweater	5546	4
出租	chū zū	to rent	5547	2
酒精	jiǔ jīng	alcohol; ethanol CH3CH2OH; ethyl alcohol	5549	7
男士	nán shì	man; gentleman	5551	4
这时候	zhè shíhòu	At this moment	5552	2
查出	chá chū	to find out; to discover	5557	6
沾	zhān	to moisten; to be infected by; to receive benefit or advantage through a contact	5557	7
总理	zǒng lǐ	premier; prime minister	5561	4
老是	lǎo shi	always	5562	2
限	xiàn	to limit; to restrict; (bound form) limit	5564	7
骨头	gǔ tou	bone; moral character; bitterness	5565	4
可笑	kě xiào	funny; ridiculous	5565	7
上门	shàng mén	to drop in; to visit; to lock a door	5566	4
捞	lāo	to fish up; to dredge up	5566	7
集合	jí hé	to gather; to assemble; (math.) set	5571	4
宝贵	bǎo guì	valuable; precious; to value	5572	4
上级	shàng jí	higher authorities; superiors	5572	5
动脉	dòng mài	artery	5572	7
顶级	dǐng jí	top-notch; first-rate	5572	7
童年	tóng nián	childhood	5573	4
多年来	duō nián lái	for the past many years	5576	7
蠢	chǔn	stupid; sluggish; clumsy	5576	7
进口	jìn kǒu	to import; imported; entrance	5578	4
凤凰	fèng huáng	phoenix	5578	7
睁	zhēng	to open (one's eyes)	5578	7
扩散	kuò sàn	to spread; to proliferate; to diffuse	5579	7
条款	tiáo kuǎn	clause (of contract or law)	5580	7
心思	xīn si	mind; thoughts; inclination	5582	7
贿赂	huì lù	to bribe; a bribe	5584	7
阴影	yīn yǐng	(lit. and fig.) shadow	5588	6
硬盘	yìng pán	hard disk	5591	7
金牌	jīn pái	gold medal	5592	3
炮	bāo	to sauté; to fry; to dry by heating	5592	6
例外	lì wài	exception; to be an exception	5594	5
沉重	chén zhòng	heavy; hard; serious	5595	4
从中	cóng zhōng	from within; therefrom	5596	5
仪器	yí qì	instrument; apparatus	5598	6
无线	wú xiàn	wireless	5601	7
秋	qiū	autumn; fall; harvest time	5603	3
市区	shì qū	urban district; downtown; city center	5603	4
工程师	gōng chéng shī	engineer	5605	3
现有	xiàn yǒu	currently existing; currently available	5606	5
封锁	fēng suǒ	to blockade; to seal off; to lock down	5606	7
命名	mìng míng	to give a name to; to dub; to christen	5608	7
部署	bù shǔ	to dispose; to deploy; deployment	5610	7
土豆	tǔ dòu	potato; (Tw) peanut	5611	5
样本	yàng běn	sample; specimen	5611	7
月份	yuè fèn	month	5613	2
严厉	yán lì	severe; strict	5614	5
示范	shì fàn	to demonstrate; to show how to do sth; demonstration	5614	5
赋予	fù yǔ	to assign; to entrust (a task); to give	5614	7
进程	jìn chéng	course of events; process	5615	7
封闭	fēng bì	to close; to seal off; to close down (an illegal venue); closed (i.e. isolated from outside input)	5618	4
展览	zhǎn lǎn	to put on display; to exhibit; exhibition	5620	5
流感	liú gǎn	flu; influenza	5632	6
氧	yǎng	oxygen (chemistry)	5633	7
处罚	chǔ fá	to penalize; to punish	5634	5
见证	jiàn zhèng	to be witness to; witness; evidence	5635	7
遗传	yí chuán	heredity; to inherit (a trait); to pass on (to one's offspring)	5637	4
血压	xuè yā	blood pressure	5637	7
孙子	sūn zi	grandson; son's son	5639	4
钩	gōu	to hook; to sew; to crochet	5639	7
行驶	xíng shǐ	to travel along a route (of vehicles etc)	5640	5
盗	dào	to steal; to rob; to plunder	5640	7
优点	yōu diǎn	merit; benefit; strong point	5641	3
超出	chāo chū	to exceed; to overstep; to go too far	5642	6
教堂	jiào táng	church; chapel	5643	6
识别	shí bié	to distinguish; to discern; to identify; to recognize	5643	7
异性	yì xìng	the opposite sex; of the opposite sex; heterosexual	5644	7
纠正	jiū zhèng	to correct; to make right	5645	6
客厅	kè tīng	drawing room (room for arriving guests); living room	5646	5
下雨	xià yǔ	to rain	5648	1
饮食	yǐn shí	eating and drinking; food and drink; diet	5648	5
难忘	nán wàng	unforgettable	5648	6
脚步	jiǎo bù	footstep; step	5649	5
颇	pō	rather; quite; considerably	5653	7
开枪	kāi qiāng	to open fire; to shoot a gun	5657	7
钢	gāng	steel	5658	7
溜	liū	to slip away; to escape in stealth; to skate	5659	7
完善	wán shàn	(of systems, facilities etc) comprehensive; well-developed; excellent	5660	3
农场	nóng chǎng	farm	5660	7
摇滚	yáo gǔn	rock 'n' roll (music); to rock; to fall off	5660	7
魔鬼	mó guǐ	devil	5671	7
猴子	hóu zi	monkey	5675	4
陪伴	péi bàn	to accompany	5677	7
期限	qī xiàn	time limit; deadline; allotted time	5679	4
开启	kāi qǐ	to open; to start; (computing) to enable	5680	7
参考	cān kǎo	consultation; reference; to consult	5682	4
疯子	fēng zi	madman; lunatic	5682	7
底线	dǐ xiàn	bottom line; the limit of what one is prepared to accept; (sports) baseline; (sewing) under thread	5683	7
摧毁	cuī huǐ	to destroy; to wreck	5684	7
用心	yòng xīn	motive; intention; to be diligent or attentive	5685	6
流动	liú dòng	to flow; to circulate; to go from place to place	5689	5
拦	lán	to block sb's path; to obstruct; to flag down (a taxi)	5693	7
外界	wài jiè	the outside world; external	5695	5
带有	dài yǒu	to have as a feature or characteristic; to have an element of (confidence, sweetness, malevolence etc); to carry (a pathogen, connotation etc)	5699	5
坏人	huài rén	bad person; villain	5700	2
国土	guó tǔ	country's territory; national land	5700	7
奉献	fèng xiàn	to offer respectfully; to consecrate; to dedicate	5701	6
漫长	màn cháng	very long; endless	5704	5
旅馆	lǚ guǎn	hotel	5705	3
标记	biāo jì	sign; mark; symbol	5706	6
番	fān	foreign (non-Chinese); barbarian; classifier for occurrences (of an event, action or speech utterance)	5706	6
槽	cáo	trough; manger; groove	5706	7
相遇	xiāng yù	to meet; to encounter; to come across	5707	7
志愿者	zhì yuàn zhě	volunteer	5709	3
但愿	dàn yuàn	if only (sth were possible); I wish (that)	5713	7
温馨	wēn xīn	comfort; soft and fragrant; warm	5716	7
喜剧	xǐ jù	comedy	5717	5
泪	lèi	tears	5719	4
重量	zhòng liàng	weight	5720	4
挨	ái	to suffer; to endure; to pull through (hard times); to delay; to stall; to play for time; to dawdle	5720	6
缓解	huǎn jiě	to bring relief; to alleviate (a crisis); to dull (a pain)	5722	4
心脏病	xīn zàng bìng	heart disease	5722	6
视觉	shì jué	sight; vision; visual	5724	7
封面	fēng miàn	cover (of a publication)	5727	7
辩护	biàn hù	to speak in defense of; to argue in favor of; to defend	5728	7
幸好	xìng hǎo	fortunately	5735	7
香水	xiāng shuǐ	perfume; cologne	5737	7
救助	jiù zhù	to help sb in trouble; aid; assistance	5739	6
多余	duō yú	superfluous; unnecessary; surplus	5739	7
测量	cè liáng	survey; to measure; to gauge	5741	4
货物	huò wù	goods; commodity; merchandise	5745	7
奥运会	aò yùn huì	Olympic Games; the Olympics	5746	7
走廊	zǒu láng	corridor; aisle; hallway	5747	7
人质	rén zhì	hostage	5750	7
嘴唇	zuǐ chún	lip	5750	7
汇	huì	to remit; to converge (of rivers); to exchange	5752	4
签约	qiān yuē	to sign a contract or agreement	5753	5
一同	yī tóng	together	5754	6
群体	qún tǐ	community; colony	5755	5
城里	chénglǐ	In the city	5758	5
训	xùn	to teach; to train; to admonish	5758	7
发达	fā dá	well-developed; flourishing; to develop; to promote; to expand; (literary) to achieve fame and fortune; to prosper	5763	3
强制	qiáng zhì	to force; to compel; to coerce; forced; compulsory; Taiwan pr. [qiǎng zhì]	5763	7
愚蠢	yú chǔn	silly; stupid	5764	7
珠宝	zhū bǎo	pearls; jewels; precious stones	5766	6
来不及	lái bu jí	there's not enough time (to do sth); it's too late (to do sth)	5768	4
提交	tí jiāo	to submit (a report etc); to refer (a problem) to sb	5768	6
盗窃	dào qiè	to steal	5770	7
设定	shè dìng	to set; to set up; to install	5771	7
人工	rén gōng	artificial; manpower; manual work	5772	3
游行	yóu xíng	to march; to parade; to demonstrate; procession; march; demonstration; to travel around; to roam	5773	6
赖	lài	to depend on; to hang on in a place; bad	5777	6
洋	yáng	ocean; vast; foreign	5778	6
奔	bēn	to hurry; to rush; to run quickly	5778	7
自私	zì sī	selfish; selfishness	5778	7
凑	còu	to gather together, pool or collect; to happen by chance; to move close to	5780	7
冲击	chōng jī	to attack; to batter; (of waves) to pound against	5782	6
胆	dǎn	gall bladder; courage; guts	5783	5
水泥	shuǐ ní	cement	5785	6
警惕	jǐng tì	to be on the alert; vigilant; alert	5785	7
共享	gòng xiǎng	to share; to enjoy together	5789	5
信用	xìn yòng	trustworthiness; (commerce) credit; (literary) to trust and appoint	5789	6
降临	jiàng lín	to descend; to arrive; to come	5789	7
职务	zhí wù	post; position; job	5790	5
截	jié	to cut off (a length); to stop; to intercept	5791	7
乡	xiāng	country or countryside; native place; home village or town	5793	5
生死	shēng sǐ	life or death	5796	7
愁	chóu	to worry about	5798	5
普遍	pǔ biàn	universal; general; widespread	5800	3
膝盖	xī gài	knee; (Internet slang) to kneel down (in admiration)	5803	7
都市	dū shì	city; metropolis	5804	6
重组	chóng zǔ	to reorganize; to recombine; to restructure	5805	6
入侵	rù qīn	to invade	5805	7
狂欢	kuáng huān	party; carousal; hilarity	5805	7
天上	tiān shàng	celestial; heavenly	5808	2
爱心	ài xīn	compassion; kindness; care for others	5809	3
商务	shāng wù	commercial affairs; commercial; commerce	5810	4
乃	nǎi	to be; thus; so	5811	7
发觉	fā jué	to become aware; to detect; to realize	5813	5
专用	zhuān yòng	special; dedicated	5813	6
撕	sī	to tear	5814	7
旅客	lǚ kè	traveler; tourist	5815	2
笨蛋	bèn dàn	fool; idiot	5816	7
回收	huí shōu	to recycle; to reclaim; to retrieve	5818	5
大衣	dà yī	overcoat; topcoat; cloak	5821	2
天真	tiān zhēn	naive; innocent; artless	5823	4
沙漠	shā mò	desert	5824	5
存款	cún kuǎn	to deposit money (in a bank etc); bank savings; bank deposit	5825	5
语气	yǔ qì	tone; manner of speaking; mood	5826	7
燃料	rán liào	fuel	5829	4
面子	miàn zi	outer surface; the outside of sth; social prestige; face	5831	5
极度	jí dù	extremely	5833	7
发烧	fā shāo	to have a high temperature (from illness); to have a fever	5836	4
舱	cāng	cabin; the hold of a ship or airplane	5838	7
形状	xíng zhuàng	form; shape	5839	3
替代	tì dài	to substitute for; to replace; to supersede	5840	4
短期	duǎn qī	short term; short-term	5844	3
安置	ān zhì	to find a place for; to help settle down; to arrange for	5845	4
披	pī	to drape over one's shoulders; to open; to unroll	5845	5
全场	quán chǎng	everyone present; the whole audience; across-the-board	5847	3
处置	chǔ zhì	to handle; to take care of; to punish	5848	7
深度	shēn dù	depth; (of a speech etc) profundity; advanced stage of development	5852	5
美金	měi jīn	US dollar; USD	5853	4
价钱	jià qian	price	5854	3
箱子	xiāng zi	suitcase; chest; box	5854	4
认同	rèn tóng	to approve of; to endorse; to acknowledge	5855	6
思路	sī lù	line of thought; way of thinking	5855	7
增产	zēng chǎn	to increase production	5858	5
念头	niàn tou	thought; idea; intention	5858	7
学期	xué qī	term; semester	5859	2
博客	bó kè	blog (loanword); weblog; blogger	5862	5
外出	wài chū	to go out; to go away (on a trip etc)	5865	6
每当	měi dāng	whenever; every time	5867	7
皇后	huáng hòu	empress; imperial consort	5870	7
严	yán	tight (closely sealed); stern; strict	5871	4
了不起	liǎo bu qǐ	amazing; terrific; extraordinary	5874	4
停留	tíng liú	to stay somewhere temporarily; to stop over	5875	5
证件	zhèng jiàn	certificate; papers; credentials; document; ID	5876	3
视线	shì xiàn	line of sight	5877	7
修理	xiū lǐ	to repair; to fix; to prune	5879	4
路边	lù biān	curb; roadside; wayside	5880	2
间谍	jiàn dié	spy	5886	7
首批	shǒu pī	first batch	5890	7
尺寸	chǐ cun	size; dimensions; measurements (esp. of clothes); (coll.) propriety	5892	4
虚	xū	emptiness; void; abstract theory or guiding principles	5892	7
幼儿园	yòu ér yuán	kindergarten; nursery school	5893	4
壳	qiào	shell; carapace; crust (earth's crust etc)	5895	7
穿上	chuān shang	to put on (clothes etc)	5899	4
罪犯	zuì fàn	criminal	5901	7
巡逻	xún luó	to patrol (police, army or navy)	5903	7
投降	tóu xiáng	to surrender; surrender	5903	7
煎	jiān	to pan fry; to sauté	5908	7
边境	biān jìng	frontier; border	5914	5
派出	pài chū	to send; to dispatch	5914	6
继	jì	to continue; to follow after; to go on with	5916	7
吸烟	xī yān	to smoke	5921	4
难题	nán tí	difficult problem	5922	2
疫苗	yì miáo	vaccine	5922	7
删	shān	to delete	5923	7
影子	yǐng zi	shadow; reflection; (fig.) hint	5925	4
入口	rù kǒu	entrance; to import	5927	2
延长	yán cháng	to prolong; to extend; to delay	5928	4
矿	kuàng	mineral deposit; ore deposit; ore; a mine	5935	6
喉咙	hóu lóng	the throat	5935	7
身子	shēn zi	body; pregnancy; health	5938	7
邪	xié	demonic; iniquitous; nefarious	5941	7
军官	jūn guān	officer (military)	5943	7
海岸	hǎi àn	coastal; seacoast	5943	7
意愿	yì yuàn	aspiration; wish (for); desire	5947	6
隐瞒	yǐn mán	to conceal; to hide (a taboo subject); to cover up the truth	5947	7
工会	gōng huì	labor union; trade union	5950	7
加班	jiā bān	to work overtime	5951	4
织	zhī	to weave	5952	6
征服	zhēng fú	to conquer; to subdue; to vanquish	5954	4
陈述	chén shù	an assertion; to declare; to state	5955	7
共有	gòng yǒu	to have altogether; in all	5958	3
将要	jiāng yào	will; shall; to be going to	5958	5
地道	dì dao	authentic; genuine; proper	5958	7
如下	rú xià	as follows	5960	5
通话	tōng huà	to hold a conversation; to talk over the telephone; phone call	5961	6
头疼	tóu téng	headache	5962	6
精英	jīng yīng	cream; elite; essence	5964	7
迈	mài	to take a step; to stride	5964	7
担忧	dān yōu	to worry; to be concerned	5967	6
外婆	wài pó	(coll.) mother's mother; maternal grandmother	5967	7
垫	diàn	pad; cushion; mat	5968	7
席	xí	woven mat; seat; banquet	5971	7
飞行员	fēi xíng yuán	pilot; aviator	5972	6
嫌	xián	to dislike; suspicion; resentment	5973	6
赞同	zàn tóng	to approve of; to endorse; (vote) in favor	5974	7
确切	què qiè	definite; exact; precise	5982	7
车展	chē zhǎn	motor show	5983	6
不惜	bù xī	not stint; not spare; not hesitate (to do sth)	5983	7
揭晓	jiē xiǎo	to announce publicly; to publish; to make known	5983	7
发誓	fā shì	to vow; to pledge; to swear	5986	7
干吗	gàn má	see 干嘛	5989	3
永不	yǒng bù	never; will never	5989	7
便利	biàn lì	convenient; easy; to facilitate	5991	5
安心	ān xīn	at ease; to feel relieved; to set one's mind at rest	5992	7
坏事	huài shì	bad thing; misdeed; to ruin things	5994	7
底下	dǐ xia	the location below sth; afterwards	5997	3
犯规	fàn guī	to break the rules; an illegality; a foul	6000	6
缩	suō	to withdraw; to pull back; to contract	6001	7
婚纱	hūn shā	wedding dress	6002	7
融合	róng hé	a mixture; an amalgam; fusion	6003	6
途中	tú zhōng	en route	6004	4
困惑	kùn huò	bewildered; perplexed; confused	6007	7
焦虑	jiāo lǜ	anxious; worried; apprehensive	6011	7
盛大	shèng dà	grand; majestic; magnificent	6011	7
共和国	gòng hé guó	republic	6012	6
牢	láo	firm; sturdy; fold (for animals)	6012	6
下车	xià chē	to get off or out of (a bus, train, car etc)	6014	1
数码	shù mǎ	number; numerals; figures	6016	4
平民	píng mín	ordinary people; commoner; civilian	6016	7
延续	yán xù	to continue; to go on; to last	6017	4
天赋	tiān fù	gift; innate skill	6020	7
空白	kòng bái	blank space	6020	7
疗法	liáo fǎ	therapy; treatment	6021	7
实习	shí xí	to practice; field work; to intern	6022	2
盆	pén	basin; flower pot; unit of volume equal to 12 斗 and 8 升, approx 128 liters	6022	5
性质	xìng zhì	nature; characteristic	6027	4
电源	diàn yuán	electric power source	6030	4
同胞	tóng bāo	born of the same parents; sibling; fellow citizen	6032	6
学位	xué wèi	academic degree; place in school	6034	5
故	gù	happening; instance; reason	6035	7
变形	biàn xíng	to become deformed; to change shape; to morph	6036	6
大力	dà lì	energetically; vigorously	6036	6
无力	wú lì	powerless; lacking strength	6036	7
地步	dì bù	stage; degree (to which a situation has evolved); situation	6037	7
考察	kǎo chá	to inspect; to observe and study; on-the-spot investigation	6038	4
岁月	suì yuè	years; time	6038	5
开展	kāi zhǎn	to launch; to develop; to unfold	6041	3
占领	zhàn lǐng	to capture; to seize; to occupy by force	6042	5
种种	zhǒng zhǒng	all kinds of	6043	6
驾车	jià chē	to drive a vehicle	6043	7
美食	měi shí	culinary delicacy; fine food; gourmet food	6046	3
神话	shén huà	legend; fairy tale; myth	6046	4
顺着	shùn zhe	to follow; following; along	6046	7
伴随	bàn suí	to accompany; to follow; to occur together with	6047	7
扬	yáng	to raise; to hoist; the action of tossing or winnowing	6047	7
鲜	xiān	fresh; bright (in color); delicious	6056	4
悲哀	bēi āi	grieved; sorrowful	6059	7
争议	zhēng yì	controversy; dispute; to dispute	6061	5
紫	zǐ	purple; violet	6061	5
避	bì	to avoid; to shun; to flee	6063	4
肠	cháng	intestines	6063	5
欢呼	huān hū	to cheer for; to acclaim	6063	7
阳性	yáng xìng	positive; masculine	6067	7
长久	cháng jiǔ	(for a) long time	6069	6
壮	zhuàng	to strengthen; strong; robust	6069	7
决策	jué cè	strategic decision; decision-making; policy decision	6070	6
热闹	rè nao	bustling with noise and excitement; lively	6073	4
辞	cí	to resign; to dismiss; to decline	6073	7
终身	zhōng shēn	lifelong; all one's life; marriage	6075	5
预定	yù dìng	to schedule in advance	6077	7
审	shěn	to examine; to investigate; carefully	6079	7
称呼	chēng hu	to call; to address as; form of address; appellation	6082	7
倒数	dào shǔ	to count backwards (from 10 down to 0); to count down; from the bottom (lines on a page)	6083	7
屋顶	wū dǐng	roof	6087	7
说道	shuō dào	to state; to say (the quoted words)	6087	7
机遇	jī yù	opportunity; favorable circumstance; stroke of luck	6091	4
临	lín	to face; to overlook; to arrive	6091	7
推广	tuī guǎng	to extend; to spread; to popularize	6093	3
指引	zhǐ yǐn	to guide; to show; to point (the way)	6095	7
嘲笑	cháo xiào	to jeer at; to deride; to ridicule	6097	7
伞	sǎn	umbrella; parasol	6101	4
公积金	gōng jī jīn	official reserves; accumulated fund	6101	7
营业	yíng yè	to do business; to trade	6105	4
贫困	pín kùn	impoverished; poverty	6107	6
罩	zhào	cover; fish trap (basket); shade	6107	7
回避	huí bì	to shun; to avoid (sb); to skirt	6113	5
家园	jiā yuán	home; homeland	6114	6
新生	xīn shēng	new; newborn; emerging	6116	7
爵士	jué shì	knight; Sir; (loanword) jazz	6119	7
含义	hán yì	meaning (implicit in a phrase); implied meaning; hidden meaning	6120	4
古代	gǔ dài	ancient times	6123	3
问候	wèn hòu	to give one's respects; to send a greeting; (fig.) (coll.) to make offensive reference to (somebody dear to the person to whom one is speaking)	6124	4
清洗	qīng xǐ	to wash; to clean; to purge	6124	6
中华民族	zhōng huá mín zú	the Chinese nation; the Chinese people (collective reference to all the ethnic groups in China)	6125	3
留意	liú yì	to be mindful; to pay attention to; to take note of	6127	7
遥远	yáo yuǎn	distant; remote	6127	7
紧密	jǐn mì	inseparably close	6128	4
棉花	mián hua	cotton	6129	7
上台	shàng tái	to rise to power (in politics); to go on stage (in the theater)	6130	6
传出	chuán chū	to transmit outwards; to disseminate; efferent (nerve)	6130	6
指甲	zhǐ jia	fingernail	6131	5
体力	tǐ lì	physical strength; physical power	6132	5
铃	líng	(small) bell	6132	5
神圣	shén shèng	divine; hallow; holy	6133	7
点头	diǎn tóu	to nod	6136	2
恶化	è huà	to worsen	6138	7
气体	qì tǐ	gas (i.e. gaseous substance)	6140	5
口气	kǒu qì	tone of voice; the way one speaks; manner of expression	6144	7
捧	pěng	to clasp; to cup the hands; to hold up with both hands	6144	7
层次	céng cì	layer; level; gradation	6146	5
国民	guó mín	nationals; citizens; people of a nation	6147	5
散步	sàn bù	to take a walk; to go for a walk	6153	3
农业	nóng yè	agriculture; farming	6155	3
指令	zhǐ lìng	order; command; instruction	6156	7
勾	gōu	to attract; to arouse; to tick	6157	7
出局	chū jú	(of a batter) to be put out (in baseball); to be dismissed (in cricket); (of a player or team) to be eliminated from a competition; (fig.) to be weeded out; to get the chop (in a competitive environment)	6160	7
杯子	bēi zi	cup; glass	6162	1
不仅仅	bù jǐn jǐn	not only; not just	6163	6
视为	shì wéi	to view as; to see as; to consider to be	6165	5
诗人	shī rén	bard; poet	6166	4
贵族	guì zú	lord; nobility; nobleman	6166	7
对外	duì wài	external; foreign; pertaining to external or foreign (affairs)	6167	6
制服	zhì fú	to subdue; to check; to bring under control	6167	7
服从	fú cóng	to obey (an order); to comply; to defer	6168	5
吉他	jí tā	guitar (loanword)	6172	7
渡	dù	to cross; to pass through; to ferry	6175	6
癌	ái	cancer; carcinoma; also pr. [yán]	6175	7
放假	fàng jià	to have a holiday or vacation	6177	1
顺序	shùn xù	sequence; order	6178	4
勉强	miǎn qiǎng	to do with difficulty; to force sb to do sth; reluctant	6178	7
手表	shǒu biǎo	wristwatch	6179	2
证人	zhèng rén	witness	6180	7
大地	dà dì	earth; mother earth	6183	7
路口	lù kǒu	crossing; intersection (of roads)	6184	1
砖	zhuān	brick	6186	7
清新	qīng xīn	Qingxin county in Qingyuan 清远, Guangdong	6188	7
征	zhēng	to invite; to recruit; to levy (taxes)	6191	7
案例	àn lì	case (of fraud, hepatitis, international cooperation etc); instance; example	6195	6
注入	zhù rù	to pour into; to empty into	6200	7
杂	zá	mixed; miscellaneous; various	6202	6
捉	zhuō	to clutch; to grab; to capture	6204	6
打断	dǎ duàn	to interrupt; to break off; to break (a bone)	6207	6
低于	dī yú	to be lower than	6208	5
坦克	tǎn kè	tank (military vehicle) (loanword)	6208	7
瓜	guā	melon; gourd; squash	6211	4
洒	sǎ	to sprinkle; to spray; to spill	6215	5
自称	zì chēng	to call oneself; to claim to be; to profess	6216	7
毁灭	huǐ miè	to perish; to ruin; to destroy	6217	7
有名	yǒu míng	famous; well-known	6219	1
被捕	bèi bǔ	to be arrested; under arrest	6219	7
语音	yǔ yīn	speech sounds; pronunciation; colloquial (rather than literary) pronunciation of a Chinese character	6221	4
乐意	lè yì	to be willing to do sth; to be ready to do sth; to be happy to do sth	6221	7
哭泣	kū qì	to weep	6226	7
筹码	chóu mǎ	bargaining chip; gaming chip; casino token	6228	7
水晶	shuǐ jīng	crystal	6229	7
瞄准	miáo zhǔn	to take aim at; to target	6229	7
脑海	nǎo hǎi	the mind; the brain	6229	7
注重	zhù zhòng	to pay attention to; to emphasize	6231	5
夜间	yè jiān	nighttime; evening or night (e.g. classes)	6232	5
会谈	huì tán	talks; discussions	6237	5
懒	lǎn	lazy	6238	6
院长	yuàn zhǎng	the head of an institution whose name ends in 院; chair of a board; president of a university	6239	2
双重	shuāng chóng	double	6239	7
有助于	yǒu zhù yú	to contribute to; to promote	6239	7
图案	tú àn	design; pattern	6241	4
传达	chuán dá	to pass on; to convey; to relay	6241	5
大夫	dài fu	doctor; physician	6248	3
准时	zhǔn shí	on time; punctual; on schedule	6248	4
等候	děng hòu	to wait; to wait for	6248	5
捅	tǒng	to stab; to poke; to prod	6249	7
纪律	jì lǜ	discipline	6250	4
盒子	hé zi	box; case	6250	5
撤销	chè xiāo	to repeal; to revoke; (computing) to undo	6251	6
面积	miàn jī	area (of a floor, piece of land etc); surface area; tract of land	6252	3
掩饰	yǎn shì	to cover up; to conceal; to mask	6255	7
闪电	shǎn diàn	lightning	6256	4
终止	zhōng zhǐ	to stop; to terminate	6256	5
掩盖	yǎn gài	to conceal; to hide behind; to cover up	6257	7
打扫	dǎ sǎo	to clean; to sweep	6258	4
标签	biāo qiān	label; tag; (computing) tab (GUI element)	6258	7
上个月	shàng gè yuè	last month	6260	4
演奏	yǎn zòu	to perform on a musical instrument	6261	6
演习	yǎn xí	maneuver; exercise; practice	6261	7
彩票	cǎi piào	lottery ticket	6265	5
桃	táo	peach	6265	5
艾滋病	ài zī bìng	AIDS (loanword)	6270	7
陷阱	xiàn jǐng	pitfall; snare; trap	6271	7
用力	yòng lì	to exert oneself physically	6274	7
前后	qián hòu	around; from beginning to end; all around	6275	3
法规	fǎ guī	legislation; statute	6275	5
童话	tóng huà	children's fairy tales	6278	4
广泛	guǎng fàn	extensive; wide range	6278	5
得意	dé yì	proud of oneself; pleased with oneself; complacent	6279	4
拨打	bō dǎ	to call; to dial	6281	6
胎	tāi	fetus; classifier for litters (of puppies etc); padding (in clothing or bedding)	6282	7
来电	lái diàn	incoming telephone call (or telegram); to phone in; to send in a telegram; to have an instant attraction to sb	6283	7
筒	tǒng	tube; cylinder; to encase in sth cylindrical (such as hands in sleeves etc)	6284	7
干涉	gān shè	to interfere; to meddle; interference	6285	6
组建	zǔ jiàn	to organize; to set up; to establish	6285	7
加工	jiā gōng	to process; processing; working (of machinery)	6286	3
制止	zhì zhǐ	to curb; to put a stop to; to stop	6288	7
货币	huò bì	currency; monetary; money	6290	7
阻碍	zǔ ài	to obstruct; to hinder; to block	6293	5
华丽	huá lì	gorgeous	6294	7
操纵	cāo zòng	to operate; to control; to rig	6296	6
激发	jī fā	to arouse; to stimulate; (physics) to excite	6298	7
遗忘	yí wàng	to forget; to cease to think about (sb or sth) anymore	6299	7
行程	xíng chéng	journey; course of a journey; distance traveled	6301	6
手套	shǒu tào	glove; mitten	6306	4
学费	xué fèi	tuition fee; tuition	6307	3
相应	xiāng yìng	to correspond; answering (one another); to agree (among the part)	6310	5
近来	jìn lái	recently; lately	6310	5
沟	gōu	ditch; gutter; groove	6312	5
同伴	tóng bàn	companion; comrade; fellow	6312	7
积	jī	to amass; to accumulate; to store	6313	7
前方	qián fāng	ahead; the front	6315	6
不已	bù yǐ	endlessly; incessantly	6315	7
地带	dì dài	zone	6317	5
准则	zhǔn zé	norm; standard; criterion	6318	7
及其	jí qí	(conjunction linking two nouns) and its ...; and their ...; and his ...; and her ...	6318	7
报酬	bào chou	reward; remuneration	6322	7
天然	tiān rán	natural	6323	6
违规	wéi guī	to violate the rules	6325	5
可疑	kě yí	suspicious; dubious	6325	7
丫头	yā tou	girl; servant girl; (used deprecatingly, but sometimes also as a term of endearment)	6329	7
搅	jiǎo	to disturb; to annoy; to mix	6330	7
品种	pǐn zhǒng	breed; variety	6332	5
罪恶	zuì è	crime; evil; sin	6336	6
礼貌	lǐ mào	courtesy; politeness; manners; courteous; polite	6337	5
记载	jì zǎi	to write down; to record; written account	6338	4
极限	jí xiàn	limit; extreme boundary	6343	7
东北	dōng běi	Northeast China; Manchuria	6344	2
毕业生	bì yè shēng	graduate	6344	4
金额	jīn é	sum of money; monetary value	6344	6
讽刺	fěng cì	to satirize; to mock; irony	6348	7
赐	cì	to confer; to bestow; to grant	6349	7
星座	xīng zuò	constellation; astrological sign	6353	7
悄悄	qiāo qiāo	quiet; making little or no noise; surreptitious; stealthy; anxious; worried	6355	5
差距	chā jù	disparity; gap	6358	5
舌头	shé tou	tongue; enemy soldier captured for the purpose of extracting information	6358	6
违背	wéi bèi	to go against; to be contrary to; to violate	6358	7
中部	zhōng bù	middle part; central section	6364	3
总共	zǒng gòng	altogether; in sum; in all; in total	6369	4
歌声	gē shēng	singing voice; fig. original voice of a poet	6372	3
工地	gōng dì	construction site	6373	7
呕吐	ǒu tù	to vomit	6374	7
原告	yuán gào	complainant; plaintiff	6377	6
帅哥	shuài gē	handsome guy; lady-killer; handsome (form of address)	6378	4
粮食	liáng shi	foodstuff; cereals	6379	4
美容	měi róng	to improve one's appearance (using cosmetics or cosmetic surgery); to make oneself more attractive; to beautify	6379	6
周边	zhōu biān	periphery; rim; surroundings	6380	7
揍	zòu	to hit; to beat (sb); (coll.) to smash (sth)	6384	7
糖尿病	táng niào bìng	diabetes; diabetes mellitus	6384	7
分成	fēn chéng	to divide (into); to split a bonus; to break into	6386	5
专利	zhuān lì	patent; sth uniquely enjoyed (or possessed etc) by a certain group of people; monopoly	6388	5
证书	zhèng shū	credentials; certificate	6390	5
特意	tè yì	specially; intentionally	6391	6
性命	xìng mìng	life	6391	7
捐款	juān kuǎn	to donate money; to contribute funds; donation	6397	6
主演	zhǔ yǎn	to act the leading role (in a movie or a play); to star; lead actor	6397	7
糊涂	hú tu	muddled; silly; confused	6397	7
合成	hé chéng	to compose; to constitute; compound	6398	5
慌	huāng	to get panicky; to lose one's head; (coll.) (after 得) unbearably	6401	5
豆腐	dòu fu	tofu; bean curd	6407	4
同步	tóng bù	synchronous; to synchronize; to keep step with	6408	7
预料	yù liào	to forecast; to anticipate; expectation	6408	7
推迟	tuī chí	to postpone; to put off; to defer	6409	4
老家	lǎo jiā	native place; place of origin; home state or region	6410	4
饼干	bǐng gān	biscuit; cracker; cookie	6412	5
促进	cù jìn	to promote (an idea or cause); to advance; boost	6415	4
约束	yuē shù	to restrict; to limit to; to constrain	6418	5
何必	hé bì	there is no need; why should	6418	7
团伙	tuán huǒ	(criminal) gang; gang member; accomplice	6421	7
麻醉	má zuì	anesthesia; to anesthetize; (fig.) to corrupt (sb's mind); to enervate; to numb the mind (to escape from harsh reality)	6421	7
葡萄	pú tao	grape	6422	5
病房	bìng fáng	ward (of a hospital); sickroom	6422	6
审理	shěn lǐ	to hear (a case)	6423	6
胡子	hú zi	beard; mustache or whiskers; facial hair	6424	5
共识	gòng shí	common understanding; consensus	6425	7
内在	nèi zài	inner; internal; intrinsic	6428	5
研发	yán fā	research and development; to develop	6428	6
抵押	dǐ yā	to provide (an asset) as security for a loan; to put up collateral	6429	7
西装	xī zhuāng	suit; Western-style clothes	6433	5
猴	hóu	monkey	6437	5
粉色	fěn sè	pink; white; erotic	6437	6
首要	shǒu yào	the most important; of chief importance	6441	7
优惠	yōu huì	privilege; favorable (terms); preferential (treatment)	6443	5
公告	gōng gào	post; announcement	6445	5
伪装	wěi zhuāng	to pretend to be (asleep etc); to disguise oneself as; pretense	6445	7
曲线	qū xiàn	curve; curved line; indirect	6445	7
喘	chuǎn	to gasp; to pant; asthma	6446	7
抬头	tái tóu	to raise one's head; to gain ground; account name, or space for writing the name on checks, bills etc	6447	5
吸毒	xī dú	to take drugs	6447	6
拿走	ná zǒu	to take away	6449	6
独家	dú jiā	exclusive	6451	7
过后	guò hòu	after the event	6454	6
恶劣	è liè	vile; nasty; of very poor quality	6454	7
任意	rèn yì	any; arbitrary; at will	6455	7
字母	zì mǔ	letter (of the alphabet)	6456	4
中文	zhōng wén	Chinese language	6459	1
夜里	yè li	during the night; at night; nighttime	6459	2
开除	kāi chú	to expel (a member of an organization); to fire (an employee)	6459	7
拽	yè	to drag; to haul	6459	7
答复	dá fù	to answer; to reply; Reply to: (in email header)	6463	5
音乐会	yīn yuè huì	concert	6465	2
墓	mù	grave; tomb; mausoleum	6465	6
忙碌	máng lù	busy; bustling	6465	7
灰色	huī sè	gray; ash gray; grizzly	6466	5
传输	chuán shū	to transmit; transmission	6466	6
感人	gǎn rén	touching; moving	6466	6
陷	xiàn	pitfall; trap; to get stuck	6466	7
同行	tóng háng	person of the same profession; of the same trade, occupation or industry	6467	6
高档	gāo dàng	superior quality; high grade; top grade	6468	6
中年	zhōng nián	middle age	6470	2
废话	fèi huà	nonsense; rubbish; superfluous words	6470	7
激光	jī guāng	laser	6471	7
国务院	guó wù yuàn	State Council (PRC); State Department (USA)	6472	6
束	shù	to bind; bunch; bundle	6473	3
个别	gè bié	individually; one by one; just one or two; exceptional; rare	6477	4
抖	dǒu	to tremble; to shake out; to reveal	6478	7
找出	zhǎo chū	to find; to search out	6479	2
院子	yuàn zi	courtyard; garden; yard	6479	2
蝴蝶	hú dié	butterfly	6484	5
损	sǔn	to decrease; to lose; to damage; to harm; (coll.) to ridicule; to deride	6484	7
时空	shí kōng	time and place; world of a particular locale and era; (physics) space-time	6484	7
霜	shuāng	frost; white powder or cream spread over a surface; frosting	6485	7
流血	liú xuè	to bleed; to shed blood	6486	7
利息	lì xī	interest (on a loan)	6487	4
应急	yìng jí	to respond to an emergency; to meet a contingency; (attributive) emergency	6487	6
否定	fǒu dìng	to negate; to deny; to reject	6489	3
急救	jí jiù	to give emergency treatment; first aid	6489	6
销量	xiāo liàng	sales volume	6489	7
灵活	líng huó	flexible; nimble; agile	6491	6
八卦	bā guà	the eight divinatory trigrams of the Book of Changes 易经; gossip; gossipy	6491	7
是非	shì fēi	right and wrong; quarrel	6491	7
言论	yán lùn	expression of opinion; views; remarks	6492	7
主张	zhǔ zhāng	to advocate; to stand for; view	6498	3
辣椒	là jiāo	hot pepper; chili	6501	7
无敌	wú dí	unequalled; without rival; a paragon	6502	7
跟随	gēn suí	to follow	6503	5
认出	rèn chū	recognition; to recognize	6504	3
昏迷	hūn mí	to lose consciousness; to be in a coma; stupor	6505	7
罕见	hǎn jiàn	rare; rarely seen	6505	7
运转	yùn zhuǎn	to work; to operate; to revolve	6506	7
官司	guān si	lawsuit	6507	6
没收	mò shōu	to confiscate; to seize	6509	6
性别	xìng bié	gender; sex	6513	3
嫩	nèn	young and tender; (of food) tender; lightly cooked; (of color) light	6514	7
辉煌	huī huáng	splendid; glorious	6514	7
潮流	cháo liú	tide; current; trend	6515	4
分类	fēn lèi	to classify	6516	5
沙滩	shā tān	beach; sandy shore	6517	7
流浪	liú làng	to drift about; to wander; to roam	6517	7
手枪	shǒu qiāng	pistol	6518	7
恰恰	qià qià	exactly; just; precisely	6523	6
感恩	gǎn ēn	to be grateful	6523	7
村庄	cūn zhuāng	village; hamlet	6526	6
良心	liáng xīn	conscience	6526	7
外部	wài bù	the outside; (attributive) external; exterior; surface	6530	6
火炬	huǒ jù	(flaming) torch	6541	7
亲切	qīn qiè	amiable; cordial; close and dear	6543	3
友情	yǒu qíng	friendly feelings; friendship	6544	7
出卖	chū mài	to offer for sale; to sell; to sell out; to betray	6550	7
发布会	fā bù huì	news conference; briefing	6550	7
预订	yù dìng	to place an order; to book ahead	6551	4
梦幻	mèng huàn	dream; illusion; reverie	6553	7
打动	dǎ dòng	to move (to pity); arousing (sympathy); touching	6556	6
鲜血	xiān xuè	blood	6558	7
充足	chōng zú	adequate; sufficient; abundant	6559	5
争吵	zhēng chǎo	to quarrel; dispute	6559	7
魔术	mó shù	magic	6559	7
与众不同	yǔ zhòng bù tóng	to stand out from the masses (idiom)	6561	7
名称	míng chēng	name (of a thing); name (of an organization)	6563	2
地毯	dì tǎn	carpet; rug	6563	7
向上	xiàng shàng	upward; up; to advance	6564	5
袜子	wà zi	socks; stockings	6566	4
推销	tuī xiāo	to market; to sell	6567	4
弟	dì	younger brother; junior male; I (modest word in letter)	6568	1
气候	qì hòu	(meteorology) climate; (fig.) climate; prevailing conditions (in human affairs)	6570	3
毛巾	máo jīn	towel	6574	4
预约	yù yuē	booking; reservation; to book	6574	6
办理	bàn lǐ	to handle; to transact; to conduct	6575	3
趋势	qū shì	trend; tendency	6576	4
机制	jī zhì	mechanism	6578	5
深夜	shēn yè	very late at night	6579	7
抢救	qiǎng jiù	to rescue	6580	5
艰苦	jiān kǔ	difficult; hard; arduous	6580	5
透过	tòu guò	to pass through; to penetrate; by means of	6580	7
甜美	tián měi	sweet; pleasant; happy	6581	7
受害人	shòu hài rén	victim	6583	7
雇	gù	to employ; to hire; to rent	6583	7
摄像机	shè xiàng jī	video camera	6585	5
一带	yī dài	region; district	6591	5
乐园	lè yuán	paradise	6591	7
发育	fā yù	to develop; to mature; growth	6591	7
吓人	xià rén	to scare; scary; frightening	6592	7
光芒	guāng máng	rays of light; brilliant rays; radiance	6593	7
海滩	hǎi tān	beach	6593	7
热门	rè mén	popular; hot; in vogue	6594	5
终点	zhōng diǎn	the end; end point; finishing line (in a race)	6594	5
额外	é wài	extra; added; additional	6599	7
钢铁	gāng tiě	steel	6600	5
名牌	míng pái	famous brand; nameplate; name tag	6602	5
精确	jīng què	accurate; precise	6603	7
更换	gēng huàn	to replace (a worn-out tire etc); to change (one's address etc)	6605	5
面部	miàn bù	face (body part)	6606	7
压抑	yā yì	to constrain or repress emotions; oppressive; stifling	6607	7
丢失	diū shī	to lose; to misplace	6608	7
伪造	wěi zào	to forge; to fake; to counterfeit	6608	7
规范	guī fàn	norm; standard; specification	6609	3
中断	zhōng duàn	to cut short; to break off; to discontinue	6613	5
召集	zhào jí	to convene; to gather	6613	7
亲眼	qīn yǎn	with one's own eyes; personally	6618	6
拜访	bài fǎng	to pay a visit; to call on	6619	5
骚扰	sāo rǎo	to disturb; to cause a commotion; to harass	6620	7
鼓掌	gǔ zhǎng	to applaud; to clap	6623	5
医药	yī yào	medical care and medicines; medicine (drug); medical	6630	6
学术	xué shù	learning; science; academic	6632	4
原料	yuán liào	raw material	6634	4
可乐	kě lè	amusing; entertaining; (loanword) cola	6636	3
透明	tòu míng	transparent; (fig.) transparent; open to scrutiny	6636	4
动态	dòng tài	movement; motion; development	6636	5
花样	huā yàng	pattern; way of doing sth; trick	6638	7
调节	tiáo jié	to adjust; to regulate; to harmonize	6641	5
频繁	pín fán	frequently; often	6642	5
亲手	qīn shǒu	personally; with one's own hands	6642	7
总监	zǒng jiān	head; director (of an organizational unit); (police) commissioner	6644	6
供给	gōng jǐ	to furnish; to provide; supply (as in supply and demand)	6645	6
分数	fēn shù	(exam) grade; mark; score	6646	2
激活	jī huó	to activate	6647	7
电视机	diàn shì jī	television set	6649	1
上诉	shàng sù	to appeal (a judicial case); appeal	6654	7
未经	wèi jīng	not having undergone; without (having gone though a certain process)	6654	7
近期	jìn qī	near in time; in the near future; very soon	6658	3
憋	biē	to choke; to stifle; to restrain	6662	7
摊	tān	to spread out; vendor's stand	6664	7
任命	rèn mìng	to appoint; (job) appointment	6667	7
环球	huán qiú	around the world; worldwide	6667	7
突发	tū fā	to occur suddenly	6668	7
轰	hōng	explosion; bang; boom	6668	7
撤离	chè lí	to withdraw from; to evacuate	6671	6
听取	tīng qǔ	to hear (news); to listen to	6676	6
地理	dì lǐ	geography	6677	7
无情	wú qíng	pitiless; ruthless; merciless	6678	7
为人	wéi rén	to conduct oneself; behavior; conduct; personal character	6680	7
翅膀	chì bǎng	wing	6681	7
数目	shù mù	amount; number	6683	5
开场	kāi chǎng	to begin; to open; to start	6684	7
当选	dāng xuǎn	to be elected; to be selected	6688	5
容忍	róng rěn	to put up with; to tolerate	6689	7
阳台	yáng tái	balcony; porch	6690	4
权益	quán yì	rights; interests; rights and benefits	6690	7
散发	sàn fā	to distribute; to emit; to issue	6694	7
邀	yāo	to invite; to request; to intercept	6695	7
丸	wán	ball; pellet; pill	6699	7
防护	fáng hù	to defend; to protect	6699	7
艺人	yì rén	performing artist; actor	6701	6
坚信	jiān xìn	to believe firmly; without any doubt	6704	7
出名	chū míng	well-known for sth; to become well known; to make one's mark	6706	6
折腾	zhē teng	to toss from side to side (e.g. sleeplessly); to repeat sth over and over again; to torment sb	6707	7
寻常	xún cháng	usual; common; ordinary	6708	7
侮辱	wǔ rǔ	to insult; to humiliate; dishonor	6712	7
项链	xiàng liàn	necklace	6716	7
一早	yī zǎo	early in the morning; at dawn	6719	7
杰出	jié chū	outstanding; distinguished; remarkable	6721	6
鼓舞	gǔ wǔ	heartening (news); to boost (morale)	6725	7
抄	chāo	to make a copy; to plagiarize; to search and seize	6726	4
兜	dōu	pocket; bag; to wrap up or hold in a bag	6727	7
棍	gùn	stick; rod; truncheon	6727	7
佩服	pèi fú	to admire	6729	7
寒冷	hán lěng	cold (climate); frigid; very cold	6730	4
许可证	xǔ kě zhèng	license; authorization; permit	6731	7
致力于	zhìlìyú	Dedicate	6734	7
树立	shù lì	to set up; to establish	6735	7
鲜花	xiān huā	flower; fresh flowers	6737	4
礼拜	lǐ bài	to attend a religious service; (coll.) week; (coll.) Sunday	6737	5
扮	bàn	to disguise oneself as; to dress up; to play (a role)	6738	7
意图	yì tú	intent; intention; to intend	6740	7
瓶子	píng zi	bottle	6741	2
火焰	huǒ yàn	blaze; flame	6741	7
妨碍	fáng ài	to hinder; to obstruct	6742	7
消耗	xiāo hào	to use up; to consume	6744	6
以免	yǐ miǎn	in order to avoid; so as not to	6746	7
名片	míng piàn	(business) card	6747	4
平凡	píng fán	commonplace; ordinary; mediocre	6747	6
早饭	zǎo fàn	breakfast	6748	1
花生	huā shēng	peanut; groundnut	6750	6
恶意	è yì	malice; evil intention	6755	7
听话	tīng huà	to do what one is told; obedient	6757	7
盼	pàn	to hope for; to long for; to expect	6757	7
评	píng	to discuss; to comment; to criticize	6762	6
上司	shàng si	boss; superior	6766	7
荣幸	róng xìng	honored (to have the privilege of ...)	6767	7
高贵	gāo guì	grandeur; noble	6767	7
冬季	dōng jì	winter	6769	4
蜂蜜	fēng mì	honey	6769	7
怨	yuàn	to blame; (bound form) resentment; hatred; grudge	6771	5
言语	yán yǔ	words; speech; (spoken) language	6771	5
缓慢	huǎn màn	slow	6772	7
再也	zài yě	(not) any more	6773	5
处境	chǔ jìng	situation (of a person)	6773	7
发言人	fā yán rén	spokesperson	6774	6
创伤	chuāng shāng	wound; injury; trauma	6774	7
行走	xíng zǒu	to walk	6775	7
前景	qián jǐng	foreground; vista; (future) prospects	6776	5
哄	hòng	tumult; uproar; commotion	6776	7
说谎	shuō huǎng	to lie; to tell an untruth	6776	7
回想	huí xiǎng	to recall; to recollect; to think back	6783	7
传真	chuán zhēn	fax; facsimile	6784	5
片刻	piàn kè	short period of time; a moment	6789	6
祭	jì	to offer a sacrifice to (gods or ancestors); memorial ceremony; (in classical novels) to recite an incantation to activate a magic weapon	6789	7
警官	jǐng guān	constable; police officer	6793	7
幕后	mù hòu	behind the scenes	6794	7
沮丧	jǔ sàng	dispirited; dejected; dismayed	6795	7
隐私	yǐn sī	secrets; private business; privacy	6796	6
举手	jǔ shǒu	to raise a hand; to put up one's hand (as signal)	6801	2
倒下	dǎo xià	to collapse; to topple over	6803	7
庞大	páng dà	huge; enormous; tremendous	6804	7
极为	jí wéi	extremely; exceedingly	6810	7
糖果	táng guǒ	candy	6816	7
发掘	fā jué	to excavate; to explore; (fig.) to unearth	6817	7
智力	zhì lì	intelligence; intellect	6821	4
通报	tōng bào	to inform; to notify; to announce	6821	6
储备	chǔ bèi	reserves; to store up	6821	7
葡萄酒	pú tao jiǔ	(grape) wine	6827	5
液体	yè tǐ	liquid	6827	7
资本	zī běn	capital (economics)	6830	5
害羞	hài xiū	shy; embarrassed; bashful	6831	7
占用	zhàn yòng	to occupy	6832	7
出路	chū lù	a way out (lit. and fig.); opportunity for advancement; a way forward	6833	6
炖	dùn	to stew	6833	7
券	quàn	bond (esp. document split in two, with each party holding one half); contract; deed (i.e. title deeds)	6835	6
肝脏	gān zàng	liver	6835	7
盲目	máng mù	blind; blindly; ignorant	6842	7
迟早	chí zǎo	sooner or later	6843	7
出自	chū zì	to come from	6845	7
谜	mí	riddle	6848	7
充	chōng	sufficient; full; to fill; to serve as; to act as	6849	7
愈	yù	the more...(the more...); to recover; to heal	6850	6
误解	wù jiě	to misunderstand; misunderstanding	6851	5
伴侣	bàn lǚ	companion; mate; partner	6851	7
瞒	mán	to conceal from; to keep (sb) in the dark	6855	7
自主	zì zhǔ	independent; to act for oneself; autonomous	6858	3
降落	jiàng luò	to descend; to land	6858	4
宴会	yàn huì	banquet; feast; dinner party	6859	6
公车	gōng chē	bus; car belonging to an organization and used by its members (government car, police car, company car etc)	6859	7
交代	jiāo dài	to transfer (duties to sb else); to give instructions; to tell (sb to do sth); to explain; to give an account; to brief	6862	5
书面	shū miàn	in writing; written	6862	7
复习	fù xí	to review; revision	6867	2
岸	àn	bank; shore; beach; coast	6867	5
步伐	bù fá	pace; (measured) step; march	6867	7
宽容	kuān róng	lenient; tolerant; indulgent	6868	7
美人	měi rén	beauty; belle	6871	7
香烟	xiāng yān	cigarette; smoke from burning incense	6871	7
强行	qiáng xíng	to do sth by force; Taiwan pr. [qiǎng xíng]	6872	7
剧院	jù yuàn	theater	6873	7
手脚	shǒu jiǎo	hand and foot; movement of limbs; action	6879	7
有机	yǒu jī	organic	6879	7
次数	cì shù	number of times; frequency; order number (in a series)	6882	6
由此	yóu cǐ	hereby; from this	6883	5
普通人	pǔ tōng rén	ordinary person; private citizen; people	6885	7
姿态	zī tài	attitude; posture; stance	6886	7
响起	xiǎng qǐ	(of a sound) to come forth; (of a sound source) to ring out; to sound	6888	7
尾巴	wěi ba	tail; colloquial pr. [yǐ ba]	6892	4
素质	sù zhì	inner quality; basic essence	6892	6
经费	jīng fèi	funds; expenditure	6893	5
朝着	cháo zhe	towards	6893	7
社交	shè jiāo	interaction; social contact	6894	7
联想	lián xiǎng	to associate (cognitively); to make an associative connection; mental association	6895	5
纠纷	jiū fēn	dispute	6898	6
浴室	yù shì	bathroom (room used for bathing)	6898	7
通往	tōng wǎng	to lead to	6900	7
起点	qǐ diǎn	starting point	6901	6
榜样	bǎng yàng	example; model	6902	7
幼稚	yòu zhì	young; childish; puerile	6903	7
随身	suí shēn	to (carry) on one's person; to (take) with one	6903	7
创建	chuàng jiàn	to found; to establish	6904	6
后者	hòu zhě	the latter	6906	7
走私	zǒu sī	to smuggle; to have an illicit affair	6907	6
诈骗	zhà piàn	to defraud; to swindle; to blackmail	6909	7
尽头	jìn tóu	end; extremity; limit	6910	7
歌迷	gē mí	fan of a singer	6912	3
挽救	wǎn jiù	to save; to remedy; to rescue	6916	7
罚款	fá kuǎn	to fine; penalty; fine (monetary)	6918	5
扩张	kuò zhāng	expansion; dilation; to expand (e.g. one's power or influence)	6918	7
眼下	yǎn xià	now; at present; subocular (medicine)	6919	7
握手	wò shǒu	to shake hands	6920	3
一点儿	yī diǎn r	erhua variant of 一点; a bit; a little bit; (used in negative expressions) (not) the least bit	6921	1
摇头	yáo tóu	to shake one's head	6924	5
不顾	bù gù	in spite of; regardless of	6927	5
剩余	shèng yú	remainder; surplus	6929	7
租金	zū jīn	rent	6930	6
歧视	qí shì	to discriminate against; discrimination	6933	7
放过	fàng guò	to let off; to let slip by; to let sb get away with sth	6937	7
润	rùn	moist; glossy; sleek; to moisten; to lubricate; to embellish; to enhance	6937	7
差异	chā yì	difference; discrepancy	6939	6
智能	zhì néng	intelligent; able; smart (phone, system, bomb etc)	6940	4
课堂	kè táng	classroom	6943	2
手工	shǒu gōng	handwork; manual	6943	4
无意	wú yì	inadvertent; accidental; to have no intention of (doing sth)	6944	7
气味	qì wèi	odor; scent	6948	7
裂	liè	to split; to crack; to break open	6953	6
推测	tuī cè	speculation; to conjecture; to surmise	6954	7
效力	xiào lì	effectiveness; positive effect; to serve (in some capacity)	6954	7
点燃	diǎn rán	to ignite; to set on fire; aflame	6958	5
思念	sī niàn	to think of; to long for; to miss	6960	7
刹车	shā chē	to brake (when driving); to stop; to switch off	6961	7
除此之外	chú cǐ zhī wài	apart from this; in addition to this	6961	7
心态	xīn tài	attitude (of the heart); state of one's psyche; way of thinking	6962	5
歇	xiē	to rest; to take a break; to stop	6962	5
侵略	qīn lu:è	to invade; invasion	6964	7
粥	zhōu	congee; gruel; porridge	6967	6
腹部	fù bù	abdomen; belly; flank	6969	7
来信	lái xìn	incoming letter; to send us a letter	6973	5
宣称	xuān chēng	to assert; to claim	6974	7
总体	zǒng tǐ	completely; totally; total	6976	5
原理	yuán lǐ	principle; theory	6978	5
来得及	lái de jí	to have enough time; can do it in time; can still make it	6981	4
账	zhàng	account; bill; debt	6981	6
威力	wēi lì	might; formidable power	6981	7
有事	yǒu shì	to be occupied with sth; to have sth on one's mind; there is something the matter	6982	6
小区	xiǎo qū	neighborhood; district	6982	7
别说	bié shuō	to say nothing of; not to mention; let alone	6983	7
登录	dēng lù	to register; to log in	6988	4
层面	céng miàn	aspect; facet; level (political, psychological, spiritual etc)	6992	6
穷人	qióng rén	poor people; the poor	6993	4
符号	fú hào	symbol; mark; sign	6994	4
翼	yì	wing; area surrounding the bullseye of a target; to assist	6996	6
施工	shī gōng	construction; to carry out construction or large-scale repairs	6996	7
出国	chū guó	to go abroad; to leave the country	6997	2
勿	wù	do not	6999	7
激素	jī sù	hormone	7000	7
隆重	lóng zhòng	grand; prosperous; ceremonious	7000	7
破裂	pò liè	to burst; to rupture; (of a relationship etc) to break down	7002	7
盛	chéng	to hold; to contain; to ladle	7003	7
体制	tǐ zhì	system; organization	7005	7
废物	fèi wù	rubbish; waste material; useless person	7005	7
迷失	mí shī	to lose (one's bearings); to get lost	7005	7
守护	shǒu hù	to guard; to protect	7007	7
清晨	qīng chén	early morning	7008	5
协商	xié shāng	to consult with; to talk things over; agreement	7011	6
民间	mín jiān	among the people; popular; folk	7015	3
委员	wěi yuán	committee member	7019	7
视野	shì yě	field of view; (fig.) outlook; perspective	7019	7
题目	tí mù	subject; title; topic	7020	3
应对	yìng duì	to answer; to reply; to handle; to deal with; response	7020	6
咳嗽	ké sou	to cough	7020	7
蹦	bèng	to jump; to bounce; to hop	7023	7
节省	jié shěng	saving; to save; to use sparingly	7027	4
研究生	yán jiū shēng	graduate student; postgraduate student; research student	7033	4
占有	zhàn yǒu	to have; to own; to hold	7035	5
雷达	léi dá	radar (loanword)	7037	6
样品	yàng pǐn	sample; specimen	7037	7
关节	guān jié	joint (physiology); key point; critical phase	7040	7
外来	wài lái	external; foreign; outside	7042	6
边界	biān jiè	boundary; border	7042	7
嫌疑	xián yí	suspicion; to have suspicions	7043	7
围巾	wéi jīn	scarf; shawl	7051	4
哎哟	āi yō	hey; ow; ouch	7054	6
波动	bō dòng	to undulate; to fluctuate; wave motion	7054	6
海盗	hǎi dào	pirate	7054	7
秋天	qiū tiān	autumn	7055	2
导师	dǎo shī	tutor; teacher; academic advisor	7057	7
与否	yǔ fǒu	whether or not (at the end of a phrase)	7060	7
往事	wǎng shì	past events; former happenings	7060	7
传言	chuán yán	rumor; hearsay	7061	6
何况	hé kuàng	let alone; to say nothing of; besides	7062	7
开头	kāi tóu	beginning; to start	7063	6
倾听	qīng tīng	to listen attentively	7063	7
传闻	chuán wén	rumor	7065	7
简称	jiǎn chēng	to be abbreviated to; abbreviation; short form	7065	7
发泄	fā xiè	to give vent to (one's feelings)	7068	7
消毒	xiāo dú	to disinfect; to sterilize	7069	5
预言	yù yán	to predict; prophecy	7075	7
失控	shī kòng	to go out of control	7077	7
噪音	zào yīn	rumble; noise; static (in a signal)	7079	7
光线	guāng xiàn	light ray; light; illumination	7080	5
出动	chū dòng	to start out on a trip; to dispatch troops	7080	6
原先	yuán xiān	originally; original; former	7083	5
出差	chū chāi	to go on an official or business trip	7087	5
删除	shān chú	to delete; to cancel	7087	7
妥协	tuǒ xié	to compromise; to reach terms; a compromise	7090	7
宁静	níng jìng	tranquil; tranquility; serenity	7092	4
强度	qiáng dù	strength; intensity	7098	5
枕头	zhěn tou	pillow	7101	7
解开	jiě kāi	to untie; to undo; to solve (a mystery)	7102	3
树林	shù lín	woods; grove; forest	7102	4
高于	gāo yú	greater than; to exceed	7103	5
瞪	dèng	to open (one's eyes) wide; to stare at; to glare at	7103	7
探讨	tàn tǎo	to investigate; to probe	7107	6
来回	lái huí	to make a round trip; return journey; back and forth	7107	7
终结	zhōng jié	end; conclusion; to come to an end; to terminate (sth)	7108	7
可恶	kě wù	repulsive; vile; hateful	7109	7
主导	zhǔ dǎo	leading; dominant; prevailing	7113	5
泡沫	pào mò	foam; (soap) bubble; (economic) bubble	7113	7
一次性	yī cì xìng	one-off (offer); one-time; single-use	7116	6
车厢	chē xiāng	carriage	7116	7
谴责	qiǎn zé	to denounce; to condemn; to criticize	7122	7
熊猫	xióng māo	panda	7123	3
变动	biàn dòng	to change; to fluctuate; change	7124	5
论坛	lùn tán	forum (for discussion)	7125	7
以内	yǐ nèi	within; less than	7129	4
力度	lì dù	strength; vigor; efforts	7129	7
分歧	fēn qí	divergent; difference (of opinion, position); disagreement; (math.) bifurcation	7131	7
目的地	mù dì dì	destination (location)	7131	7
城堡	chéng bǎo	castle; rook (chess piece)	7132	6
失眠	shī mián	to suffer from insomnia	7134	7
烟花	yān huā	fireworks; prostitute (esp. in Yuan theater)	7136	6
烧烤	shāo kǎo	barbecue; to roast	7139	7
多种	duō zhǒng	many kinds of; multiple; diverse; multi-	7142	4
纠缠	jiū chán	to be in a tangle; to nag	7142	7
海报	hǎi bào	poster; playbill; notice	7144	6
拐	guǎi	to turn (a corner etc); to kidnap; to swindle	7146	6
护照	hù zhào	passport	7152	2
型号	xíng hào	model (particular version of a manufactured article); type (product specification in terms of color, size etc)	7153	4
备用	bèi yòng	reserve; spare; alternate	7153	7
机密	jī mì	secret; classified (information)	7153	7
发放	fā fàng	to provide; to give; to grant	7155	6
泉	quán	spring (small stream); mouth of a spring; coin (archaic)	7156	5
学员	xué yuán	student; member of an institution of learning; officer cadet	7156	6
弱点	ruò diǎn	weak point; failing	7156	7
排练	pái liàn	to rehearse; rehearsal	7156	7
专注	zhuān zhù	to focus; to concentrate; to give one's full attention	7159	7
漏洞	lòu dòng	leak; hole; gap	7160	5
绳子	shéng zi	cord; string; rope	7161	7
剧情	jù qíng	story line; plot; drama (genre)	7162	7
快递	kuài dì	express delivery	7167	4
灿烂	càn làn	to glitter; brilliant; splendid	7167	7
新型	xīn xíng	new type; new kind	7169	4
损坏	sǔn huài	to damage; to injure	7169	7
才华	cái huá	talent	7172	7
自行	zì xíng	voluntary; autonomous; by oneself	7172	7
书店	shū diàn	bookstore	7174	1
验证	yàn zhèng	to inspect and verify; experimental verification; to validate (a theory)	7174	7
拘留	jū liú	to detain (a prisoner); to keep sb in custody	7175	7
酸奶	suān nǎi	yogurt	7176	4
孕妇	yùn fù	pregnant woman	7177	7
水面	shuǐ miàn	water surface	7177	7
栏	lán	fence; railing; hurdle	7178	7
互动	hù dòng	to interact; interactive	7181	6
下雪	xià xuě	to snow	7185	2
优美	yōu měi	graceful; fine; elegant	7192	4
传染	chuán rǎn	to infect; contagious	7193	7
怀着	huáizhe	Be with	7193	7
腔	qiāng	(bound form) cavity; tune; accent (in one's speech)	7193	7
查询	chá xún	to check; to inquire; to consult (a document etc)	7195	5
热水	rè shuǐ	hot water	7195	6
耳机	ěr jī	headphones; earphones; telephone receiver	7196	4
切断	qiē duàn	to cut off; to sever	7196	7
复合	fù hé	complex; compound; composite	7196	7
英文	yīng wén	English (language)	7197	2
下场	xià chǎng	to leave (the stage, an exam room, the playing field etc); to take part in some activity; to take an examination (in the imperial examination system)	7197	7
跑步	pǎo bù	to run; to jog; (military) to march at the double	7199	3
气温	qì wēn	air temperature	7200	2
歌唱	gē chàng	to sing	7200	6
气象	qì xiàng	meteorological feature; meteorology; atmosphere	7203	5
匹配	pǐ pèi	to mate or marry; to match; matching	7203	7
傲	ào	proud; arrogant; to despise	7205	7
初中	chū zhōng	junior high school (abbr. for 初级中学)	7208	3
放学	fàng xué	to dismiss students at the end of the school day	7209	1
介意	jiè yì	to care about; to take offense; to mind	7210	7
两边	liǎng bian	either side; both sides	7213	4
铃声	líng shēng	ring; ringtone; bell stroke	7216	5
画家	huà jiā	painter	7217	2
编号	biān hào	to number; numbering; serial number	7219	7
一体	yī tǐ	an integral whole; all concerned; everybody	7220	7
求助	qiú zhù	to request help; to appeal (for help)	7221	7
原地	yuán dì	(in) the original place; the place where one currently is; place of origin	7224	7
将近	jiāng jìn	almost; nearly; close to	7225	3
辩	biàn	to dispute; to debate; to argue	7226	7
蛋白质	dàn bái zhì	protein	7228	7
巧合	qiǎo hé	coincidence; coincidental; to coincide	7230	7
逃走	táo zǒu	to escape; to flee; to run away	7231	5
古怪	gǔ guài	strange; weird; eccentric	7231	7
按时	àn shí	on time; before deadline; on schedule	7233	4
关上	guān shàng	to close (a door); to turn off (light, electrical equipment etc)	7234	1
岩石	yán shí	rock	7234	7
骑车	qí chē	to ride a bike (motorbike or bicycle)	7235	2
西南	xī nán	southwest	7237	2
维生素	wéi shēng sù	vitamin	7240	6
克隆	kè lóng	clone (loanword)	7241	7
裹	guǒ	to wrap around; bundle; parcel; package; to press into service; to pressgang; to make off with (sth)	7241	7
皱	zhòu	to wrinkle; wrinkled; to crease	7246	7
分布	fēn bù	to scatter; to distribute; to be distributed (over an area etc)	7247	4
豹	bào	leopard; panther	7248	7
暑假	shǔ jià	summer vacation	7249	4
进度	jìn dù	rate of progress	7249	7
必需	bì xū	to need; to require; essential	7251	5
笑声	xiào shēng	laughter	7252	6
流泪	liú lèi	to shed tears	7253	7
精致	jīng zhì	delicate; fine; exquisite	7254	7
直至	zhí zhì	lasting until; up till (the present)	7255	7
出身	chū shēn	to be born of; to come from; family background	7256	7
柔软	róu ruǎn	soft	7257	7
何处	hé chù	whence; where	7260	7
头号	tóu hào	first rate; top rank; number one	7261	7
西北	xī běi	Northwest China (Shaanxi, Gansu, Qinghai, Ningxia, Xinjiang)	7263	2
王国	wáng guó	kingdom; realm	7263	7
值班	zhí bān	to work a shift; on duty	7266	5
墨	mò	ink stick; China ink; corporal punishment consisting of tattooing characters on the victim's forehead	7266	7
丢掉	diū diào	to lose; to throw away; to discard	7268	7
火车站	huǒ chē zhàn	train station	7270	1
研究所	yán jiū suǒ	research institute; graduate studies; graduate school	7271	5
动静	dòng jìng	(detectable) movement; (sign of) activity; movement and stillness	7275	7
授予	shòu yǔ	to award; to confer	7275	7
海边	hǎi biān	coast; seaside; seashore	7277	2
海底	hǎi dǐ	seabed; seafloor; bottom of the ocean	7278	6
赴	fù	to go; to visit (e.g. another country); to attend (a banquet etc)	7281	7
赛场	sài chǎng	racetrack; field (for athletics competition)	7283	6
臂	bì	arm	7284	6
下令	xià lìng	to give an order; to command	7284	7
直觉	zhí jué	intuition	7284	7
诊所	zhěn suǒ	clinic	7286	7
掐	qiā	to pick (flowers); to pinch; to nip	7287	7
前线	qián xiàn	front line; military front; workface	7292	7
运营	yùn yíng	to be in operation; to do business; (of train, bus etc) to be in service	7293	7
忠实	zhōng shí	faithful	7296	7
玩儿	wán r	to play; to have fun; to hang out	7297	1
一贯	yī guàn	consistent; constant; from start to finish	7299	6
亲近	qīn jìn	intimate; to get close to	7302	7
战役	zhàn yì	military campaign	7305	6
保管	bǎo guǎn	to hold in safekeeping; to have in one's care; to guarantee	7305	7
卡片	kǎ piàn	card	7305	7
延	yán	to prolong; to extend; to delay	7305	7
视力	shì lì	vision; eyesight	7305	7
坦白	tǎn bái	honest; forthcoming; to confess	7310	7
缓	huǎn	slow; unhurried; sluggish	7310	7
梦见	mèng jiàn	to dream about (sth or sb); to see in a dream	7312	4
卫生间	wèi shēng jiān	bathroom; toilet; WC	7314	3
人力	rén lì	manpower; labor power	7315	5
不光	bù guāng	not the only one; not only	7316	3
掩护	yǎn hù	to screen; to shield; to cover	7317	7
社会主义	shè huì zhǔ yì	socialism	7317	7
递	dì	to hand over; to pass on; to deliver; (bound form) progressively; in the proper order	7319	5
胎儿	tāi ér	unborn child; fetus; embryo	7319	7
低头	dī tóu	to bow the head; to yield; to give in	7321	6
政权	zhèng quán	regime; political power	7321	6
虐待	nu:è dài	to mistreat; to maltreat; to abuse	7321	7
宣言	xuān yán	declaration; manifesto	7322	7
心目	xīn mù	mind	7322	7
滑雪	huá xuě	to ski; skiing	7323	7
胃口	wèi kǒu	appetite; liking	7324	7
瘾	yǐn	addiction; craving	7327	7
高尚	gāo shàng	noble; lofty; refined	7329	4
夏季	xià jì	summer	7332	4
窒息	zhì xī	to choke; to stifle; to suffocate	7332	7
负面	fù miàn	negative; the negative side	7335	7
子女	zǐ nǚ	children; sons and daughters	7337	3
获奖	huò jiǎng	to win an award	7338	4
漆	qī	paint; lacquer; to paint (furniture, walls etc)	7339	7
熏	xūn	fragrance; warm; to educate	7339	7
赞美	zàn měi	to admire; to praise; to eulogize	7340	7
虚假	xū jiǎ	false; phony; pretense	7341	7
珍珠	zhēn zhū	pearl	7342	5
永久	yǒng jiǔ	everlasting; perpetual; lasting	7342	7
强势	qiáng shì	strong; powerful; (linguistics) emphatic	7345	6
辅助	fǔ zhù	to assist; to aid; supplementary; auxiliary	7348	5
一瞬间	yī shùn jiān	split second	7348	7
伸手	shēn shǒu	to reach out with one's hand; to hold out a hand; (fig.) to beg	7348	7
种族	zhǒng zú	race; ethnicity	7348	7
采集	cǎi jí	to gather; to collect; to harvest	7348	7
面向	miàn xiàng	to face; to turn towards; to incline to	7350	6
扭曲	niǔ qū	to twist; to warp; to distort	7352	7
消费者	xiāo fèi zhě	consumer	7354	5
生态	shēng tài	ecology	7354	7
延伸	yán shēn	to extend; to spread	7357	5
人情	rén qíng	human emotions; social relationship; friendship	7358	7
民办	mín bàn	run by the local people; privately operated	7359	7
编剧	biān jù	to write a play; scenario; dramatist	7362	7
迎来	yíng lái	to welcome (a visitor or newcomer); (fig.) to usher in	7364	6
加以	jiā yǐ	in addition; moreover; (used before a disyllabic verb to indicate that the action of the verb is applied to sth or sb previously mentioned)	7365	5
痒	yǎng	to itch; to tickle	7367	7
处方	chǔ fāng	medical prescription; to write out a prescription; (fig.) recommendation	7368	7
不停	bù tíng	incessant	7370	5
碰上	pèng shàng	to run into; to come upon; to meet	7373	7
设想	shè xiǎng	to imagine; to assume; to envisage	7375	5
种植	zhòng zhí	to plant; to grow (a crop); to cultivate	7377	4
安定	ān dìng	stable; calm; settled; to stabilize; Valium; diazepam	7377	7
默契	mò qì	tacit understanding; mutual understanding; rapport	7377	7
续	xù	to continue; to replenish	7378	7
咸	xián	all; everyone; each	7379	4
咳	hāi	sound of sighing; (interjection expressing surprise, sorrow, regret, disappointment etc) oh; damn	7383	5
礼服	lǐ fú	ceremonial robe; formal attire (dinner suit, evening gown etc)	7383	7
舔	tiǎn	to lick; to lap	7383	7
再生	zài shēng	to be reborn; to regenerate; to be a second so-and-so (famous dead person)	7384	6
崭新	zhǎn xīn	brand new	7384	7
高峰	gāo fēng	peak; summit; height	7388	6
叠	dié	to fold; to fold over in layers; to furl	7389	7
一线	yī xiàn	front line	7391	7
耗	hào	to waste; to spend; to consume	7391	7
智商	zhì shāng	IQ (intelligence quotient)	7392	7
漫	màn	free; unrestrained; to inundate	7395	7
住房	zhù fáng	housing	7400	2
片段	piàn duàn	fragment (of speech etc); extract (from book etc); episode (of story etc)	7400	7
月球	yuè qiú	the moon	7401	5
老太太	lǎo tài tai	elderly lady (respectful); esteemed mother	7407	3
出院	chū yuàn	to leave hospital; to be discharged from hospital	7409	2
疲劳	pí láo	fatigue; wearily; weariness	7419	7
躲避	duǒ bì	to hide; to evade; to dodge	7419	7
骗人	piàn rén	to cheat sb; a scam	7420	7
挣钱	zhèng qián	to make money	7421	5
温泉	wēn quán	hot spring; spa; onsen	7424	7
副作用	fù zuò yòng	side effect	7428	7
拾	shí	to pick up; to collate or arrange; ten (banker's anti-fraud numeral)	7430	5
台阶	tái jiē	steps; flight of steps; step (over obstacle)	7435	4
温和	wēn hé	mild; gentle; moderate	7438	5
目录	mù lù	catalog; table of contents; directory (on computer hard drive)	7441	7
追逐	zhuī zhú	to chase; to pursue vigorously	7441	7
涌	yǒng	to bubble up; to rush forth	7443	7
耽误	dān wu	to delay; to hold up; to waste time	7445	7
景象	jǐng xiàng	scene; sight (to behold)	7447	5
淋	lìn	to filter; to strain; to drain	7448	7
船长	chuán zhǎng	captain (of a boat); skipper	7452	6
奇妙	qí miào	fantastic; wonderful	7455	6
归来	guī lái	to return; to come back	7455	7
奴隶	nú lì	slave	7456	7
彩虹	cǎi hóng	rainbow	7457	7
上方	shàng fāng	place above (it); upper part (of it)	7459	7
半天	bàn tiān	half of the day; a long time; quite a while	7467	1
后退	hòu tuì	to recoil; to draw back; to fall back	7469	7
体育馆	tǐ yù guǎn	gym; gymnasium; stadium	7477	2
干预	gān yù	to meddle; to intervene; intervention	7478	5
争执	zhēng zhí	to dispute; to disagree; to argue opinionatedly	7481	7
卧	wò	to lie; to crouch	7481	7
剧组	jù zǔ	cast and crew; performers and production team	7482	7
集会	jí huì	to gather; assembly; meeting	7482	7
无知	wú zhī	ignorant; ignorance	7484	7
剥夺	bō duó	to deprive; to expropriate; to strip (sb of his property)	7485	7
橡胶	xiàng jiāo	rubber; caoutchouc	7485	7
万分	wàn fēn	very much; extremely; one ten thousandth part	7486	7
指向	zhǐ xiàng	to point towards; aimed at; facing	7488	7
上衣	shàng yī	jacket; upper outer garment	7489	3
枝	zhī	branch; classifier for sticks, rods, pencils etc	7489	6
协定	xié dìng	agreement; accord; to reach an agreement	7490	7
私下	sī xià	in private	7490	7
旗帜	qí zhì	ensign; flag	7492	7
悬	xuán	to hang or suspend; to worry; public announcement	7493	6
水准	shuǐ zhǔn	level (of achievement etc); standard; level (surveying)	7494	7
建成	jiàn chéng	to establish; to build	7497	3
柜台	guì tái	sales counter; front desk; bar	7498	7
纯洁	chún jié	pure; clean and honest; to purify	7498	7
揭露	jiē lù	to expose; to unmask; to ferret out	7499	7
老朋友	lǎo péng you	old friend; (slang) period; menstruation	7500	2
打听	dǎ ting	to ask about; to make some inquiries; to ask around	7507	3
此后	cǐ hòu	after this; afterwards; hereafter	7508	5
菜单	cài dān	menu	7509	2
打包	dǎ bāo	to wrap; to pack; to put leftovers in a doggy bag for take-out; (computing) to package (i.e. create an archive file)	7509	5
车牌	chē pái	license plate	7516	6
吩咐	fēn fù	to tell; to instruct; to command	7516	7
物体	wù tǐ	object; body; substance	7517	7
职员	zhí yuán	office worker; staff member	7519	7
促使	cù shǐ	to induce; to promote; to urge	7521	4
导航	dǎo háng	navigation	7522	7
强劲	qiáng jìng	strong; powerful; robust	7522	7
挽回	wǎn huí	to retrieve; to redeem	7524	7
剥	bāo	to peel; to skin; to shell	7525	7
商标	shāng biāo	trademark; logo	7527	5
爱国	ài guó	to love one's country; patriotic	7528	4
旅途	lǚ tú	journey; trip	7530	7
三角	sān jiǎo	triangle	7531	7
庆幸	qìng xìng	to rejoice; to be glad	7531	7
条约	tiáo yuē	treaty; pact	7534	7
定期	dìng qī	at set dates; at regular intervals; periodic	7535	3
享	xiǎng	to enjoy; to benefit; to have the use of	7536	7
本能	běn néng	instinct	7537	7
陆军	lù jūn	army; ground forces	7538	6
塑造	sù zào	to model; to mold; (fig.) to create (a character, a market, an image etc)	7539	7
升高	shēng gāo	to raise; to ascend	7541	5
恐慌	kǒng huāng	panic; panicky; panic-stricken	7541	7
旺	wàng	prosperous; flourishing; (of flowers) blooming	7543	7
钓	diào	to fish with a hook and bait	7545	5
连锁	lián suǒ	to interlock; to be linked; chain (store etc)	7545	7
辩论	biàn lùn	debate; argument; to argue over	7547	4
伤感	shāng gǎn	sad; emotional; sentimental	7547	7
轻微	qīng wēi	slight; light; trivial	7547	7
薪水	xīn shuǐ	salary; wage	7554	6
疲惫	pí bèi	beaten; exhausted; tired	7555	7
拧	níng	to pinch; wring	7556	7
莫名其妙	mò míng qí miào	(idiom) baffling; bizarre; without rhyme or reason; inexplicable	7558	7
廉价	lián jià	cheaply-priced; low-cost	7559	7
衡量	héng liáng	to weigh; to examine; to consider	7561	6
师父	shī fu	used for 师傅 (in Taiwan); master; qualified worker	7563	6
束缚	shù fù	to bind; to restrict; to tie	7564	7
健全	jiàn quán	robust; sound	7565	5
一大早	yī dà zǎo	at dawn; at first light; first thing in the morning	7571	7
一方面	yī fāng miàn	on the one hand	7572	3
撞击	zhuàng jī	to strike; to hit; to ram	7572	7
远处	yuǎn chù	distant place	7573	5
星期天	xīng qī tiān	Sunday	7577	1
动人	dòng rén	touching; moving	7579	3
先前	xiān qián	before; previously	7581	5
债券	zhài quàn	bond; debenture	7583	6
垮	kuǎ	to collapse (lit. or fig.)	7583	7
当真	dàng zhēn	to take seriously; serious; No joking, really!	7584	7
复活	fù huó	to revive; (lit. and fig.) to come back to life; (religion) resurrection	7585	7
心爱	xīn ài	beloved	7587	7
溪	xī	creek; rivulet	7590	6
种类	zhǒng lèi	kind; genus; type	7596	4
体温	tǐ wēn	(body) temperature	7596	7
怪不得	guài bu de	no wonder!; so that's why!	7596	7
突击	tū jī	sudden and violent attack; assault; fig. rushed job	7596	7
压迫	yā pò	to oppress; to repress; to constrict	7597	6
棋	qí	chess; chess-like game; a game of chess	7604	7
好不容易	hǎo bù róng yì	with great difficulty; very difficult	7605	6
芝士	zhī shì	cheese (loanword)	7608	7
蔓延	màn yán	to extend; to spread	7609	7
巨人	jù rén	giant	7611	7
模范	mó fàn	model; fine example	7612	5
有毒	yǒu dú	poisonous	7616	5
设法	shè fǎ	to try; to make an attempt; to think of a way (to accomplish sth)	7616	7
老百姓	lǎo bǎi xìng	ordinary people; the "person in the street"	7618	3
强硬	qiáng yìng	tough; unyielding; hard-line	7618	7
心意	xīn yì	intention; regard; kindly feelings	7619	7
道具	dào jù	prop (theater); paraphernalia; (gaming) item	7621	7
调动	diào dòng	to transfer; to maneuver (troops etc); movement of personnel	7622	5
碳	tàn	carbon (chemistry)	7624	7
不妨	bù fáng	there is no harm in; might as well	7625	7
绝大多数	jué dà duō shù	the vast majority	7627	6
有益	yǒu yì	useful; beneficial; profitable	7633	7
靴子	xuē zi	boots	7637	7
默默	mò mò	in silence; not speaking	7639	4
终究	zhōng jiū	in the end; after all is said and done	7641	7
辅导	fǔ dǎo	to give guidance; to mentor; to counsel	7641	7
户外	hù wài	outdoor	7642	6
年级	nián jí	grade; year (in school, college etc)	7644	2
未必	wèi bì	not necessarily; maybe not	7646	4
会面	huì miàn	to meet with; meeting	7646	7
失落	shī luò	to lose (sth); to drop (sth); to feel a sense of loss	7646	7
急需	jí xū	to urgently need; urgent need	7649	7
建筑物	jiàn zhù wù	building; structure; edifice	7652	7
解脱	jiě tuō	to untie; to free; to absolve of	7653	7
采购	cǎi gòu	to procure (for an enterprise etc); to purchase	7654	5
受益	shòu yì	to benefit from; profit	7654	7
炸药	zhà yào	explosive (material)	7656	6
小人	xiǎo rén	person of low social status (old); I, me (used to refer humbly to oneself); nasty person	7656	7
旅程	lǚ chéng	journey; trip	7656	7
本土	běn tǔ	one's native country; native; local	7660	6
牛仔裤	niú zǎi kù	jeans	7666	5
表决	biǎo jué	to decide by vote; to vote	7667	7
享有	xiǎng yǒu	to enjoy (rights, privileges etc)	7670	7
阻挡	zǔ dǎng	to stop; to resist; to obstruct	7670	7
恰当	qià dàng	appropriate; suitable	7676	6
疑惑	yí huò	to doubt; to distrust; unconvincing	7683	7
仇恨	chóu hèn	to hate; hatred; enmity	7685	7
注视	zhù shì	to look attentively at; to closely watch; to gaze at	7687	5
后备	hòu bèi	reserve; backup	7692	7
凭借	píng jiè	to rely on; to depend on; by means of	7693	7
开支	kāi zhī	expenditures; expenses; to spend money	7694	7
擅自	shàn zì	without permission	7694	7
监测	jiān cè	to monitor	7699	6
车票	chē piào	ticket (for a bus or train)	7701	1
看病	kàn bìng	to visit a doctor; to see a patient	7705	1
称号	chēng hào	name; term of address; title	7705	5
浏览	liú lǎn	to skim over; to browse	7707	7
叉	chā	fork; pitchfork; prong	7708	5
追究	zhuī jiū	to investigate; to look into	7709	6
防范	fáng fàn	to be on guard; wariness; to guard against	7713	6
目睹	mù dǔ	to witness; to see at first hand; to see with one's own eyes	7713	7
手腕	shǒu wàn	wrist; trickery; finesse	7714	7
税收	shuì shōu	taxation	7717	7
清单	qīng dān	list of items	7718	7
马车	mǎ chē	cart; chariot; carriage	7719	6
明智	míng zhì	sensible; wise; judicious	7721	7
铅	qiān	lead (chemistry)	7728	7
非凡	fēi fán	out of the ordinary; unusually (good, talented etc)	7729	7
刊登	kān dēng	to carry a story; to publish (in a newspaper or magazine)	7731	7
泄露	xiè lù	to leak (information); to divulge; also pr. [xiè lòu]	7731	7
无耻	wú chǐ	without any sense of shame; unembarrassed; shameless	7732	6
拖延	tuō yán	to delay; to put off; to procrastinate	7732	7
文物	wén wù	cultural relic; historical relic	7733	7
个体	gè tǐ	individual	7735	4
墙壁	qiáng bì	wall	7736	5
看作	kàn zuò	to look upon as; to regard as	7737	6
开关	kāi guān	power switch; gas valve; to open the city (or frontier) gate	7738	6
诱人	yòu rén	attractive; alluring; captivating	7738	7
鹅	é	goose	7741	7
走开	zǒu kāi	to leave; to walk away; to beat it	7742	2
仇	chóu	hatred; animosity; enmity	7742	7
仍旧	réng jiù	still (remaining); to remain (the same); yet	7743	5
昂贵	áng guì	expensive; costly	7743	7
圆满	yuán mǎn	satisfactory; consummate; perfect	7745	4
古典	gǔ diǎn	classical	7746	6
橘子	jú zi	tangerine	7748	7
冷漠	lěng mò	cold and detached towards sb; lack of regard; indifference	7750	7
预备	yù bèi	to prepare; to make ready; preparation	7752	5
忘掉	wàng diào	to forget	7754	7
大方	dà fang	generous; magnanimous; stylish	7757	4
卡通	kǎ tōng	cartoon (loanword)	7760	7
圈子	quān zi	circle; ring; (social) circle	7760	7
天地	tiān dì	heaven and earth; world; scope	7764	7
剧场	jù chǎng	theater	7765	3
果汁	guǒ zhī	fruit juice	7765	3
斜	xié	inclined; slanting; oblique	7766	5
厌倦	yàn juàn	to be weary of; to be fed up with; to be bored with	7767	7
有害	yǒu hài	destructive; harmful; damaging	7768	5
奖学金	jiǎng xué jīn	scholarship	7771	4
看成	kàn chéng	to regard as	7773	5
饶	ráo	rich; abundant; exuberant	7774	7
手册	shǒu cè	manual; handbook	7783	7
启发	qǐ fā	to enlighten; to explain (a text etc); to stimulate (a mental attitude)	7784	5
进出	jìn chū	to enter or exit; to go through	7784	7
转化	zhuǎn huà	to change; to transform; isomerization (chemistry)	7786	5
奔驰	bēn chí	to run quickly; to speed; to gallop	7787	6
体贴	tǐ tiē	considerate (of other people's needs)	7789	7
搬家	bān jiā	to move house; to relocate; to remove (sth)	7790	3
生效	shēng xiào	to take effect; to go into effect	7791	7
不通	bù tōng	to be obstructed; to be blocked up; to be impassable	7794	6
服饰	fú shì	apparel; clothing and personal adornment	7795	7
壶	hú	pot; classifier for bottled liquid	7796	6
名誉	míng yù	fame; reputation; honor	7798	6
开业	kāi yè	to open a business; to open a practice; open (for business)	7802	3
浇	jiāo	to pour liquid; to irrigate (using waterwheel); to water	7803	7
图书	tú shū	books (in a library or bookstore)	7804	6
生动	shēng dòng	vivid; lively	7805	3
泪水	lèi shuǐ	teardrop; tears	7812	4
垂	chuí	to hang (down); droop; dangle	7815	7
退役	tuì yì	(of military personnel or athletes) to retire; (of outdated equipment) to be decommissioned	7817	7
兑现	duì xiàn	(of a check etc) to cash; to honor a commitment	7819	7
肌肤	jī fū	skin; flesh; fig. close physical relationship	7819	7
乙	yǐ	second of the ten Heavenly Stems 干; second in order; letter "B" or Roman "II" in list "A, B, C", or "I, II, III" etc	7820	5
步骤	bù zhòu	procedure; step	7820	7
订单	dìng dān	(purchase) order	7820	7
厨师	chú shī	cook; chef	7821	6
电器	diàn qì	(electrical) appliance; device	7826	6
拳头	quán tou	fist; clenched fist; competitive (product)	7826	7
遵循	zūn xún	to follow; to abide by; to comply with	7828	7
远程	yuǎn chéng	remote; long distance; long range	7829	7
抗生素	kàng shēng sù	antibiotic	7830	7
梨	lí	pear	7831	5
选拔	xuǎn bá	to select the best	7832	6
下属	xià shǔ	subordinate; underling	7832	7
英勇	yīng yǒng	heroic; gallant; valiant	7835	4
加油站	jiā yóu zhàn	gas station	7839	4
人权	rén quán	human rights	7841	6
步行	bù xíng	to go on foot; to walk	7842	4
人事	rén shì	personnel; human resources; human affairs	7842	7
当今	dāng jīn	current; present; now	7843	7
出版社	chū bǎn shè	publishing house	7844	7
可行	kě xíng	feasible	7847	7
喜悦	xǐ yuè	happy; joyous	7848	7
热心	rè xīn	enthusiastic; ardent; zealous	7849	4
大气	dà qì	atmosphere (surrounding the earth); imposing; impressive; stylish	7850	7
引用	yǐn yòng	to quote; to cite; to recommend	7851	7
郊区	jiāo qū	suburban district; outskirts; suburbs	7855	5
查明	chá míng	to investigate and find out; to ascertain	7858	7
就业	jiù yè	to get a job; employment	7863	3
要不然	yào bù rán	otherwise; or else; or	7865	6
一手	yī shǒu	a skill; mastery of a trade; by oneself	7866	7
怪异	guài yì	monstrous; strange; strange phenomenon	7869	7
认证	rèn zhèng	to authenticate; to approve	7871	7
作弊	zuò bì	to practice fraud; to cheat; to engage in corrupt practices	7875	7
恰好	qià hǎo	as it turns out; by lucky coincidence; (of number, time, size etc) just right	7876	6
蜡烛	là zhú	candle	7877	7
有利于	yǒu lì yú	to be advantageous to; to be beneficial for	7879	5
时常	shí cháng	often; frequently	7880	5
可悲	kě bēi	lamentable	7880	7
惊奇	jīng qí	to be amazed; to be surprised; to wonder	7880	7
精神病	jīng shén bìng	mental disorder; psychosis	7889	7
彩色	cǎi sè	color; multicolored	7894	3
厌恶	yàn wù	to loathe; to hate; disgusted with sth	7894	6
纷纷	fēn fēn	one after another; in succession; one by one	7895	4
从来不	cóng lái bù	never	7895	7
和尚	hé shang	Buddhist monk	7896	7
进化	jìn huà	evolution	7898	5
便是	biàn shì	(emphasizes that sth is precisely or exactly as stated); precisely; exactly	7899	6
高跟鞋	gāo gēn xié	high-heeled shoes	7901	5
警车	jǐng chē	police car	7901	7
扛	gāng	to raise aloft with both hands; (of two or more people) to carry sth together	7902	7
出示	chū shì	to show; to take out and show to others; to display	7905	7
洪水	hóng shuǐ	deluge; flood	7906	6
偿还	cháng huán	to repay; to reimburse	7907	7
验	yàn	to examine; to test; to check	7908	7
炫耀	xuàn yào	dazzling; to show off; to flaunt	7910	7
节约	jié yuē	to economize; to conserve (resources); economy	7912	3
人身	rén shēn	person; personal; human body	7914	7
风光	fēng guāng	scene; view; sight	7917	5
一旁	yī páng	aside; to the side of	7919	7
笔记	bǐ jì	to take down (in writing); notes; a type of literature consisting mainly of short sketches	7920	2
为难	wéi nán	to feel embarrassed or awkward; to make things difficult (for someone); to find things difficult (to do or manage)	7920	5
停电	tíng diàn	to have a power failure; power cut	7921	7
上涨	shàng zhǎng	to rise; to go up	7924	5
后台	hòu tái	backstage area; behind-the-scenes supporter; (computing) back-end	7924	7
单元	dān yuán	unit (forming an entity); element; (in a residential building) entrance or staircase	7926	3
自在	zì zai	comfortable; at ease	7927	6
打招呼	dǎ zhāo hu	to greet sb by word or action; to give prior notice	7931	7
啃	kěn	to gnaw; to nibble; to bite	7933	7
改编	gǎi biān	to adapt; to rearrange; to revise	7933	7
吸取	xī qǔ	to absorb; to draw (a lesson, insight etc); to assimilate	7936	7
寺	sì	Buddhist temple; mosque; government office (old)	7938	6
帐篷	zhàng peng	tent	7940	7
缘故	yuán gù	reason; cause	7942	6
低估	dī gū	to underestimate; to underrate	7942	7
外地	wài dì	parts of the country other than where one is	7943	2
电影院	diàn yǐng yuàn	cinema; movie theater	7945	1
偏偏	piān piān	(indicates that sth turns out just the opposite of what one would wish) unfortunately; as it happened; (indicates that sth is the opposite of what would be normal or reasonable) stubbornly	7946	7
话语	huà yǔ	words; speech; utterance	7946	7
休假	xiū jià	to go on vacation; to have a holiday; to take leave	7947	2
心愿	xīn yuàn	cherished desire; dream; craving	7950	6
流传	liú chuán	to spread; to circulate; to hand down	7952	4
上映	shàng yìng	to screen; to show (a movie)	7954	7
股市	gǔ shì	stock market	7954	7
海关	hǎi guān	customs (i.e. border crossing inspection)	7955	3
小声	xiǎo shēng	in a low voice; (speak) in whispers	7958	2
主编	zhǔ biān	editor in chief	7958	7
统统	tǒng tǒng	totally	7958	7
消极	xiāo jí	negative; passive; inactive	7959	5
至关重要	zhì guān zhòng yào	extremely important; vital; crucial	7960	7
要命	yào mìng	to cause sb's death; extremely; terribly; (used in complaining about sth) to be a nuisance	7960	7
颤抖	chàn dǒu	to shudder; to shiver; to shake	7961	7
打倒	dǎ dǎo	to overthrow; to knock down; Down with ... !	7962	7
充实	chōng shí	rich; full; substantial	7964	7
董事	dǒng shì	board member	7964	7
解剖	jiě pōu	to dissect (an animal); to analyze; anatomy	7964	7
识	shí	to know; knowledge; Taiwan pr. [shì]	7967	6
风情	fēng qíng	mien; bearing; grace	7970	7
简历	jiǎn lì	curriculum vitae (CV); résumé; biographical notes	7973	4
自觉	zì jué	conscious; aware; on one's own initiative	7977	3
往后	wǎng hòu	from now on; in the future; time to come	7978	6
雕塑	diāo sù	a statue; a Buddhist image; sculpture	7978	7
处处	chù chù	everywhere; in all respects	7980	6
不至于	bù zhì yú	unlikely to go so far as to; not as bad as	7982	6
收看	shōu kàn	to watch (a TV program)	7983	3
同类	tóng lèi	similar; same type; alike	7983	7
国防	guó fáng	national defense	7990	7
海外	hǎi wài	overseas; abroad	7991	6
搜查	sōu chá	to search	7999	7
醋	cù	vinegar; jealousy (in love rivalry)	8000	6
核武器	hé wǔ qì	nuclear weapon	8000	7
摔倒	shuāi dǎo	to fall down; to slip and fall; to throw sb to the ground	8001	5
罢工	bà gōng	a strike; to go on strike	8001	6
着想	zhuó xiǎng	to give thought (to others); to consider (other people's needs); also pr. [zháo xiǎng]	8001	7
不便	bù biàn	inconvenient; inappropriate; unsuitable	8003	6
颁发	bān fā	to issue; to promulgate; to award	8003	7
招聘	zhāo pìn	to invite applications for a job; to recruit	8004	6
身心	shēn xīn	body and mind; mental and physical	8004	7
腾	téng	(bound form) to gallop; to prance; (bound form) to soar; to hover; to make room; to clear out; to vacate	8009	7
活泼	huó po	lively; vivacious; brisk	8011	5
夸	kuā	to boast; to exaggerate; to praise	8011	7
呼吁	hū yù	to call on (sb to do sth); to appeal (to); an appeal	8013	7
干燥	gān zào	to dry (of weather, paint, cement etc); desiccation; dull	8013	7
支配	zhī pèi	to control; to dominate; to allocate	8015	5
铝	lǚ	aluminum (chemistry)	8015	7
堕落	duò luò	to degrade; to degenerate; to become depraved	8016	7
大自然	dà zì rán	nature (the natural world)	8020	2
解救	jiě jiù	to rescue; to help out of difficulties; to save the situation	8020	7
不禁	bù jīn	can't help (doing sth); can't refrain from	8021	6
妥	tuǒ	suitable; adequate; ready	8024	7
几率	jī lǜ	probability; odds	8030	7
嗓子	sǎng zi	throat; voice	8030	7
专心	zhuān xīn	to focus one's attention; to concentrate on (doing sth)	8032	4
使劲	shǐ jìn	to exert all one's strength	8033	4
支出	zhī chū	to spend; to pay out; expenses; expenditure	8039	5
歹徒	dǎi tú	evildoer; malefactor; gangster	8043	7
公务员	gōng wù yuán	functionary; office-bearer	8047	3
野蛮	yě mán	barbarous; uncivilized	8048	7
中奖	zhòng jiǎng	to win a prize (in a lottery etc)	8049	4
分解	fēn jiě	to resolve; to decompose; to break down	8050	5
中介	zhōng jiè	to act as intermediary; to link; intermediate	8051	4
看望	kàn wàng	to pay a visit to; to see (sb)	8053	4
敞开	chǎng kāi	to open wide; unrestrictedly	8057	7
征求	zhēng qiú	to solicit; to seek; to request (opinions, feedback etc)	8059	4
诗歌	shī gē	poem	8059	5
全程	quán chéng	the whole distance; from beginning to end	8061	7
认知	rèn zhī	cognition; cognitive; understanding	8061	7
热量	rè liàng	heat; quantity of heat; calorific value	8063	5
代理人	dài lǐ rén	agent	8064	7
名声	míng shēng	reputation	8064	7
巨星	jù xīng	(astronomy) giant star; (fig.) superstar (of opera, basketball etc)	8064	7
挪	nuó	to shift; to move	8064	7
丑闻	chǒu wén	scandal	8065	7
签证	qiān zhèng	visa; to issue a visa	8073	5
早晚	zǎo wǎn	morning and evening; (dialect) some time in the future; some day	8073	6
卸	xiè	to unload; to unhitch; to remove or strip	8077	7
周期	zhōu qī	period; cycle	8079	5
亏	kuī	deficiency; deficit; luckily	8080	5
潜艇	qián tǐng	submarine	8080	7
公关	gōng guān	public relations	8081	7
以至于	yǐ zhì yú	down to; up to; to the extent that...	8091	7
坡	pō	slope; sloping; slanted	8092	6
业绩	yè jì	achievement; accomplishment; (in more recent usage) performance (of a business, employee etc)	8094	7
氛围	fēn wéi	ambience; atmosphere	8094	7
求婚	qiú hūn	to propose marriage	8095	7
直线	zhí xiàn	straight line; sharply (rise or fall)	8100	5
指南	zhǐ nán	to guide; guidebook	8102	7
面对面	miàn duì miàn	face to face	8105	6
送到	sòng dào	Deliver	8114	2
前天	qián tiān	the day before yesterday	8117	1
暖和	nuǎn huo	warm; nice and warm	8118	3
融	róng	to melt; to thaw; to blend	8118	7
信赖	xìn lài	to trust; to have confidence in; to have faith in	8119	7
澄清	chéng qīng	clear (of liquid); limpid; to clarify	8124	7
大不了	dà bù liǎo	at worst; if worst comes to worst; (usu. in the negative) serious; alarming	8135	6
父子	fù zǐ	father and son	8135	6
外星人	wài xīng rén	space alien; extraterrestrial	8135	7
裂缝	liè fèng	crack; crevice	8135	7
口号	kǒu hào	slogan; catchphrase	8137	5
上空	shàng kōng	overhead; in the sky	8137	7
境界	jìng jiè	boundary; state; realm	8138	7
伤痕	shāng hén	scar; bruise	8140	7
救护车	jiù hù chē	ambulance	8140	7
生育	shēng yù	to bear; to give birth; to grow	8140	7
键盘	jiàn pán	keyboard	8141	5
泄漏	xiè lòu	(of a liquid or gas) to leak; to divulge; to leak (information)	8141	7
劈	pī	to hack; to chop; to split open	8142	7
拆除	chāi chú	to tear down; to demolish; to dismantle	8143	5
蜜蜂	mì fēng	bee; honeybee	8143	7
实用	shí yòng	practical; functional; pragmatic	8149	4
行使	xíng shǐ	to exercise (a right etc)	8152	7
撤退	chè tuì	to retreat	8153	6
悲惨	bēi cǎn	miserable; tragic	8154	6
早日	zǎo rì	soon; at an early date; the early days; the past	8155	7
繁荣	fán róng	prosperous; booming (economy)	8156	5
品尝	pǐn cháng	to taste a small amount; to sample	8156	7
递给	dì gěi	to hand it (i.e. the aforementioned item) to (sb)	8159	5
动用	dòng yòng	to utilize; to put sth to use	8160	7
粉碎	fěn suì	to crush; to smash; to shatter	8160	7
撒谎	sā huǎng	to tell lies	8163	7
忧郁	yōu yù	sullen; depressed; melancholy; dejected	8164	7
册	cè	book; booklet; classifier for books	8165	5
长度	cháng dù	length	8167	5
虚拟	xū nǐ	to imagine; to make up; fictitious; theoretical; hypothetical; (computing) to emulate	8167	7
昏	hūn	muddle-headed; twilight; to faint	8168	6
收养	shōu yǎng	to take in and care for (an elderly person, a dog etc); to adopt (a child); adoption	8175	6
被子	bèi zi	quilt	8179	3
一模一样	yī mú yī yàng	exactly the same (idiom); carbon copy; also pr. [yī mó yī yàng]	8179	6
残疾人	cán jí rén	disabled person	8182	6
掀起	xiān qǐ	to lift; to raise (a lid etc); (of a storm) to surge; to stir up (waves etc); (fig.) to trigger; set off (a wave of popularity, a controversy etc)	8186	7
界限	jiè xiàn	boundary	8187	7
前所未有	qián suǒ wèi yǒu	unprecedented	8193	7
品位	pǐn wèi	rank; grade; quality	8194	7
煤	méi	coal	8197	5
车库	chē kù	garage	8202	5
少见	shǎo jiàn	rare; seldom seen; (formal) it's a rare pleasure to see you	8205	7
入学	rù xué	to enter a school or college; to go to school for the first time as a child	8206	6
旋律	xuán lǜ	melody	8207	7
收取	shōu qǔ	to receive; to collect	8208	6
固执	gù zhí	obstinate; stubborn; to fixate on	8209	7
强化	qiáng huà	to strengthen; to intensify	8212	6
借助	jiè zhù	to draw support from; with the help of	8213	7
刻意	kè yì	intentionally; deliberately; purposely; painstakingly; meticulously	8213	7
形态	xíng tài	shape; form; pattern	8215	5
摩擦	mó cā	friction; rubbing; chafing	8215	5
淘	táo	to wash; to clean out; to cleanse	8224	7
源头	yuán tóu	source; fountainhead	8224	7
一度	yī dù	for a time; at one time; one time	8225	7
察觉	chá jué	to sense; to perceive; to become aware of	8230	7
夺取	duó qǔ	to seize; to capture; to wrest control of	8232	6
打印	dǎ yìn	to affix a seal; to stamp; to print out (with a printer)	8233	2
宁可	nìng kě	preferably; one would prefer to...(or not to...); would rather	8234	7
侧面	cè miàn	lateral side; side; aspect	8235	7
不曾	bù céng	hasn't yet; hasn't ever	8242	5
萝卜	luó bo	radish (Raphanus sativus), esp. white radish 白萝卜	8242	7
摄像	shè xiàng	to videotape	8249	5
内阁	nèi gé	(government) cabinet	8251	7
局部	jú bù	part; local	8253	7
签订	qiān dìng	to agree to and sign (a treaty etc)	8257	5
渗透	shèn tòu	(lit. and fig.) to permeate; to seep into; (of a product, idea etc) to penetrate (in a population)	8262	7
迎	yíng	to welcome; to meet; to forge ahead (esp. in the face of difficulties); to meet face to face	8262	7
黑客	hēi kè	hacker (computing) (loanword)	8262	7
付费	fù fèi	to pay; to cover the costs	8266	7
鸭子	yā zi	duck; male prostitute (slang)	8269	5
间接	jiàn jiē	indirect	8271	5
背包	bēi bāo	knapsack; rucksack; infantry pack	8274	5
塌	tā	to collapse; to droop; to settle down	8276	7
斤	jīn	catty; (PRC) weight equal to 500 g; (Tw) weight equal to 600 g	8277	2
俗	sú	custom; convention; popular	8279	7
裁决	cái jué	ruling; adjudication	8282	7
运送	yùn sòng	to transport; to carry	8282	7
使者	shǐ zhě	emissary; envoy	8284	7
车主	chē zhǔ	vehicle owner	8285	5
赏	shǎng	to bestow (a reward); to give (to an inferior); to hand down	8287	4
特地	tè dì	specially; for a special purpose	8288	6
打仗	dǎ zhàng	to fight a battle; to go to war	8288	7
决议	jué yì	a resolution; to pass a resolution	8289	7
期盼	qī pàn	to expect; to await	8289	7
龟	guī	tortoise; turtle	8289	7
余	yú	extra; surplus; remaining	8291	7
把手	bǎ shou	handle; grip; knob	8291	7
过错	guò cuò	mistake; fault; responsibility (for a fault)	8293	7
强壮	qiáng zhuàng	strong; sturdy; robust	8294	6
软弱	ruǎn ruò	weak; feeble; flabby	8294	7
出入	chū rù	to go out and come in; entrance and exit; expenditure and income	8296	6
和解	hé jiě	to settle (a dispute out of court); to reconcile; settlement	8297	7
区分	qū fēn	to differentiate; to draw a distinction; to divide into categories	8298	6
抑郁	yì yù	depressed; despondent; gloomy	8298	7
报社	bào shè	newspaper (i.e. a company)	8300	7
解散	jiě sàn	to dissolve; to disband	8300	7
筹备	chóu bèi	preparations; to get ready for sth	8302	7
农村	nóng cūn	rural area; village	8305	3
装扮	zhuāng bàn	to decorate; to adorn; to dress up	8307	7
良	liáng	good; very; very much	8310	7
巴士	bā shì	bus (loanword); motor coach	8312	4
结尾	jié wěi	ending; coda; to wind up	8314	7
引进	yǐn jìn	to recommend; to introduce (from outside)	8315	4
严密	yán mì	strict; tight (organization, surveillance etc)	8320	7
列入	liè rù	to include on a list	8323	4
题材	tí cái	subject matter	8324	5
排斥	pái chì	to reject; to exclude; to eliminate	8330	7
长相	zhǎng xiàng	appearance; looks; profile	8331	7
报仇	bào chóu	to take revenge; to avenge	8334	7
收缩	shōu suō	to pull back; to shrink; to contract	8334	7
通用	tōng yòng	to use anywhere, anytime (card, ticket etc); to be used by everyone (language, textbook etc); (of two or more things) interchangeable	8338	5
排列	pái liè	to arrange in order; (math.) permutation	8340	4
帖子	tiě zi	card; invitation; message	8341	7
钓鱼	diào yú	to fish (with line and hook); to dupe	8342	7
用不着	yòng bu zháo	not need; have no use for	8346	5
嚼	jiáo	to chew; also pr. [jué]	8347	7
牌照	pái zhào	(business) license; vehicle license; car registration	8347	7
充电	chōng diàn	to recharge (a battery); (fig.) to recharge one's batteries (through leisure); to update one's skills and knowledge	8349	4
搜寻	sōu xún	to search; to look for	8349	7
迫切	pò qiè	urgent; pressing	8352	4
抚养	fǔ yǎng	to foster; to bring up; to raise	8358	7
打交道	dǎ jiāo dào	to come into contact with; to have dealings	8359	7
用途	yòng tú	use; application	8360	4
万能	wàn néng	omnipotent; all-purpose; universal	8366	7
富人	fù rén	rich person; the rich	8367	6
兼职	jiān zhí	to hold concurrent posts; concurrent job; moonlighting	8368	7
大致	dà zhì	more or less; roughly; approximately	8369	5
宠	chǒng	to love; to pamper; to spoil	8378	7
较量	jiào liàng	to pit oneself against sb; to compete with sb; contest	8379	7
谣言	yáo yán	rumor	8381	7
重返	chóng fǎn	to return to	8381	7
世界杯	shì jiè bēi	World Cup	8383	3
当代	dāng dài	the present age; the contemporary era	8383	5
非得	fēi děi	(followed by a verb phrase, then – optionally – 不可, or 不行 etc) must	8384	7
过节	guò jié	to celebrate a festival; after the celebrations (i.e. once the festival is over)	8385	7
捕	bǔ	to catch; to seize; to capture	8390	6
好感	hǎo gǎn	good opinion; favorable impression	8391	7
搜集	sōu jí	to gather; to collect	8392	7
探测	tàn cè	to probe; to survey	8394	7
位子	wèi zi	place; seat	8395	7
老年	lǎo nián	elderly; old age; autumn of one's years	8396	2
演戏	yǎn xì	to put on a play; to perform; fig. to pretend	8399	7
零件	líng jiàn	part; component	8400	7
夺冠	duó guàn	to seize the crown; fig. to win a championship; to win gold medal	8401	7
自尊	zì zūn	self-respect; self-esteem; ego	8402	7
瘫痪	tān huàn	paralysis; be paralyzed (body, transportation, etc)	8408	7
光辉	guāng huī	radiance; glory; brilliant	8415	6
雇佣	gù yōng	to employ; to hire	8415	7
分为	fēn wéi	to divide sth into (parts); to subdivide	8420	4
逮	dài	(literary) to arrest; to seize; to overtake	8420	7
上报	shàng bào	to report to one's superiors; to appear in the news; to reply to a letter	8421	7
船员	chuán yuán	sailor; crew member	8424	6
低下	dī xià	low status; lowly; to lower (one's head)	8424	7
大臣	dà chén	chancellor (of a monarchy); cabinet minister	8426	7
迫使	pò shǐ	to force; to compel	8426	7
阴性	yīn xìng	negative; feminine	8426	7
配备	pèi bèi	to allocate; to provide; to outfit with	8427	5
难免	nán miǎn	hard to avoid; difficult to escape from; will inevitably	8428	4
钙	gài	calcium (chemistry)	8428	7
黑夜	hēi yè	night	8434	6
泼	pō	to splash; to spill; rough and coarse	8438	5
促销	cù xiāo	to promote sales	8442	4
放射	fàng shè	to radiate; radioactive	8443	6
容器	róng qì	receptacle; vessel; (computing) container	8444	6
高尔夫球	gāo ěr fū qiú	golf; golf ball	8444	7
招待	zhāo dài	to hold a reception; to offer hospitality; to entertain (guests); to serve (customers)	8447	7
敷	fū	to spread; to lay out; to apply (powder, ointment etc)	8453	7
欣慰	xīn wèi	to be gratified	8454	7
性能	xìng néng	function; performance; behavior	8457	5
体检	tǐ jiǎn	abbr. for 体格检查	8459	4
听众	tīng zhòng	audience; listeners	8461	3
过渡	guò dù	to cross over (by ferry); transition; interim	8462	6
俊	jùn	smart; eminent; handsome	8462	7
加热	jiā rè	to heat	8463	5
末日	mò rì	last day; end; final days	8466	7
鄙视	bǐ shì	to despise; to disdain; to look down upon	8470	7
元首	yuán shǒu	head of state	8471	7
苍白	cāng bái	pale; wan	8479	6
纱	shā	cotton yarn; muslin	8482	7
假日	jià rì	holiday; non-working day	8483	6
头晕	tóu yūn	dizzy	8484	7
阶级	jiē jí	(social) class	8484	7
中途	zhōng tú	midway	8486	7
关怀	guān huái	care; solicitude; to show care for	8489	5
映	yìng	to reflect (light); to shine; to project (an image onto a screen etc)	8489	7
独一无二	dú yī wú èr	unique and unmatched (idiom); unrivalled; nothing compares with it	8494	7
变为	biàn wéi	to change into	8495	3
称赞	chēng zàn	to praise; to acclaim; to commend	8495	4
邮箱	yóu xiāng	mailbox; post office box; email	8497	3
经受	jīng shòu	to undergo (hardship); to endure; to withstand	8497	7
亮相	liàng xiàng	to strike a pose (Chinese opera); (fig.) to make a public appearance; to come out in public (revealing one's true personality, opinions etc)	8499	7
懒得	lǎn dé	not to feel like (doing sth); disinclined to	8500	7
少量	shǎo liàng	a smidgen; a little bit; a few	8502	7
电动	diàn dòng	electric-powered; (Tw) video game	8507	6
捐献	juān xiàn	to donate; to contribute; donation	8508	7
接手	jiē shǒu	to take over (duties etc); catcher (baseball etc)	8509	7
即可	jí kě	equivalent to 就可以; can then (do sth); can immediately (do sth)	8510	7
小品	xiǎo pǐn	short, simple literary or artistic creation; essay; skit	8510	7
栽	zāi	to plant; to grow; to insert; to erect (e.g. a bus stop sign); to impose sth on sb	8512	7
线条	xiàn tiáo	line (in drawing, calligraphy etc); the lines or contours of a three-dimensional object (hairstyle, clothing, car etc)	8512	7
取胜	qǔ shèng	to score a victory; to prevail over one's opponents	8513	7
联手	lián shǒu	lit. to join hands; to act together	8516	6
遗体	yí tǐ	remains (of a dead person)	8520	7
入选	rù xuǎn	to be included among those selected for	8521	7
残留	cán liú	to remain; to be left over; residual; remnant; residue	8526	7
震动	zhèn dòng	to shake; to vibrate; to strongly affect	8530	7
角逐	jué zhú	to tussle; to contend; to contest	8531	7
特权	tè quán	prerogative; privilege; privileged	8533	7
赠送	zèng sòng	to present as a gift	8534	5
可不是	kě bu shì	that's just the way it is; exactly!	8534	7
密度	mì dù	density; thickness	8534	7
总经理	zǒng jīng lǐ	general manager; CEO	8536	6
口水	kǒu shuǐ	saliva	8536	7
巨额	jù é	large sum (of money); a huge amount	8536	7
热带	rè dài	the tropics; tropical	8536	7
发光	fā guāng	to emit light; to shine; to glow; to glisten; to be luminous	8539	7
流通	liú tōng	to circulate; to distribute; circulation; distribution	8541	5
遮	zhē	to cover up (a shortcoming); to screen off; to hide	8541	7
战友	zhàn yǒu	comrade-in-arms; battle companion	8543	6
不时	bù shí	from time to time; now and then; occasionally	8547	5
主流	zhǔ liú	main stream (of a river); fig. the essential point; main viewpoint of a matter	8548	6
不得了	bù dé liǎo	desperately serious; disastrous; extremely	8549	5
扒	bā	to peel; to skin; to tear	8554	7
蘑菇	mó gu	mushroom; to pester; to dawdle	8557	7
飞往	fēi wǎng	Go to	8558	7
陪同	péi tóng	to accompany	8559	6
向往	xiàng wǎng	to yearn for; to look forward to	8559	7
时髦	shí máo	in vogue; fashionable	8563	7
音响	yīn xiǎng	sound; acoustics; audio	8563	7
急性	jí xìng	acute	8564	7
钞票	chāo piào	paper money; a bill (e.g. 100 yuan)	8565	7
虽说	suī shuō	though; although	8568	7
一身	yī shēn	whole body; from head to toe; single person	8569	5
中等	zhōng děng	medium	8572	6
风云	fēng yún	weather; unstable situation	8577	7
标题	biāo tí	title; heading; headline	8578	3
徘徊	pái huái	to pace back and forth; to dither; to hesitate; (of sales figures etc) to fluctuate	8578	7
拥挤	yōng jǐ	crowded; to throng; congestion	8579	7
显现	xiǎn xiàn	appearance; to appear	8581	7
净化	jìng huà	to purify	8582	7
雇员	gù yuán	employee	8582	7
演示	yǎn shì	to demonstrate; to show; presentation	8584	7
马桶	mǎ tǒng	chamber pot; wooden pan used as toilet; toilet bowl	8584	7
迷惑	mí huo	to puzzle; to confuse; to baffle	8585	7
黎明	lí míng	dawn; daybreak	8587	7
步入	bù rù	to step into; to enter	8588	7
屠杀	tú shā	to massacre; to slaughter	8592	7
琢磨	zuó mo	to ponder; to mull over; to think through	8593	7
致敬	zhì jìng	to salute; to pay one's respects to; to pay tribute to	8598	7
心声	xīn shēng	thoughts; feelings; aspirations	8599	7
表态	biǎo tài	to declare one's position; to say where one stands	8599	7
预见	yù jiàn	to foresee; to predict; to forecast	8600	7
预报	yù bào	forecast	8603	3
双胞胎	shuāng bāo tāi	twin	8603	7
殴打	ōu dǎ	to beat up; to come to blows; battery (law)	8604	7
支票	zhī piào	check (bank); cheque	8607	7
一道	yī dào	together	8613	6
宝石	bǎo shí	precious stone; gem	8615	4
领土	lǐng tǔ	territory	8618	7
生前	shēng qián	(of a deceased) during one's life; while living	8621	7
窄	zhǎi	narrow; narrow-minded; badly off	8622	7
下落	xià luò	whereabouts; to drop; to fall	8624	7
反馈	fǎn kuì	to send back information; feedback	8624	7
无能为力	wú néng wéi lì	impotent (idiom); powerless; helpless	8626	7
点心	diǎn xin	light refreshments; pastry; dim sum (in Cantonese cooking)	8628	7
着火	zháo huǒ	to catch fire	8629	4
老人家	lǎo rén jiā	polite term for old woman or man	8629	7
番茄	fān qié	tomato	8632	6
比喻	bǐ yù	to compare; to liken to; metaphor	8644	7
跳跃	tiào yuè	to jump; to leap; to bound	8646	7
精美	jīng měi	delicate; fine; refinement	8649	6
挫折	cuò zhé	setback; reverse; check	8651	7
新郎	xīn láng	bridegroom; groom	8652	4
坠	zhuì	to fall; to drop; to weigh down	8652	7
本性	běn xìng	natural instincts; nature; inherent quality	8657	7
储存	chǔ cún	stockpile; to store; to stockpile	8658	6
相识	xiāng shí	to get to know each other; acquaintance	8658	7
不可避免	bù kě bì miǎn	unavoidably	8664	7
到期	dào qī	to fall due (loan etc); to expire (visa etc); to mature (investment bond etc)	8666	6
修建	xiū jiàn	to build; to construct	8670	5
惯例	guàn lì	convention; usual practice	8670	7
荒唐	huāng táng	beyond belief; preposterous; absurd	8672	6
正规	zhèng guī	regular; according to standards	8673	5
储蓄	chǔ xù	to deposit money; to save; savings	8678	7
必定	bì dìng	to be bound to; to be sure to	8680	7
事后	shì hòu	after the event; in hindsight; in retrospect	8683	6
不怎么	bù zěn me	not very; not particularly	8686	6
事宜	shì yí	matters; arrangements	8691	7
弦	xián	bow string; string of musical instrument; watchspring	8692	7
看重	kàn zhòng	to regard as important; to value	8694	7
迫不及待	pò bù jí dài	impatient (idiom); in a hurry; itching to get on with it	8697	7
囚犯	qiú fàn	prisoner; convict	8699	7
高大	gāo dà	tall; lofty; towering	8700	5
虚伪	xū wěi	false; hypocritical; artificial	8706	7
予以	yǔ yǐ	to give; to impose; to apply	8707	7
分泌	fēn mì	to secrete; secretion	8707	7
触摸	chù mō	to touch	8717	7
往来	wǎng lái	dealings; contacts; to go back and forth	8720	6
好比	hǎo bǐ	to be just like; can be compared to	8720	7
起步	qǐ bù	to set out; to set in motion; the start (of some activity)	8720	7
余地	yú dì	margin; leeway	8721	7
后代	hòu dài	descendant; progeny; posterity	8721	7
积累	jī lěi	to accumulate; accumulation; cumulative	8722	4
高温	gāo wēn	high temperature	8722	5
修正	xiū zhèng	to revise; to amend	8722	7
制品	zhì pǐn	products; goods	8723	7
好心	hǎo xīn	kindness; good intentions	8723	7
为主	wéi zhǔ	to rely mainly on; to attach most importance to	8724	5
欺诈	qī zhà	to cheat	8724	7
此处	cǐ chù	this place; here (literary)	8726	6
光临	guāng lín	(formal) to honor with one's presence; to attend	8731	4
扭转	niǔ zhuǎn	to reverse; to turn around (an undesirable situation); (mechanics) torsion	8733	7
逐步	zhú bù	progressively; step by step	8734	4
来往	lái wǎng	to come and go; to have dealings with; to be in relation with	8734	6
狂热	kuáng rè	zealotry; fanatical; feverish	8734	7
硬币	yìng bì	coin	8735	7
动画	dòng huà	animation; cartoon	8737	6
整齐	zhěng qí	orderly; neat; even	8739	3
常识	cháng shí	common sense; general knowledge	8740	4
未成年人	wèi chéng nián rén	minor (i.e. person under 18)	8740	7
特性	tè xìng	property; characteristic	8741	5
关爱	guān ài	to show concern and care for	8741	6
草原	cǎo yuán	grassland; prairie	8743	5
压制	yā zhì	to suppress; to inhibit; to stifle	8746	7
可见	kě jiàn	it can clearly be seen (that this is the case); it is (thus) clear; clear	8748	4
香味	xiāng wèi	fragrance; bouquet; sweet smell	8749	7
窜	cuàn	to flee; to scuttle; to exile or banish	8750	7
前任	qián rèn	predecessor; ex-; former	8753	7
食堂	shí táng	dining hall; cafeteria	8754	4
灾	zāi	disaster; calamity	8756	5
内涵	nèi hán	meaningful content; implication; connotation (semantics)	8756	7
凡是	fán shì	each and every; every; all	8759	6
晚点	wǎn diǎn	(of trains etc) late; delayed; behind schedule	8761	4
沙龙	shā lóng	salon (loanword)	8762	7
志愿	zhì yuàn	aspiration; ambition; to volunteer	8766	3
依照	yī zhào	according to; in light of	8772	5
无奈	wú nài	to have no alternative; frustrated; exasperated	8772	5
起初	qǐ chū	originally; at first; at the outset	8773	7
小麦	xiǎo mài	wheat	8774	6
住处	zhù chù	residence; dwelling	8775	7
备受	bèi shòu	to fully experience (good or bad)	8775	7
头顶	tóu dǐng	top of the head	8775	7
氧气	yǎng qì	oxygen	8778	6
保健	bǎo jiàn	health protection; health care; to maintain in good health	8782	6
推翻	tuī fān	to overthrow	8789	7
弹性	tán xìng	flexibility; elasticity	8792	7
疏散	shū sàn	to scatter; to disperse; to evacuate	8792	7
研制	yán zhì	to research and manufacture; to research and to develop	8797	4
转动	zhuàn dòng	to rotate (about an axis); to revolve; to turn	8802	4
境内	jìng nèi	within the borders; internal (to a country, province, city etc); domestic	8802	7
煤气	méi qì	coal gas; gas (fuel)	8803	5
富裕	fù yù	prosperous; well-to-do; well-off	8806	7
脆	cuì	brittle; fragile; crisp	8807	5
成年	chéng nián	to grow to adulthood; fully grown; adult; the whole year	8809	7
职工	zhí gōng	workers; staff	8810	3
日益	rì yì	day by day; more and more; increasingly	8810	7
木头	mù tou	slow-witted; blockhead; log (of wood, timber etc)	8812	3
庆典	qìng diǎn	celebration	8812	7
光彩	guāng cǎi	luster; splendor; radiance	8814	7
格外	gé wài	especially; particularly	8815	4
离不开	lí bu kāi	inseparable; inevitably linked to	8817	4
大象	dà xiàng	elephant	8819	5
造就	zào jiù	to bring up; to train; to contribute to	8826	7
株	zhū	tree trunk; stump (tree root); a plant	8828	7
隐形	yǐn xíng	invisible	8831	7
大局	dà jú	overall situation; the big picture	8834	7
人手	rén shǒu	manpower; staff; human hand	8837	7
暂	zàn	temporary; Taiwan pr. [zhàn]	8838	7
不适	bù shì	unwell; indisposed; out of sorts	8841	7
滥用	làn yòng	to misuse; to abuse	8841	7
野生	yě shēng	wild; undomesticated	8844	6
冻结	dòng jié	to freeze (water etc); (fig.) to freeze (assets, prices etc)	8844	7
列为	liè wéi	to be classified as	8850	4
愈合	yù hé	(of a wound) to heal	8852	7
概率	gài lǜ	probability (math.)	8852	7
就是说	jiù shì shuō	in other words; that is	8855	6
草坪	cǎo píng	lawn	8857	7
营造	yíng zào	to build (housing); to construct; to make	8857	7
讲座	jiǎng zuò	a course of lectures	8858	4
出行	chū xíng	to go out somewhere (relatively short trip); to set off on a journey (longer trip)	8859	6
侦探	zhēn tàn	detective; to do detective work	8860	6
越过	yuè guò	to cross over; to transcend; to cover distance	8860	7
残疾	cán jí	disabled; handicapped; deformity on a person or animal	8861	6
补贴	bǔ tiē	to subsidize; subsidy; allowance	8863	5
海水	hǎi shuǐ	seawater	8867	4
长远	cháng yuǎn	long-term; long-range	8868	6
动摇	dòng yáo	to sway; to waver; to rock	8871	4
迷路	mí lù	to lose the way; lost; labyrinth	8871	7
印刷	yìn shuā	to print; printing	8873	5
稍后	shāo hòu	in a little while; in a moment; later on	8877	7
丢人	diū rén	to lose face	8878	7
怀里	huái lǐ	embrace; bosom	8879	7
挠	náo	to scratch; to thwart; to yield	8880	7
落地	luò dì	to fall to the ground; to be set on the ground; to reach to the ground	8886	7
公务	gōng wù	official business	8888	7
来访	lái fǎng	to pay a visit	8891	7
体操	tǐ cāo	gymnastic; gymnastics	8893	4
穆斯林	mù sī lín	Muslim	8893	7
口音	kǒu yin	voice; accent	8894	7
稀	xī	rare; uncommon; watery	8894	7
乱七八糟	luàn qī bā zāo	(idiom) chaotic; in disorder; muddled	8907	7
外形	wài xíng	figure; shape; external form	8907	7
贫穷	pín qióng	poor; impoverished	8907	7
肥胖	féi pàng	fat; obese	8910	7
制成	zhì chéng	to manufacture; to turn out (a product)	8912	5
判处	pàn chǔ	to sentence; to condemn	8915	7
赠	zèng	to give as a present; to repel; to bestow an honorary title after death (old)	8918	5
英俊	yīng jùn	handsome	8920	7
行列	háng liè	formation; array; (fig.) ranks (as in "join the ranks of ...")	8922	7
舍不得	shě bu de	to hate to do sth; to hate to part with; to begrudge	8924	5
变异	biàn yì	variation	8927	7
熟人	shú rén	acquaintance; friend	8931	3
大爷	dà ye	(coll.) father's older brother; uncle; term of respect for older man	8931	4
秋季	qiū jì	autumn; fall	8932	4
电线	diàn xiàn	wire; power cord	8932	7
持久	chí jiǔ	lasting; enduring; persistent	8935	7
麻痹	má bì	paralysis; palsy; numbness	8935	7
制裁	zhì cái	to punish; punishment; sanctions (incl. economic)	8936	7
招募	zhāo mù	to recruit; to enlist	8938	7
日程	rì chéng	schedule; itinerary	8938	7
称作	chēng zuò	to be called; to be known as	8940	7
台风	tái fēng	stage presence, poise	8942	5
预感	yù gǎn	to have a premonition; premonition	8942	7
绅士	shēn shì	gentleman	8945	7
引领	yǐn lǐng	to crane one's neck; to await eagerly; to lead	8946	7
开张	kāi zhāng	to open a business; first transaction of a business day	8948	7
抗拒	kàng jù	to resist; to defy; to oppose	8952	7
报到	bào dào	to report for duty; to check in; to register	8953	3
景色	jǐng sè	scenery; scene; landscape	8954	3
明日	míng rì	tomorrow	8959	6
评判	píng pàn	to judge (a competition); to appraise	8959	7
表格	biǎo gé	form; table	8961	3
面条	miàn tiáo	noodles	8961	3
承办	chéng bàn	to undertake; to accept a contract	8961	5
不堪	bù kān	cannot bear; cannot stand; utterly	8963	7
零食	líng shí	between-meal nibbles; snacks	8964	4
别扭	biè niu	awkward; difficult; uncomfortable	8970	7
初期	chū qī	initial stage; beginning period	8971	5
大片	dà piàn	wide expanse; large area; vast stretch	8972	7
搞好	gǎo hǎo	to do well at; to do a good job	8974	5
敲门	qiāo mén	to knock on a door	8974	5
轰炸	hōng zhà	to bomb; to bombard	8976	7
因而	yīn ér	therefore; as a result; thus	8979	5
指标	zhǐ biāo	(production) target; quota; index	8982	5
盏	zhǎn	a small cup; classifier for lamps	8983	7
融化	róng huà	to melt; to thaw; to dissolve	8983	7
去掉	qù diào	to get rid of; to exclude; to eliminate	8984	6
款式	kuǎn shì	pattern; style; design	8984	7
揉	róu	to knead; to massage; to rub	8985	7
巧妙	qiǎo miào	ingenious; clever; ingenuity; artifice	8987	6
感性	gǎn xìng	perception; perceptual; sensibility	8987	7
流程	liú chéng	course; stream; sequence of processes	8987	7
探险	tàn xiǎn	to explore; to go on an expedition; adventure	8989	7
正经	zhèng jīng	decent; honorable; proper	8992	6
在线	zài xiàn	online	8993	7
完蛋	wán dàn	(coll.) to be done for	8995	7
河流	hé liú	river	8996	7
呼唤	hū huàn	to call out (a name etc); to shout	8997	7
主力	zhǔ lì	main force; main strength of an army	9001	7
照相	zhào xiàng	to take a photograph	9002	2
盈利	yíng lì	profit; gain; to make profits	9004	7
书籍	shū jí	books; works	9005	7
上述	shàng shù	aforementioned; above-mentioned	9009	7
顶尖	dǐng jiān	peak; apex; world best	9011	7
传媒	chuán méi	media	9012	6
放置	fàng zhì	to put	9015	7
选民	xuǎn mín	voter; constituency; electorate	9017	7
碰撞	pèng zhuàng	to collide; collision	9019	7
入手	rù shǒu	to begin (with ...) (typically used in a structure such as 从 + {noun} + 手: "to begin with {noun}; to take {noun} as one's starting point"); to receive; to obtain; to buy	9020	7
录制	lù zhì	to record (video or audio)	9024	7
通行	tōng xíng	to go through; to pass through; to be in general use	9027	6
确信	què xìn	to be convinced; to be sure; to firmly believe	9028	7
销毁	xiāo huǐ	to destroy (by melting or burning); to obliterate	9028	7
况且	kuàng qiě	moreover; besides; in addition	9029	7
动物园	dòng wù yuán	zoo	9030	2
鲨鱼	shā yú	shark	9035	7
车间	chē jiān	workshop	9037	7
丰厚	fēng hòu	generous; ample	9038	7
口径	kǒu jìng	bore; caliber; diameter; aperture; (fig.) stance (on an issue); version (of events); account; narrative; line	9038	7
盘子	pán zi	tray; plate; dish	9039	4
功课	gōng kè	homework; assignment; task	9040	3
访谈	fǎng tán	to visit and discuss; to interview	9041	7
表扬	biǎo yáng	to praise; to commend	9042	4
通告	tōng gào	to announce; to give notice; announcement	9042	7
资本主义	zī běn zhǔ yì	capitalism	9043	7
付款	fù kuǎn	to pay a sum of money; payment	9045	7
忍耐	rěn nài	to endure; to bear with; to exercise patience	9047	7
草地	cǎo dì	lawn; meadow; sod	9048	2
削	xuē	to pare; to reduce; to remove	9051	7
药店	yào diàn	pharmacy	9052	2
奖杯	jiǎng bēi	trophy cup	9053	7
破碎	pò suì	to smash to pieces; to shatter	9053	7
铲	chǎn	to shovel; to remove; spade	9053	7
恐龙	kǒng lóng	dinosaur	9054	7
除去	chú qù	to eliminate; to remove; except for	9054	7
土壤	tǔ rǎng	soil	9058	7
通宵	tōng xiāo	all night; throughout the night	9060	7
污水	wū shuǐ	sewage	9062	5
值钱	zhí qián	valuable; costly; expensive	9069	7
眉毛	méi mao	eyebrow	9070	7
理会	lǐ huì	to understand; to pay attention to; to take notice of	9075	7
南瓜	nán guā	pumpkin	9076	7
发热	fā rè	to have a high temperature; feverish; unable to think calmly	9077	7
扩展	kuò zhǎn	to extend; to expand; extension	9082	4
抵制	dǐ zhì	to resist; to boycott; to refuse (to cooperate)	9083	7
境地	jìng dì	circumstances	9085	7
贪婪	tān lán	avaricious; greedy; rapacious	9086	7
逆	nì	contrary; opposite; backwards	9088	7
学历	xué lì	educational background; academic qualifications	9089	7
回国	huí guó	to return to one's home country	9098	2
西瓜	xī guā	watermelon	9098	4
痛快	tòng kuài	delighted; to one's heart's content; straightforward	9101	4
一代	yī dài	generation	9102	6
得罪	dé zuì	to commit an offense; to violate the law; excuse me! (formal)	9103	7
繁殖	fán zhí	to breed; to reproduce; to propagate	9104	6
跨越	kuà yuè	to step across; step over	9104	7
保重	bǎo zhòng	to take care of oneself	9105	7
加重	jiā zhòng	to make heavier; to emphasize; (of an illness etc) to become more serious	9105	7
奢侈	shē chǐ	luxurious; extravagant	9105	7
信件	xìn jiàn	letter (sent by mail)	9107	7
铅笔	qiān bǐ	(lead) pencil	9108	6
奇特	qí tè	peculiar; unusual; queer	9112	7
被动	bèi dòng	passive	9120	5
严峻	yán jùn	grim; severe; rigorous	9120	7
巷	xiàng	lane; alley	9123	6
平稳	píng wěn	smooth; steady	9128	4
粪	fèn	manure; dung	9130	7
框	kuàng	frame (e.g. door frame); casing; fig. framework	9131	7
惯	guàn	accustomed to; used to; indulge	9132	7
纪念日	jì niàn rì	day of commemoration; memorial day	9147	7
舆论	yú lùn	public opinion	9147	7
增大	zēng dà	to enlarge; to amplify; to magnify	9149	5
侦察	zhēn chá	to investigate a crime; to scout; to reconnoiter	9150	7
当面	dāng miàn	to sb's face; in sb's presence	9152	7
预告	yù gào	to forecast; to predict; advance notice	9153	7
禁区	jìn qū	restricted area; forbidden region	9156	7
身影	shēn yǐng	silhouette; figure	9157	7
事迹	shì jì	deed; past achievement; important event of the past	9158	7
倾斜	qīng xié	to incline; to lean; to slant	9158	7
晚间	wǎn jiān	evening; night	9159	7
眼看	yǎn kàn	soon; in a moment; to look on as sth happens	9160	6
黑白	hēi bái	black and white; right and wrong; monochrome	9163	7
课题	kè tí	task; problem; issue	9165	5
物资	wù zī	goods; supplies	9165	7
美术	měi shù	art; fine arts; painting	9170	3
时段	shí duàn	time interval; work shift; time slot	9171	7
犹如	yóu rú	similar to; like	9172	7
招牌	zhāo pai	signboard; shop sign; reputation of a business	9174	7
聘请	pìn qǐng	to engage; to hire (a lawyer etc)	9178	6
价值观	jià zhí guān	system of values	9179	7
迄今为止	qì jīn wéi zhǐ	so far; up to now; still (not)	9179	7
支柱	zhī zhù	mainstay; pillar; prop	9180	7
异议	yì yì	objection; dissent	9182	7
一心	yī xīn	wholeheartedly; heart and soul	9183	7
饥饿	jī è	hunger; starvation; famine	9185	7
宣告	xuān gào	to declare; to proclaim	9186	7
一头	yī tóu	one head; a head full of sth; one end (of a stick)	9187	7
弓	gōng	a bow (weapon); to bend; to arch (one's back etc)	9187	7
变革	biàn gé	to transform; to change	9189	7
空虚	kōng xū	hollow; emptiness; meaningless	9191	7
竖	shù	to erect; vertical; vertical stroke (in Chinese characters)	9191	7
责任感	zé rèn gǎn	sense of responsibility	9192	7
门诊	mén zhěn	outpatient service	9195	5
故乡	gù xiāng	home; homeland; native place	9198	3
认得	rèn de	to recognize; to remember sth (or sb) on seeing it; to know	9203	3
关机	guān jī	to turn off (a machine or device); to finish shooting a film	9207	2
家务	jiā wù	household duties; housework	9208	4
海鲜	hǎi xiān	seafood	9209	4
代言人	dài yán rén	spokesperson	9209	7
一般来说	yī bān lái shuō	generally speaking	9210	4
喇叭	lǎ ba	horn (automobile etc); loudspeaker; brass wind instrument	9211	7
露面	lòu miàn	to show one's face; to appear (in public)	9214	7
免得	miǎn de	so as not to; so as to avoid	9217	6
实质	shí zhì	substance; essence	9217	7
邮票	yóu piào	(postage) stamp	9219	3
开幕	kāi mù	to open (a conference); to inaugurate	9221	5
暗中	àn zhōng	in the dark; in secret; on the sly	9222	7
人为	rén wéi	artificial; man-made; having human cause or origin	9224	7
坚守	jiān shǒu	to hold fast to; to stick to	9224	7
计较	jì jiào	to bother about; to haggle; to bicker	9225	7
硕士	shuò shì	master's degree; person who has a master's degree; learned person	9229	5
帆	fān	sail; Taiwan pr. [fán], except 布 canvas	9231	7
特大	tè dà	exceptionally big	9243	6
描写	miáo xiě	to describe; to depict; to portray	9246	4
捆	kǔn	a bunch; to tie together; bundle	9246	7
无能	wú néng	incompetence; inability; incapable	9252	7
贩卖	fàn mài	to sell; to peddle; to traffic	9252	7
添加	tiān jiā	to add; to increase	9253	7
相片	xiàng piàn	image; photograph	9258	4
至此	zhì cǐ	up until now; so far	9258	7
产物	chǎn wù	product; result (of)	9259	7
关掉	guān diào	to switch off; to shut off	9259	7
耀眼	yào yǎn	to dazzle; dazzling	9264	7
慢性	màn xìng	slow and patient; chronic (disease); slow to take effect (e.g. a slow poison)	9266	7
富翁	fù wēng	rich person; millionaire; billionaire	9267	7
蒸	zhēng	to evaporate; (of cooking) to steam; torch made from hemp stalks or bamboo (old)	9269	7
流畅	liú chàng	flowing (of speech, writing); fluent; smooth and easy	9270	7
树木	shù mù	tree	9271	7
崛起	jué qǐ	to rise abruptly (to a towering position); to tower over; to spring up	9272	7
点子	diǎn zi	spot; point; dot	9273	7
苍蝇	cāng ying	housefly	9274	7
平面	píng miàn	plane (flat surface); print media	9275	7
煤矿	méi kuàng	coal mine; coal seam	9276	7
过头	guò tóu	to overdo it; to overstep the limit; excessively	9276	7
搂	lōu	to draw towards oneself; to gather; to gather up (one's gown, sleeves etc)	9281	7
葬礼	zàng lǐ	burial; funeral	9283	7
包袱	bāo fu	wrapping cloth; a bundle wrapped in cloth; load	9285	7
窗帘	chuāng lián	window curtains	9289	5
引人注目	yǐn rén zhù mù	to attract attention; eye-catching; conspicuous	9290	7
诸位	zhū wèi	(pron) everyone; Ladies and Gentlemen; Sirs	9293	6
发脾气	fā pí qì	to get angry	9294	7
奏	zòu	to play music; to achieve; to present a memorial to the emperor (old)	9296	6
改装	gǎi zhuāng	to change one's costume; to repackage; to remodel	9297	6
要点	yào diǎn	main point; essential	9297	7
笑脸	xiào liǎn	smiling face; smiley :) ☺	9303	6
房租	fáng zū	rent for a room or house	9307	3
缴	jiǎo	to hand in; to hand over; to seize	9307	7
乡下	xiāng xia	countryside; rural area	9308	7
核实	hé shí	to verify; to check	9308	7
咽	yān	throat; pharynx; narrow pass	9313	7
武术	wǔ shù	military skill or technique (in former times); all kinds of martial art sports (some claiming spiritual development); self-defense	9314	3
截止	jié zhǐ	to close; to stop; to put a stop to sth	9317	6
推开	tuī kāi	to push open (a gate etc); to push away; to reject	9319	3
冷冻	lěng dòng	to freeze; to deep-freeze	9324	7
短裤	duǎn kù	short pants; shorts	9325	3
胜负	shèng fù	victory or defeat; the outcome of a battle	9326	5
开幕式	kāi mù shì	opening ceremony	9329	5
畸形	jī xíng	deformity; abnormality	9330	7
鸽子	gē zi	pigeon; dove; various birds of the family Columbidae	9334	7
特有	tè yǒu	specific (to); characteristic (of); distinctive	9336	5
发财	fā cái	to get rich	9336	7
发病	fā bìng	(of an illness) to occur; (of a person) to get sick; to fall ill; onset (of a medical condition)	9341	6
匆匆	cōng cōng	hurriedly	9342	7
晴	qíng	clear; fine (weather)	9343	2
查找	chá zhǎo	to search for; to look up	9345	7
往常	wǎng cháng	usual; customary	9346	7
隐蔽	yǐn bì	to conceal; to hide; covert	9346	7
救济	jiù jì	emergency relief; to help the needy with cash or goods	9347	7
复苏	fù sū	to recover (health, economic); to resuscitate; anabiosis	9349	6
糊	hú	muddled; paste; scorched	9351	7
终生	zhōng shēng	throughout one's life; lifetime; lifelong	9351	7
领带	lǐng dài	necktie	9352	5
跑车	pǎo chē	racing bicycle; racing car; sports car; (of a conductor or attendant) to work on a train; (mining) (of a cable-car) to slip away (in an accident)	9352	7
竞技	jìng jì	competition of skill (e.g. sports); athletics tournament	9356	7
闹钟	nào zhōng	alarm clock	9357	4
高等	gāo děng	high-level; higher (animals, education etc); advanced (math etc)	9360	6
专栏	zhuān lán	special column	9363	7
当下	dāng xià	immediately; at once; at that moment	9363	7
熬夜	áo yè	to stay up late or all night	9364	7
分辨	fēn biàn	to distinguish; to differentiate; to resolve	9367	7
描绘	miáo huì	to describe; to portray	9367	7
地下室	dì xià shì	basement; cellar	9373	6
法语	fǎ yǔ	French (language)	9377	6
贵宾	guì bīn	honored guest; distinguished guest; VIP	9377	7
实体	shí tǐ	entity; substance; thing that has a material existence (as opposed to a conceptual, virtual or online existence)	9379	7
诺言	nuò yán	promise	9382	7
观光	guān guāng	to tour; sightseeing; tourism	9386	6
赞扬	zàn yáng	to praise; to approve of; to show approval	9387	7
迷恋	mí liàn	to be infatuated with; to be enchanted by; to be passionate about	9387	7
筹集	chóu jí	to collect money; to raise funds	9390	7
借用	jiè yòng	to borrow sth for another use; to borrow an idea for one's own use	9393	7
派遣	pài qiǎn	to send (on a mission); to dispatch	9393	7
揪	jiū	to seize; to clutch; to grab firmly and pull	9394	7
折扣	zhé kòu	discount	9396	7
舅舅	jiù jiu	mother's brother; maternal uncle (informal)	9397	7
时速	shí sù	speed per hour	9398	7
锡	xī	tin (chemistry); to bestow; to confer	9399	7
首饰	shǒu shì	jewelry; head ornament	9399	7
主观	zhǔ guān	subjective	9403	5
大姐	dà jiě	big sister; elder sister; older sister (also polite term of address for a girl or woman slightly older than the speaker)	9404	4
深受	shēn shòu	to receive in no small measure	9405	7
后天	hòu tiān	the day after tomorrow; life after birth (the period in which one develops through experiences, contrasted with 天); acquired (not innate or congenital)	9407	1
强盗	qiáng dào	to rob (with force); bandit; robber	9409	6
不容	bù róng	must not; cannot; to not allow	9409	7
临近	lín jìn	close to; approaching	9411	7
架子	jià zi	shelf; frame; stand	9412	7
一如既往	yī rú jì wǎng	just as in the past (idiom); as before; continuing as always	9416	7
安宁	ān níng	peaceful; tranquil; calm	9417	7
时不时	shí bù shí	from time to time	9417	7
卷入	juǎn rù	to be drawn into; to be involved in	9418	7
契约	qì yuē	agreement; contract	9421	7
携手	xié shǒu	hand in hand; to join hands; to collaborate	9426	7
归还	guī huán	to return sth; to revert	9427	7
倾诉	qīng sù	to say everything (that is on one's mind)	9428	7
海湾	hǎi wān	bay; gulf	9432	6
缩短	suō duǎn	to curtail; to cut down	9438	4
情愿	qíng yuàn	willingness; would rather (agree to X than Y)	9439	7
渴	kě	thirsty	9442	1
头衔	tóu xián	title; rank; appellation	9443	7
相连	xiāng lián	to link; to join; link	9446	7
心事	xīn shì	a load on one's mind; worry	9447	7
依法	yī fǎ	legal (proceedings); according to law	9449	5
肢体	zhī tǐ	limb; limbs and trunk; body	9449	7
牙膏	yá gāo	toothpaste	9450	7
限于	xiàn yú	to be limited to; to be confined to	9451	7
先后	xiān hòu	early or late; priority; in succession	9452	5
捕捉	bǔ zhuō	to catch; to seize; to capture	9452	7
出演	chū yǎn	to appear (in a show etc); an appearance (on stage etc)	9454	7
筋	jīn	muscle; tendon; veins visible under the skin	9458	7
气球	qì qiú	balloon	9459	4
遇难	yù nàn	to perish; to be killed	9459	7
敢于	gǎn yú	to have the courage to do sth; to dare to; bold in	9461	6
过不去	guò bu qù	to make life difficult for; to embarrass; unable to make it through	9461	7
公益	gōng yì	public good; public welfare; public interest	9463	7
摩托	mó tuō	motor (loanword); motorbike	9464	5
烤肉	kǎo ròu	barbecue (lit. roast meat)	9467	5
春季	chūn jì	springtime	9468	4
乐器	yuè qì	musical instrument	9468	7
肇事	zhào shì	to cause an accident; to be responsible for an incident; to provoke a disturbance	9468	7
气势	qì shì	imposing manner; loftiness; grandeur	9469	7
斩	zhǎn	to behead (as form of capital punishment); to chop	9472	7
房东	fáng dōng	landlord	9478	3
车道	chē dào	traffic lane; driveway	9479	7
事项	shì xiàng	matter; item	9483	7
天然气	tiān rán qì	natural gas	9485	5
猎人	liè rén	hunter	9488	7
丢脸	diū liǎn	to lose face; humiliation	9491	7
长途	cháng tú	long distance	9492	4
慎重	shèn zhòng	cautious; careful; prudent	9496	7
医务	yī wù	medical affairs	9497	7
水管	shuǐ guǎn	water pipe	9498	7
虚弱	xū ruò	weak; in poor health	9500	7
火花	huǒ huā	spark; sparkle	9503	7
赞赏	zàn shǎng	to admire; to praise; to appreciate	9507	4
集装箱	jí zhuāng xiāng	container (for shipping)	9507	7
全力以赴	quán lì yǐ fù	to do at all costs; to make an all-out effort	9514	7
航天	háng tiān	space flight	9515	7
协作	xié zuò	cooperation; coordination	9517	7
猜想	cāi xiǎng	to guess; to conjecture; to suppose; (math.) hypothesis	9517	7
无线电	wú xiàn diàn	wireless	9519	7
大队	dà duì	group; a large body of; production brigade	9520	7
解读	jiě dú	to decipher; to decode; to interpret	9527	7
资讯	zī xùn	information	9530	7
对准	duì zhǔn	to aim at; to target; to point at	9531	7
蹭	cèng	to rub against; to walk slowly; (coll.) to freeload	9534	7
棕色	zōng sè	brown	9535	6
误导	wù dǎo	to mislead; to misguide; misleading	9535	7
孤立	gū lì	isolated; to isolate	9536	7
器材	qì cái	equipment; material	9537	7
对应	duì yìng	to correspond (to); to be equivalent to; to be a counterpart to	9540	5
无穷	wú qióng	endless; boundless; inexhaustible	9542	7
航行	háng xíng	to sail; to fly; to navigate	9542	7
大选	dà xuǎn	general election	9545	7
前辈	qián bèi	senior; older generation; precursor	9548	7
书房	shū fáng	study (room); studio	9549	6
红灯	hóng dēng	red light	9549	7
打发	dǎ fa	to dispatch sb to do sth; to make sb leave; to pass (the time)	9551	6
广大	guǎng dà	(of an area) vast or extensive; large-scale; widespread	9553	3
明亮	míng liàng	bright; shining; glittering	9553	5
牢牢	láo láo	firmly; safely	9553	7
总数	zǒng shù	total; sum; aggregate	9556	5
收音机	shōu yīn jī	radio	9558	3
难以置信	nán yǐ zhì xìn	hard to believe; incredible	9559	7
起草	qǐ cǎo	to make a draft; to draw up (plans)	9562	7
剪刀	jiǎn dāo	scissors	9563	5
麻木	má mù	numb; insensitive; apathetic	9568	7
重伤	zhòng shāng	seriously hurt; serious injury	9569	7
青蛙	qīng wā	frog	9570	7
葱	cōng	scallion; green onion	9571	7
出面	chū miàn	to appear personally; to step in; to step forth	9572	6
通风	tōng fēng	airy; ventilation; to ventilate	9572	7
奔跑	bēn pǎo	to run	9573	6
减弱	jiǎn ruò	to weaken; to diminish	9578	7
收视率	shōu shì lǜ	ratings (of a TV show)	9580	7
料到	liào dào	to foresee; to anticipate	9583	7
绘画	huì huà	drawing; painting	9589	6
整合	zhěng hé	to conform; to integrate	9593	7
出众	chū zhòng	to stand out; outstanding	9595	7
合影	hé yǐng	to take a joint photo; group photo	9596	7
后期	hòu qī	late stage; later period	9597	7
照样	zhào yàng	as before; (same) as usual; in the same manner	9598	6
反感	fǎn gǎn	to be disgusted with; to dislike; bad reaction	9598	7
营救	yíng jiù	to rescue	9598	7
长城	cháng chéng	the Great Wall	9599	3
棒球	bàng qiú	baseball	9599	7
议论	yì lùn	to comment; to talk about; to discuss	9604	4
沉浸	chén jìn	to soak; to permeate; to immerse	9604	7
食用	shí yòng	to eat; to consume; edible	9604	7
餐桌	cān zhuō	dining table; dinner table	9604	7
方位	fāng wèi	direction; points of the compass; bearing	9608	6
从头	cóng tóu	anew; from the start	9612	7
客房	kè fáng	guest room; room (in a hotel)	9612	7
怀抱	huái bào	to hug; to cherish; within the bosom (of the family)	9613	7
野兽	yě shòu	beast; wild animal	9614	7
当心	dāng xīn	to take care; to look out	9615	7
水源	shuǐ yuán	water source; water supply; headwaters of a river	9615	7
衰老	shuāi lǎo	to age; to deteriorate with age; old and weak	9618	7
同感	tóng gǎn	(have the) same feeling; similar impression; common feeling	9619	7
操心	cāo xīn	to worry about	9620	7
时间表	shí jiān biǎo	schedule; timetable	9620	7
理财	lǐ cái	to manage wealth; to manage finances; money management	9621	6
班长	bān zhǎng	class monitor; squad leader; team leader	9622	2
学业	xué yè	studies; schoolwork	9622	7
总的来说	zǒng de lái shuō	generally speaking; to sum up; in summary	9622	7
熟练	shú liàn	practiced; proficient; skilled	9623	4
亩	mǔ	classifier for fields; unit of area equal to one fifteenth of a hectare	9626	7
轰动	hōng dòng	to cause a sensation; to create a stir in (a place); commotion	9626	7
上当	shàng dàng	taken in (by sb's deceit); to be fooled; to be duped	9629	6
苦难	kǔ nàn	suffering	9629	7
撬	qiào	to lift; to pry open; to lever open	9630	7
演技	yǎn jì	acting; performing skills	9630	7
过期	guò qī	to be overdue; to exceed the time limit; to expire (as in expiration date)	9636	7
筛选	shāi xuǎn	to filter	9637	7
桥梁	qiáo liáng	bridge (lit. and fig.)	9640	6
手势	shǒu shì	gesture; sign; signal	9642	7
猛烈	měng liè	fierce; violent; vigorous; intense	9642	7
好坏	hǎo huài	good or bad; good and bad; standard; quality	9643	7
管家	guǎn jiā	manager; administrator; housekeeper; to manage a household	9643	7
裁	cái	to cut out (as a dress); to cut; to trim	9643	7
宇航员	yǔ háng yuán	astronaut	9650	6
有待	yǒu dài	not yet (done); pending	9654	7
大于	dà yú	greater than; bigger than; more than	9659	5
缝合	féng hé	to sew together; suture (in surgery); to sew up (a wound)	9662	7
手动	shǒu dòng	manual; manually operated; manual gear-change	9664	7
常用	cháng yòng	in common usage	9671	2
洗手间	xǐ shǒu jiān	toilet; lavatory; washroom	9674	1
中期	zhōng qī	middle (of a period of time); medium-term (plan, forecast etc)	9674	6
示威	shì wēi	to demonstrate (as a protest); a demonstration; a military show of force	9675	7
歌舞	gē wǔ	singing and dancing	9676	7
观赏	guān shǎng	to look at sth with pleasure; to watch (sth marvelous); ornamental	9677	7
视角	shì jiǎo	angle from which one observes an object; (fig.) perspective; viewpoint; frame of reference; (cinematography) camera angle	9678	7
重心	zhòng xīn	center of gravity; central core; main part	9679	7
迷信	mí xìn	superstition; to have a superstitious belief (in sth)	9691	5
里头	lǐ tou	inside; interior	9692	2
下课	xià kè	to finish class; to get out of class; (fig.) (esp. of a sports coach) to be dismissed	9694	1
议	yì	to comment on; to discuss; to suggest	9694	7
慷慨	kāng kǎi	vehement; fervent; generous; magnanimous	9697	7
及格	jí gé	to pass an exam or a test; to meet a minimum standard	9699	4
开创	kāi chuàng	to initiate; to start; to found	9699	6
巨型	jù xíng	giant; enormous	9700	7
烦躁	fán zào	jittery; twitchy; fidgety	9700	7
壮观	zhuàng guān	spectacular; magnificent sight	9701	6
存放	cún fàng	to deposit; to store; to leave in sb's care	9702	7
谦虚	qiān xū	modest; self-effacing; to make modest remarks	9707	6
逢	féng	to meet by chance; to come across; (of a calendar event) to come along	9707	7
讲究	jiǎng jiu	to pay particular attention to; carefully selected for quality; tastefully chosen	9711	4
好说	hǎo shuō	easy to deal with; not a problem; (polite answer) you flatter me	9718	7
对策	duì cè	countermeasure for dealing with a situation	9719	7
扰乱	rǎo luàn	to disturb; to perturb; to harass	9719	7
源于	yuán yú	has its origins in	9722	7
启示	qǐ shì	to reveal; to enlighten; enlightenment	9723	7
社团	shè tuán	association; society; group	9726	7
构造	gòu zào	structure; composition; tectonic (geology)	9731	4
渡过	dù guò	to cross over; to pass through	9731	7
科研	kē yán	(scientific) research	9732	6
奶牛	nǎi niú	milk cow; dairy cow	9736	6
阵地	zhèn dì	(military) position; front	9736	6
转悠	zhuàn you	to roll; to wander around; to appear repeatedly	9739	7
手头	shǒu tóu	on hand; at hand; one's financial situation	9741	7
测验	cè yàn	test; to test	9742	7
溅	jiàn	to splash	9742	7
资深	zī shēn	veteran (journalist etc); senior; highly experienced	9745	7
缓缓	huǎn huǎn	slowly; unhurriedly; little by little	9751	7
确诊	què zhěn	to make a definite diagnosis; confirmed (case of a specific disease)	9753	7
崇高	chóng gāo	majestic; sublime	9754	7
特质	tè zhì	characteristic; special quality	9755	7
做生意	zuò shēng yì	to do business	9762	7
届时	jiè shí	when the time comes; at the scheduled time	9764	7
高效	gāo xiào	efficient; highly effective	9764	7
寝室	qǐn shì	bedroom; dormitory	9766	7
密封	mì fēng	to seal up	9769	7
虫子	chóng zi	insect; bug; worm	9773	4
获悉	huò xī	to learn of sth; to find out; to get news	9773	7
高明	gāo míng	brilliant; superior; wise	9773	7
疤	bā	scar; scab	9775	6
国旗	guó qí	flag (of a country)	9776	6
胆子	dǎn zi	courage; nerve; guts	9776	7
叼	diāo	to hold with one's mouth (as a smoker with a cigarette or a dog with a bone)	9777	7
堵塞	dǔ sè	to clog up; blockage	9777	7
收听	shōu tīng	to listen to (a radio broadcast)	9778	3
网页	wǎng yè	web page	9778	6
漂	piāo	to float; to drift	9779	7
磕	kē	to tap; to knock (against sth hard); to knock (mud from boots, ashes from a pipe etc)	9780	7
分明	fēn míng	clear; distinct; evidently	9781	7
料理	liào lǐ	to arrange; to handle; to cook	9786	7
礼品	lǐ pǐn	gift; present	9790	7
剧烈	jù liè	violent; acute; severe; fierce	9792	7
填补	tián bǔ	to fill a gap; to fill in a blank (on a form); to overcome a deficiency	9801	7
水库	shuǐ kù	reservoir	9803	5
手掌	shǒu zhǎng	palm	9804	7
起伏	qǐ fú	to move up and down; to undulate; ups and downs	9804	7
否决	fǒu jué	to veto; to overrule	9806	7
中止	zhōng zhǐ	to cease; to suspend; to break off	9809	7
移交	yí jiāo	to transfer; to hand over	9811	7
挑衅	tiǎo xìn	to provoke; provocation	9812	7
功劳	gōng láo	contribution; meritorious service; credit	9813	7
有幸	yǒu xìng	fortunately	9817	7
电子邮件	diàn zǐ yóu jiàn	email	9822	3
复发	fù fā	to recur (of a disease); to reappear; to relapse (into a former bad state)	9826	7
丛林	cóng lín	jungle; thicket; forest	9828	7
演变	yǎn biàn	to develop; to evolve; development	9829	7
此前	cǐ qián	before this; before then; previously	9834	6
精华	jīng huá	best feature; most important part of an object; quintessence	9834	7
反射	fǎn shè	to reflect; reflection (from a mirror etc); reflex (i.e. automatic reaction of organism)	9837	6
火热	huǒ rè	fiery; burning; fervent	9839	7
膨胀	péng zhàng	to expand; to inflate; to swell	9839	7
更改	gēng gǎi	to alter	9840	7
成千上万	chéng qiān shàng wàn	lit. by the thousands and tens of thousands (idiom); untold numbers; innumerable; thousands upon thousands	9841	7
丙	bǐng	third of the ten Heavenly Stems 干; third in order; letter "C" or Roman "III" in list "A, B, C", or "I, II, III" etc	9842	7
缺席	quē xí	to be absent	9842	7
标本	biāo běn	specimen; sample; the root cause and symptoms of a disease	9844	7
发票	fā piào	invoice; receipt or bill for purchase	9848	4
伤势	shāng shì	condition of an injury	9849	7
挑起	tiǎo qǐ	to provoke; to stir up; to incite	9853	7
请客	qǐng kè	to give a dinner party; to entertain guests; to invite to dinner	9854	2
巩固	gǒng gù	to consolidate; consolidation; to strengthen	9856	6
堤	dī	dike; Taiwan pr. [tí]	9859	7
皱纹	zhòu wén	wrinkle	9872	6
拌	bàn	to mix; to mix in; to toss (a salad)	9875	7
日报	rì bào	daily newspaper	9879	2
机动	jī dòng	locomotive; motorized; power-driven	9881	7
幻觉	huàn jué	illusion; hallucination; figment of one's imagination	9883	7
艰辛	jiān xīn	hardships; arduous; difficult	9883	7
广阔	guǎng kuò	wide; vast	9885	6
过滤	guò lǜ	to filter; filter	9885	7
偏见	piān jiàn	prejudice; bias	9888	7
攀	pān	to climb (by pulling oneself up); to implicate; to claim connections of higher status	9894	7
气愤	qì fèn	indignant; furious	9895	7
保暖	bǎo nuǎn	to keep warm	9897	7
阶层	jiē céng	social class	9906	7
抽屉	chōu ti	drawer	9913	7
会场	huì chǎng	meeting place; place where people gather	9918	7
知觉	zhī jué	perception; consciousness	9920	7
审核	shěn hé	to audit; to investigate thoroughly	9924	7
飞翔	fēi xiáng	to circle in the air; to soar	9925	7
祝愿	zhù yuàn	to wish	9931	6
词汇	cí huì	vocabulary; list of words (e.g. for language teaching purposes); word	9933	4
大吃一惊	dà chī yī jīng	to have a surprise (idiom); shocked or startled; gobsmacked	9934	7
零售	líng shòu	to retail; to sell individually or in small quantities	9935	7
叙述	xù shù	to relate (a story or information); to tell or talk about; to recount	9937	7
山顶	shān dǐng	hilltop	9938	7
过时	guò shí	old-fashioned; out of date; to be later than the time stipulated or agreed upon	9945	6
敏锐	mǐn ruì	keen; sharp; acute	9945	7
附加	fù jiā	additional; annex	9946	7
路程	lù chéng	route; path traveled; distance traveled	9950	7
粗糙	cū cāo	crude; gruff; rough	9951	7
税务	shuì wù	taxation services; state revenue service	9952	7
破解	pò jiě	to break (a bond, constraint etc); to explain; to unravel	9956	7
大米	dà mǐ	(husked) rice	9958	6
引入	yǐn rù	to draw into; to pull into; to introduce	9959	7
冷却	lěng què	to cool (lit. and fig.)	9960	6
化验	huà yàn	chemical examination; to do a lab test	9962	7
暗杀	àn shā	to assassinate	9964	7
坦诚	tǎn chéng	candid; frank; plain dealing	9965	7
无私	wú sī	selfless; unselfish; disinterested	9969	7
成效	chéng xiào	effect; result	9971	5
劫持	jié chí	to kidnap; to hijack; to abduct	9973	7
傍晚	bàng wǎn	in the evening; when night falls; towards evening	9979	6
平行	píng xíng	parallel; of equal rank; simultaneous	9981	6
背着	bèi zhe	turning one's back to (sth or sb); keeping sth secret from (sb); keeping (one's hands) behind one's back	9984	6
一路上	yī lù shàng	along the way; the whole way; (fig.) the whole time	9985	6
皮带	pí dài	strap; leather belt	9985	7
声誉	shēng yù	reputation; fame	9988	7
掺	chān	to mix	9989	7
相伴	xiāng bàn	to accompany sb; to accompany each other	9989	7
众所周知	zhòng suǒ zhōu zhī	as everyone knows (idiom)	9992	7
人造	rén zào	man-made; artificial; synthetic	9994	7
蚊子	wén zi	mosquito	9995	7
顽强	wán qiáng	tenacious; hard to defeat	9997	6
传染病	chuán rǎn bìng	infectious disease; contagious disease; pestilence	10002	7
现任	xiàn rèn	to occupy a post currently; current (president etc); incumbent	10005	7
亲生	qīn shēng	one's own (child) (i.e. one's child by birth); biological (parents); birth (parents)	10008	7
胡说	hú shuō	to talk nonsense; drivel	10010	7
根源	gēn yuán	origin; root (cause)	10013	7
席位	xí wèi	a seat (in a theater, stadium etc); parliamentary or congressional seat	10016	7
妄想	wàng xiǎng	to attempt vainly; a vain attempt; delusion	10019	7
榨	zhà	to press; to extract (juice); device for extracting juice, oils etc	10020	7
匆忙	cōng máng	hasty; hurried	10025	7
要素	yào sù	essential factor; key constituent	10026	6
玩耍	wán shuǎ	to play (as children do); to amuse oneself	10026	7
笼罩	lǒng zhào	to envelop; to shroud	10028	7
卓越	zhuó yuè	outstanding; surpassing; distinguished	10029	7
保养	bǎo yǎng	to take good care of (or conserve) one's health; to keep in good repair; to maintain	10030	5
全局	quán jú	overall situation	10030	7
减速	jiǎn sù	to reduce speed; to slow down; to take it easy	10031	7
转让	zhuǎn ràng	to transfer (ownership, rights etc)	10032	5
响应	xiǎng yìng	to respond to; answer	10032	7
瀑布	pù bù	waterfall	10033	7
失恋	shī liàn	to lose one's love; to break up (in a romantic relationship); to feel jilted	10035	7
动员	dòng yuán	to mobilize; mobilization	10037	5
顾虑	gù lǜ	misgivings; apprehensions	10038	7
监护	jiān hù	to act as a guardian	10041	7
鳄鱼	è yú	alligator; crocodile	10043	7
恐吓	kǒng hè	to threaten; to menace	10053	7
不成	bù chéng	won't do; unable to; (at the end of a rhetorical question) can that be?	10054	6
混凝土	hùn níng tǔ	concrete	10054	7
百合	bǎi hé	lily	10056	7
诚意	chéng yì	sincerity; good faith	10064	7
理所当然	lǐ suǒ dāng rán	as it should be by rights (idiom); proper and to be expected as a matter of course; inevitable and right	10068	7
痰	tán	phlegm; spittle	10069	7
必将	bì jiāng	inevitably	10072	6
数额	shù é	amount; sum of money; fixed number	10074	7
火腿	huǒ tuǐ	ham	10075	5
部件	bù jiàn	part; component	10075	7
悲痛	bēi tòng	grieved; sorrowful	10078	7
景观	jǐng guān	landscape	10081	7
所属	suǒ shǔ	one's affiliation (i.e. the organization one is affiliated with); subordinate (i.e. those subordinate to oneself); belonging to	10088	7
淹没	yān mò	to submerge; to drown; to flood	10092	6
工艺	gōng yì	arts and crafts; industrial arts	10095	5
潇洒	xiāo sǎ	confident and at ease; free and easy	10096	7
不要紧	bù yào jǐn	unimportant; not serious; it doesn't matter	10100	4
背心	bèi xīn	sleeveless garment (vest, waistcoat, singlet, tank top etc)	10100	6
了结	liǎo jié	to settle; to finish; to conclude	10105	7
倒计时	dào jì shí	to count down; countdown	10111	7
车型	chē xíng	vehicle model (i.e. particular version of a car or motorcycle etc)	10111	7
刷牙	shuā yá	to brush one's teeth	10112	4
狡猾	jiǎo huá	crafty; cunning; sly	10112	7
闪烁	shǎn shuò	flickering; twinkling; evasive	10116	7
领取	lǐng qǔ	to receive; to draw; to get	10119	6
卵	luǎn	egg; ovum; spawn	10123	7
可信	kě xìn	trustworthy	10126	7
一再	yī zài	repeatedly	10127	4
白白	bái bái	in vain; to no purpose; for nothing	10131	7
填写	tián xiě	to fill in a form; to write data in a box (on a questionnaire or web form)	10133	7
请假	qǐng jià	to request leave of absence	10134	1
通行证	tōng xíng zhèng	a pass (authority to enter); a laissez-passer or safe conduct	10140	7
行人	xíng rén	pedestrian; traveler on foot; passer-by	10141	2
秘诀	mì jué	secret know-how; key (to longevity); secret (of happiness)	10144	7
揭	jiē	to take the lid off; to expose; to unmask	10146	6
眨	zhǎ	to blink; to wink	10148	6
同盟	tóng méng	alliance	10148	7
野外	yě wài	countryside; areas outside the city	10150	7
挑剔	tiāo ti	picky; fussy	10153	7
培育	péi yù	to train; to breed	10156	4
开学	kāi xué	foundation of a University or College; school opening; the start of a new term	10160	2
器械	qì xiè	apparatus; instrument; equipment	10160	7
走进	zǒu jìn	to enter	10163	2
触动	chù dòng	to touch; to stir up (trouble or emotions); to move (sb's emotions or worry)	10164	7
内幕	nèi mù	inside story; non-public information; behind the scenes	10165	7
细心	xì xīn	careful; attentive	10169	7
历程	lì chéng	course; process	10170	7
望远镜	wàng yuǎn jìng	binoculars; telescope	10171	7
要紧	yào jǐn	important; urgent	10172	7
重申	chóng shēn	to reaffirm; to reiterate	10173	7
弯曲	wān qū	to bend; to curve around; curved	10174	6
庙	miào	temple; ancestral shrine; temple fair	10174	7
神情	shén qíng	look; expression	10176	5
棺材	guān cai	coffin	10179	7
亲属	qīn shǔ	kin; kindred; relatives	10181	6
俘虏	fú lǔ	captive	10181	7
信誉	xìn yù	prestige; distinction; reputation	10182	7
锤	chuí	hammer; to hammer into shape; weight (e.g. of a steelyard or balance)	10183	6
耻辱	chǐ rǔ	disgrace; shame; humiliation	10183	7
发电	fā diàn	to generate electricity; to send a telegram	10184	6
初级	chū jí	junior; primary	10185	3
初次	chū cì	for the first time; first (meeting, attempt etc)	10185	7
租赁	zū lìn	to rent; to lease; to hire	10185	7
镇定	zhèn dìng	calm; unperturbed; cool	10185	7
破案	pò àn	to solve a case; shabby old table	10186	7
规章	guī zhāng	rule; regulation	10192	6
屑	xiè	bits; fragments; crumbs	10193	6
施展	shī zhǎn	to use fully; to put to use	10193	6
米饭	mǐ fàn	(cooked) rice	10194	1
创办	chuàng bàn	to establish; to found; to launch	10196	6
外公	wài gōng	(coll.) mother's father; maternal grandfather	10197	7
丧生	sàng shēng	to die; to lose one's life	10199	7
曲子	qǔ zi	poem for singing; tune; music	10200	6
增多	zēng duō	to increase; to grow in number	10203	5
齐全	qí quán	complete; comprehensive	10206	5
山谷	shān gǔ	valley; ravine	10210	6
听力	tīng lì	hearing; listening ability	10212	3
太阳能	tài yáng néng	solar energy	10215	6
乒乓球	pīng pāng qiú	table tennis; ping-pong; table tennis ball	10217	7
平淡	píng dàn	flat; dull; ordinary	10219	7
高压	gāo yā	high pressure; high-handed	10221	7
推理	tuī lǐ	reasoning; inference; to infer	10227	7
管用	guǎn yòng	efficacious; useful	10227	7
潜水	qián shuǐ	to dive; to go under water; (in an online forum) to lurk	10234	7
礼仪	lǐ yí	etiquette; ceremony	10234	7
多半	duō bàn	most; mostly; most likely	10235	6
深情	shēn qíng	deep emotion; deep feeling; deep love	10238	7
远方	yuǎn fāng	far away; a distant location	10239	6
凹	āo	depressed; sunken; indented	10239	7
唠叨	láo dao	to prattle; to chatter away; to nag	10247	7
新手	xīn shǒu	new hand; novice; raw recruit	10247	7
名额	míng é	quota; number of places; place (in an institution, a group etc)	10248	6
简短	jiǎn duǎn	brief (statement, summary etc); briefly; brevity	10248	7
风尚	fēng shàng	current custom; current way of doing things	10249	7
转播	zhuǎn bō	relay; broadcast (on radio or TV)	10252	7
展出	zhǎn chū	to put on display; to be on show; to exhibit	10253	7
积蓄	jī xù	to save; to put aside; savings	10253	7
管辖	guǎn xiá	to administer; to have jurisdiction (over)	10255	7
坟墓	fén mù	grave; tomb	10256	7
衰竭	shuāi jié	organ failure; exhaustion; prostration (medicine)	10257	7
导游	dǎo yóu	tour guide; guidebook; to conduct a tour	10258	4
路人	lù rén	passer-by; stranger	10260	7
解答	jiě dá	to solve (a problem); to resolve (a difficulty); to provide an answer	10261	7
轮椅	lún yǐ	wheelchair	10262	4
小吃	xiǎo chī	snack; refreshments	10263	4
求救	qiú jiù	to seek help (when in distress or having difficulties)	10263	7
苦恼	kǔ nǎo	vexed; distressed	10264	7
团聚	tuán jù	to reunite; to have a reunion	10265	7
丑陋	chǒu lòu	ugly	10266	7
充当	chōng dāng	to serve as; to act as; to play the role of	10267	7
信封	xìn fēng	envelope	10268	3
遍布	biàn bù	to cover the whole (area); to be found throughout	10269	7
修补	xiū bǔ	to mend	10271	7
泥土	ní tǔ	earth; soil; mud; clay	10271	7
抚摸	fǔ mō	to gently caress and stroke; to pet; to fondle	10274	7
颈部	jǐng bù	neck	10276	7
光滑	guāng huá	glossy; sleek; smooth	10277	7
不能不	bù néng bù	have to; cannot but	10279	5
同伙	tóng huǒ	colleague; co-conspirator; accomplice	10281	7
发抖	fā dǒu	to tremble; to shake; to shiver	10286	7
叶子	yè zi	leaf; (slang) marijuana	10287	4
衬衣	chèn yī	shirt	10289	3
打折	dǎ zhé	to give a discount	10290	4
衷心	zhōng xīn	heartfelt; wholehearted; cordial	10293	7
司令	sī lìng	commanding officer	10296	7
优质	yōu zhì	excellent quality	10298	6
灰尘	huī chén	dust	10301	7
盼望	pàn wàng	to hope for; to look forward to	10303	6
若干	ruò gān	a certain number or amount; how many?; how much?	10305	7
电报	diàn bào	telegram; cable; telegraph	10309	7
输出	shū chū	to export; to output	10311	5
揭示	jiē shì	to show; to make known	10319	7
轮流	lún liú	to alternate; to take turns	10320	7
标语	biāo yǔ	written slogan; placard	10321	7
硬件	yìng jiàn	hardware	10323	5
批判	pī pàn	to criticize; critique	10324	7
筑	zhù	to build; to construct; to ram	10332	7
改正	gǎi zhèng	to correct; to amend; to put right	10338	4
追赶	zhuī gǎn	to pursue; to chase after; to accelerate	10339	7
特价	tè jià	special price	10340	4
洗衣机	xǐ yī jī	washing machine; washer	10344	2
鲜明	xiān míng	bright; clear-cut; distinct	10344	4
拖鞋	tuō xié	slippers; sandals; flip-flops	10344	6
阵营	zhèn yíng	group of people; camp; faction	10345	7
武力	wǔ lì	military force	10347	7
难堪	nán kān	hard to take; embarrassed	10347	7
演说	yǎn shuō	speech; to deliver a speech	10349	7
激起	jī qǐ	to arouse; to evoke; to cause	10351	7
纳税人	nà shuì rén	taxpayer	10351	7
野心	yě xīn	ambition; wild schemes; careerism	10351	7
纳税	nà shuì	to pay taxes	10358	7
游泳池	yóu yǒng chí	swimming pool	10359	5
炼	liàn	to refine; to smelt	10362	7
关照	guān zhào	to take care; to keep an eye on; to look after	10368	7
诸多	zhū duō	(used for abstract things) a good deal, a lot of	10368	7
变更	biàn gēng	to change; to alter; to modify	10372	6
配置	pèi zhì	to deploy; to allocate; configuration	10372	6
天鹅	tiān é	swan	10373	7
木材	mù cái	wood	10374	7
断裂	duàn liè	fracture; rupture; to break apart	10375	7
止血	zhǐ xuè	to staunch (bleeding); hemostatic (drug)	10375	7
闻名	wén míng	well-known; famous; renowned	10375	7
油漆	yóu qī	oil paints; lacquer; to paint	10378	6
词语	cí yǔ	word (general term including monosyllables through to short phrases); term (e.g. technical term); expression	10379	2
切实	qiè shí	feasible; realistic; practical	10384	6
古董	gǔ dǒng	curio; antique	10388	7
金字塔	jīn zì tǎ	pyramid (building or structure)	10388	7
信箱	xìn xiāng	mailbox; post office box	10392	5
拟	nǐ	to plan to; to draft (a plan); to imitate	10399	7
反弹	fǎn tán	to bounce; to bounce back; to boomerang	10407	7
懂事	dǒng shì	to grow beyond the naivete of childhood; to be aware of what is going on in the world; (esp. of a child) sensible; thoughtful; intelligent	10408	7
奋力	fèn lì	to do everything one can; to spare no effort; to strive	10410	7
追随	zhuī suí	to follow; to accompany	10411	7
代号	dài hào	code name	10412	7
调解	tiáo jiě	to mediate; to bring parties to an agreement	10413	5
山区	shān qū	mountain area	10416	5
绯闻	fēi wén	sex scandal	10416	7
结实	jiē shi	rugged; sturdy; strong	10419	3
可耻	kě chǐ	shameful; disgraceful; ignominious	10422	7
古人	gǔ rén	people of ancient times; the ancients; extinct human species such as Homo erectus or Homo neanderthalensis	10424	7
幸亏	xìng kuī	fortunately; luckily	10426	7
微妙	wēi miào	subtle	10426	7
句子	jù zi	sentence	10428	2
明信片	míng xìn piàn	postcard	10428	5
反省	fǎn xǐng	to reflect upon oneself; to examine one's conscience; to question oneself	10429	7
皇上	huáng shang	the emperor; Your majesty the emperor; His imperial majesty	10429	7
本色	běn sè	inherent qualities; natural qualities; distinctive character	10431	7
登机	dēng jī	to board a plane	10431	7
鉴别	jiàn bié	to differentiate; to distinguish	10434	7
意想不到	yì xiǎng bù dào	unexpected; previously unimagined	10435	6
船只	chuán zhī	ship; boat; vessel	10437	6
恰恰相反	qià qià xiāng fǎn	just the opposite	10439	7
背面	bèi miàn	the back; the reverse side; the wrong side	10439	7
直径	zhí jìng	diameter	10443	7
换取	huàn qǔ	to obtain (sth) in exchange; to exchange (sth) for (sth else)	10449	7
过往	guò wǎng	to come and go; to have friendly relations with; in the past	10449	7
好评	hǎo píng	favorable criticism; positive evaluation	10450	7
忽悠	hū you	to rock; to sway; to flicker (e.g. of lights reflected on water)	10450	7
心血	xīn xuè	heart's blood; expenditure (for some project); meticulous care	10451	7
照相机	zhào xiàng jī	camera	10452	3
忧虑	yōu lǜ	to worry; anxiety (about)	10453	7
显而易见	xiǎn ér yì jiàn	clearly and easy to see (idiom); obviously; clearly; it goes without saying	10457	7
养老金	yǎng lǎo jīn	pension	10458	7
防卫	fáng wèi	to defend; defensive; defense	10458	7
预先	yù xiān	beforehand; in advance	10460	7
人气	rén qì	popularity; personality; character	10467	7
墓地	mù dì	cemetery; graveyard	10470	7
配套	pèi tào	to form a complete set; compatible; matching	10472	5
遗失	yí shī	to lose; to leave behind (inadvertently)	10473	6
公式	gōng shì	formula	10474	5
看样子	kàn yàng zi	it seems; it looks as if	10475	7
驾照	jià zhào	driver's license	10477	5
侵害	qīn hài	to encroach on; to infringe on	10479	7
前期	qián qī	preceding period; early stage	10481	7
表白	biǎo bái	to explain oneself; to express; to reveal one's thoughts or feelings	10481	7
患有	huàn yǒu	to contract (an illness); to be afflicted with; to suffer from	10482	7
带头	dài tóu	to take the lead; to be the first; to set an example	10484	7
筷子	kuài zi	chopsticks	10486	2
班级	bān jí	class (group of students); grade (in school)	10486	3
四肢	sì zhī	the four limbs of the body	10487	6
还原	huán yuán	to restore to the original state; to reconstruct (an event); reduction (chemistry)	10488	7
酥	sū	flaky pastry; crunchy; limp	10489	7
不用说	bù yòng shuō	needless to say; it goes without saying	10490	7
烹饪	pēng rèn	cooking; culinary arts	10492	6
水分	shuǐ fèn	moisture content; (fig.) overstatement; padding	10494	5
接通	jiē tōng	to connect; to put through	10494	7
陶瓷	táo cí	pottery and porcelain; ceramics	10494	7
监察	jiān chá	to supervise; to control	10495	7
讨好	tǎo hǎo	to get the desired outcome; to win favor by fawning on sb; to curry favor with	10495	7
发火	fā huǒ	to catch fire; to ignite; to detonate	10499	7
丰满	fēng mǎn	ample; well developed; fully rounded	10502	7
任职	rèn zhí	to hold a post; to take office	10508	7
延期	yán qī	to delay; to extend; to postpone	10510	4
不宜	bù yí	not suitable; inadvisable; inappropriate	10511	7
垂直	chuí zhí	perpendicular; vertical	10512	6
出境	chū jìng	to leave a country or region; outbound (tourism)	10519	7
半决赛	bàn jué sài	semifinals	10520	6
爱护	ài hù	to cherish; to treasure; to take care of	10522	4
辈	bèi	lifetime; generation; group of people	10523	5
创始人	chuàng shǐ rén	creator; founder; initiator	10526	7
任性	rèn xìng	willful; headstrong; unruly	10527	6
提早	tí zǎo	ahead of schedule; sooner than planned; to bring forward (to an earlier time)	10528	7
玄	xuán	black; mysterious	10533	7
帮手	bāng shǒu	helper; assistant	10534	7
黄瓜	huáng guā	cucumber	10535	4
单一	dān yī	single; only; sole	10541	5
仿	fǎng	to imitate; to copy	10541	7
以致	yǐ zhì	to such an extent as to; down to; up to	10543	7
蒸发	zhēng fā	to evaporate; evaporation	10558	6
化身	huà shēn	incarnation; reincarnation; embodiment (of abstract idea)	10558	7
编排	biān pái	to arrange; to lay out	10560	7
实地	shí dì	on-site	10562	7
堵车	dǔ chē	traffic jam; (of traffic) to get congested	10563	4
立体	lì tǐ	three-dimensional; solid; stereoscopic	10567	7
精明	jīng míng	astute; shrewd; smart	10568	7
滑稽	huá jī	comical; funny; amusing (old pr. [gǔ jī]); huaji, a form of comedy performance popular in Shanghai, Jiangsu and Zhejiang	10569	7
高涨	gāo zhǎng	to surge up; to rise; (of tensions etc) to run high	10570	7
体育场	tǐ yù chǎng	stadium	10575	2
治理	zhì lǐ	to govern; to administer; to manage	10575	5
姑姑	gū gu	paternal aunt	10577	6
说明书	shuō míng shū	(technical) manual; (book of) directions; synopsis (of a play or film)	10577	6
善意	shàn yì	goodwill; benevolence; kindness	10577	7
宗旨	zōng zhǐ	objective; aim; goal	10577	7
幅度	fú dù	width; extent; range	10579	5
上游	shàng yóu	upper reaches (of a river); upper level; upper echelon	10579	7
上任	shàng rèn	to take office; previous (incumbent); predecessor	10580	7
暖气	nuǎn qì	central heating; heater; warm air	10582	4
探望	tàn wàng	to visit; to call on sb; to look around	10583	7
举止	jǔ zhǐ	bearing; manner; mien	10585	7
二手	èr shǒu	indirectly acquired; second-hand (information, equipment etc); assistant	10587	4
聘	pìn	to engage (a teacher etc); to hire; to betroth	10588	7
忠于	zhōng yú	to be loyal to	10589	7
胜任	shèng rèn	qualified; competent (professionally); to be up to a task	10591	7
悲观	bēi guān	pessimistic	10593	7
下跌	xià diē	to fall; to tumble	10596	7
荒谬	huāng miù	absurd; ridiculous	10598	7
评选	píng xuǎn	to select on the basis of a vote or consensus	10602	6
拓展	tuò zhǎn	to expand (one's client base, outlook etc)	10602	7
替换	tì huàn	to exchange; to replace; to substitute for	10602	7
率领	shuài lǐng	to lead; to command; to head	10605	5
回馈	huí kuì	to repay a favor; to give back; feedback	10605	7
浓缩	nóng suō	to concentrate (a liquid); concentration; espresso coffee	10610	7
创立	chuàng lì	to establish; to set up; to found	10611	5
放映	fàng yìng	to show (a movie); to screen	10612	7
自助	zì zhù	self-service	10615	7
虚构	xū gòu	to make up; fabrication; fictional	10616	7
祖先	zǔ xiān	ancestors; forebears; (biology) ancestral species; ancient species from which present-day species evolved	10617	7
肥皂	féi zào	soap	10619	7
味儿	wèi r	taste	10621	4
组长	zǔ zhǎng	group leader	10622	2
泄	xiè	(bound form) to leak out; to discharge; (fig.) to divulge	10624	7
现代化	xiàn dài huà	modernization	10626	3
委屈	wěi qu	to feel wronged; to cause sb to feel wronged; grievance	10626	7
活儿	huó r	work; (lots of) things to do	10626	7
优良	yōu liáng	fine; good; first-rate	10627	4
特长	tè cháng	personal strength; one's special ability or strong points	10629	7
贪	tān	to have a voracious desire for; to covet; greedy	10632	7
转弯	zhuǎn wān	to turn; to go around a corner	10633	4
儿女	ér nǚ	children; sons and daughters; a young man and a young woman (in love)	10636	5
果断	guǒ duàn	firm; decisive	10641	7
失效	shī xiào	to fail; to lose effectiveness	10642	7
账号	zhàng hào	account; username	10644	7
主办	zhǔ bàn	to organize; to host (a conference or sports event)	10648	5
薄弱	bó ruò	weak; frail	10648	5
公认	gōng rèn	publicly known (to be); accepted (as)	10650	5
平原	píng yuán	field; plain	10650	5
振奋	zhèn fèn	to stir oneself up; to raise one's spirits; to inspire	10653	7
雕	diāo	to carve; to engrave; shrewd	10655	7
卑鄙	bēi bǐ	base; mean; contemptible	10658	7
耳光	ěr guāng	a slap on the face	10660	7
期末	qī mò	end of term	10667	4
披露	pī lù	to reveal; to publish; to make public	10669	7
判定	pàn dìng	to judge; to decide; judgment	10672	7
开设	kāi shè	to offer (goods or services); to open (for business etc)	10675	6
百分点	bǎi fēn diǎn	percentage point	10677	6
务必	wù bì	must; to need to; to be sure to	10677	7
惊叹	jīng tàn	to exclaim in admiration; a gasp of surprise	10679	7
拥护	yōng hù	to endorse; to support	10681	7
首脑	shǒu nǎo	head (of state); summit (meeting); leader	10682	6
意料	yì liào	to anticipate; to expect; expectations	10688	7
僵硬	jiāng yìng	stiff; rigid	10691	6
空前	kōng qián	unprecedented	10691	7
油画	yóu huà	oil painting	10696	7
董事长	dǒng shì zhǎng	chairman of the board of directors	10696	7
旺盛	wàng shèng	vigorous; exuberant	10698	7
住宿	zhù sù	to stay at; lodging; accommodation	10703	7
进场	jìn chǎng	to enter the venue; to enter the arena; (aviation) to approach the airfield	10705	7
专题	zhuān tí	specific topic (addressed by a book, lecture, TV program etc); article, report or program etc on a specific topic	10707	3
克制	kè zhì	to restrain; to control; restraint	10707	7
包容	bāo róng	to pardon; to forgive; to show tolerance	10708	7
驳回	bó huí	to reject; to turn down; to overrule	10710	7
无形	wú xíng	incorporeal; virtual; formless	10714	7
用餐	yòng cān	to eat a meal	10715	7
方针	fāng zhēn	policy; guidelines	10718	4
站台	zhàn tái	platform (at a railway station); (Tw) (of an influential person) to publicly lend one's support (e.g. for an election candidate); (Tw) website	10722	6
工夫	gōng fu	period of time (may be months, or mere seconds); spare time; skill	10723	3
西红柿	xī hóng shì	tomato	10725	5
张扬	zhāng yáng	to display ostentatiously; to bring out into the open; to make public	10725	7
不肯	bù kěn	Refuse	10726	7
看似	kàn sì	to look as if; to seem	10726	7
风味	fēng wèi	distinctive flavor; distinctive style	10726	7
档次	dàng cì	grade; class; quality	10727	7
跑道	pǎo dào	athletic track; track; runway (i.e. airstrip)	10727	7
生成	shēng chéng	to generate; to produce; to form; to be formed; to come into being; to be born with; to be blessed with	10729	5
歌剧	gē jù	Western opera	10730	7
让步	ràng bù	to concede; to give in; to yield	10734	7
士气	shì qì	morale	10738	7
过日子	guò rì zi	to live one's life; to pass one's days; to get along	10739	7
听从	tīng cóng	to listen and obey; to comply with; to heed	10740	7
勺	sháo	spoon; ladle	10742	6
繁忙	fán máng	busy; bustling	10742	7
订婚	dìng hūn	to get engaged	10745	7
不同寻常	bù tóng xún cháng	out of the ordinary; unusual	10746	7
推断	tuī duàn	to infer; to deduce; to predict	10746	7
领养	lǐng yǎng	to adopt (a child); adoption	10747	7
习俗	xí sú	custom; tradition; local tradition	10748	7
货运	huò yùn	freight transport; cargo; transported goods	10749	7
芝麻	zhī ma	sesame (seed)	10752	7
遗弃	yí qì	to leave; to abandon	10752	7
创业	chuàng yè	to begin an undertaking; to start a major task; to initiate	10754	3
正直	zhèng zhí	upright; upstanding; honest	10756	7
平息	píng xī	to settle (a dispute); to quieten down; to suppress	10764	7
狭窄	xiá zhǎi	narrow	10765	7
敬意	jìng yì	respect; esteem; high regard	10768	7
变换	biàn huàn	to transform; to convert; to vary	10769	6
布局	bù jú	arrangement; composition; layout	10770	7
贪污	tān wū	to be corrupt; corruption; to embezzle	10770	7
自如	zì rú	unobstructed; unconstrained; smoothly	10772	7
茄子	qié zi	eggplant (Solanum melongena L.); aubergine; brinjal	10773	6
低温	dī wēn	low temperature	10778	6
金子	jīn zǐ	Kaneko (Japanese surname)	10780	7
暴雨	bào yǔ	torrential rain; rainstorm	10782	6
雇主	gù zhǔ	employer	10785	7
峡谷	xiá gǔ	canyon; gill; ravine	10789	7
沐浴	mù yù	to take a bath; to bathe; to immerse	10793	6
受理	shòu lǐ	to accept to hear a case; to handle (a service)	10796	7
作文	zuò wén	to write an essay; composition (student essay)	10798	2
吉利	jí lì	auspicious; lucky; propitious	10800	6
重现	chóng xiàn	to reappear	10802	7
里边	lǐ bian	inside	10810	1
本领	běn lǐng	skill; ability; capability	10811	3
口腔	kǒu qiāng	oral cavity	10813	7
勤奋	qín fèn	hardworking; diligent	10815	5
高考	gāo kǎo	college entrance exam (especially as abbr. for 普通高等学校招生全国统一考试); (Tw) entrance exam for senior government service posts (abbr. for 公务人员高等考试)	10815	6
微波炉	wēi bō lú	microwave oven	10818	6
紊乱	wěn luàn	disorder; chaos	10820	7
废墟	fèi xū	ruins	10824	7
萎缩	wěi suō	to wither; to dry up (of a plant); to atrophy (of muscle, social custom etc)	10824	7
扶持	fú chí	to help; to assist	10825	7
真情	zhēn qíng	real situation; the truth	10828	7
人品	rén pǐn	moral standing; moral quality; character	10830	7
平和	píng hé	gentle; mild; moderate	10831	7
稍稍	shāo shāo	somewhat; a little; slightly	10832	7
沉迷	chén mí	to be engrossed; to be absorbed with; to lose oneself in	10833	7
票房	piào fáng	box office	10836	7
东南	dōng nán	southeast	10838	2
寿命	shòu mìng	life span; life expectancy; lifetime (of a machine)	10838	7
日语	rì yǔ	Japanese language	10842	6
反驳	fǎn bó	to retort; to refute	10845	7
重量级	zhòng liàng jí	heavyweight (boxing etc)	10852	7
去向	qù xiàng	direction in which sb or sth has gone; whereabouts	10857	7
开办	kāi bàn	to open; to start (a business etc); to set up	10861	7
脱颖而出	tuō yǐng ér chū	to reveal one's talent (idiom); to rise above others; to distinguish oneself	10861	7
亮点	liàng diǎn	highlight; bright spot	10869	7
牵挂	qiān guà	to worry about; to be concerned about	10869	7
不理	bù lǐ	to refuse to acknowledge; to pay no attention to; to take no notice of	10871	7
火山	huǒ shān	volcano	10871	7
划分	huà fēn	to divide up; to partition; to differentiate	10875	5
环绕	huán rào	to surround; to circle; to revolve around	10875	7
驱逐	qū zhú	to expel; to deport; banishment	10878	7
体积	tǐ jī	volume; bulk	10883	5
补助	bǔ zhù	to subsidize; subsidy; allowance	10885	6
个子	gè zi	height; stature; build	10888	2
苛刻	kē kè	harsh; severe; demanding	10891	7
踹	chuài	to kick; to trample; to tread on	10891	7
不知不觉	bù zhī bù jué	unconsciously; unwittingly	10896	7
动画片	dòng huà piàn	animated film	10899	4
梳	shū	a comb; to comb	10902	7
裁定	cái dìng	ruling	10904	7
地域	dì yù	area; district; region	10905	7
圆形	yuán xíng	round; circular	10908	7
再现	zài xiàn	to recreate; to reconstruct (a historical relic)	10909	7
责怪	zé guài	to blame; to rebuke	10912	7
尽早	jǐn zǎo	as early as possible	10915	7
热点	rè diǎn	hot spot; point of special interest	10916	6
对照	duì zhào	to contrast; to compare; to place side by side for comparison (as parallel texts)	10916	7
锯	jù	a saw; to cut with a saw	10918	7
纳入	nà rù	to bring into; to channel into; to integrate into	10921	7
辨认	biàn rèn	to recognize; to identify	10922	7
备忘录	bèi wàng lù	memorandum; aide-memoire; memorandum book	10931	6
原有	yuán yǒu	original; former	10932	5
奖项	jiǎng xiàng	award; prize	10933	7
人行道	rén xíng dào	sidewalk	10935	7
天性	tiān xìng	nature; innate tendency	10935	7
家教	jiā jiào	family education; upbringing; to bring sb up	10935	7
悬崖	xuán yá	precipice; overhanging cliff	10937	7
埋怨	mán yuàn	to complain; to grumble (about); to reproach	10938	7
冷战	lěng zhàn	cold war; (fig.) strained relationship; to be barely on speaking terms	10942	7
住户	zhù hù	household; inhabitant; householder	10943	7
指点	zhǐ diǎn	to point out; to indicate; to give directions	10947	7
轨迹	guǐ jì	locus; orbit; trajectory	10947	7
周到	zhōu dào	thoughtful; considerate; attentive	10949	7
行情	háng qíng	market price; quotation of market price; the current market situation	10951	7
整洁	zhěng jié	neatly; tidy	10954	7
过失	guò shī	error; fault; (law) negligence	10955	7
先锋	xiān fēng	vanguard; pioneer; avant-garde	10956	6
苗	miáo	Hmong or Miao ethnic group of southwest China	10956	7
常人	cháng rén	ordinary person	10957	7
宣誓	xuān shì	to swear an oath (of office); to make a vow	10963	7
搅拌	jiǎo bàn	to stir; to agitate	10963	7
摆放	bǎi fàng	to set up; to arrange; to lay out	10963	7
全能	quán néng	omnipotent; all-round; strong in every area	10964	7
颠覆	diān fù	to topple (i.e. knock over); to capsize; fig. to overturn (a regime, by plotting or subversion)	10966	7
床单	chuáng dān	bed sheet	10967	6
低价	dī jià	low price	10967	7
精通	jīng tōng	to be proficient in; to master (a subject)	10968	7
小丑	xiǎo chǒu	clown	10969	7
海滨	hǎi bīn	shore; seaside	10973	7
气管	qì guǎn	windpipe; trachea; respiratory tract	10974	7
利率	lì lǜ	interest rates	10983	7
看中	kàn zhòng	to have a preference for; to fancy; to choose after consideration	10986	7
牵涉	qiān shè	to involve; implicated	10987	7
分支	fēn zhī	branch (of company, river etc); to branch; to diverge	10988	7
去除	qù chú	to remove; to dislodge	10988	7
流水	liú shuǐ	running water; (business) turnover	10995	7
公道	gōng dào	justice; fairness; public highway	10998	7
腐蚀	fǔ shí	corrosion; to corrode (degrade chemically); to rot	10998	7
公款	gōng kuǎn	public money	11000	7
辜负	gū fù	to fail to live up (to expectations); unworthy (of trust); to let down	11000	7
活该	huó gāi	(coll.) serve sb right; deservedly; ought	11001	7
试用	shì yòng	to try sth out; to be on probation	11007	7
雨水	yǔ shuǐ	Yushui or Rain Water, 2nd of the 24 solar terms 二十四节气 19th February-5th March	11013	5
一塌糊涂	yī tā hú tu	muddled and completely collapsing (idiom); in an awful condition; complete shambles; a total mess	11014	7
上瘾	shàng yǐn	to get into a habit; to become addicted	11015	7
来宾	lái bīn	guest; visitor	11016	7
忍心	rěn xīn	to have the heart to do sth; to steel oneself to a task	11017	7
太平	tài píng	place name	11020	7
可谓	kě wèi	it could even be said	11022	7
自来水	zì lái shuǐ	running water; tap water	11026	6
树枝	shù zhī	branch; twig	11026	7
不如说	bùrú shuō	rather say	11028	7
后续	hòu xù	follow-up; (dialect) to remarry	11030	7
微弱	wēi ruò	weak; faint; feeble	11031	7
不愧	bù kuì	to be worthy of; to deserve to be called; to prove oneself to be	11038	6
垄断	lǒng duàn	to monopolize	11039	7
地形	dì xíng	topography; terrain; landform	11043	5
玩弄	wán nòng	to play with; to toy with; to dally with	11043	6
开采	kāi cǎi	to extract (ore or other resource from a mine); to exploit; to mine	11044	7
晕倒	yūn dǎo	to faint; to swoon; to black out	11045	7
操场	cāo chǎng	playground; sports field; drill ground	11048	4
蓝天	lán tiān	blue sky	11048	6
见解	jiàn jiě	opinion; view; understanding	11050	7
抵挡	dǐ dǎng	to resist; to hold back; to stop	11051	7
瞩目	zhǔ mù	to focus attention upon	11052	7
氢	qīng	hydrogen (chemistry)	11059	6
酝酿	yùn niàng	(of alcohol) to ferment; (of a crisis) to be brewing; to mull over (an issue)	11059	7
揭发	jiē fā	to expose; to bring to light; to disclose	11061	7
跳动	tiào dòng	to throb; to pulse; to bounce	11061	7
出头	chū tóu	to get out of a predicament; to stick out; to take the initiative	11064	7
阵容	zhèn róng	troop arrangement; battle formation; lineup (of a sports team etc)	11067	7
短片	duǎn piàn	short film; video clip	11071	6
烧毁	shāo huǐ	to burn; to burn down	11071	7
饲料	sì liào	feed; fodder	11074	7
同等	tóng děng	equal to; having the same social class or status	11078	7
极力	jí lì	to make a supreme effort; at all costs	11081	7
上楼	shàng lóu	to go upstairs	11082	4
细致	xì zhì	delicate; fine; careful	11083	4
下楼	xià lóu	to go downstairs	11084	4
儒家	rú jiā	Confucian school, founded by Confucius 子 (551-479 BC) and Mencius 子 (c. 372-c. 289 BC)	11085	7
畅销	chàng xiāo	to sell well; bestselling; chart-topping	11087	7
基督教	jī dū jiào	Christianity; Christian	11088	6
名气	míng qì	reputation; fame	11088	7
除外	chú wài	to exclude; not including sth (when counting or listing); except for	11088	7
拣	jiǎn	to choose; to pick; to sort out	11089	7
递交	dì jiāo	to present; to give; to hand over	11091	7
倒塌	dǎo tā	to collapse (of building); to topple over	11092	7
附属	fù shǔ	subsidiary; auxiliary; attached	11094	7
适宜	shì yí	suitable; appropriate	11095	7
屈服	qū fú	to surrender; to succumb; to yield	11097	7
捍卫	hàn wèi	to defend; to uphold; to safeguard	11101	7
点火	diǎn huǒ	to ignite; to light a fire; to agitate	11102	7
订购	dìng gòu	to place an order; to subscribe	11102	7
旅行社	lǚ xíng shè	travel agency	11103	3
急于	jí yú	eager to; in a hurry to	11107	7
不算	bù suàn	to not calculate; to not count; to not be considered (as)	11114	7
雪山	xuě shān	snow-capped mountain	11115	7
毫不犹豫	háo bù yóu yù	without the slightest hesitation	11117	7
沸腾	fèi téng	(of a liquid) to boil; (of sentiments etc) to boil over; to flare up	11120	7
满怀	mǎn huái	to have one's heart filled with; (to collide) full on; (of farm animals) heavy with young	11120	7
君子	jūn zǐ	nobleman; person of noble character	11121	7
势头	shì tóu	power; momentum; tendency	11123	7
拎	līn	to lift up; to carry in one's hand; Taiwan pr. [līng]	11124	7
小心翼翼	xiǎo xīn yì yì	cautious and solemn (idiom); very carefully; prudent; gently and cautiously	11125	7
风采	fēng cǎi	svelte; elegant manner; graceful bearing	11129	7
养老	yǎng lǎo	to provide for the elderly (family members); to enjoy a life in retirement	11131	6
百货	bǎi huò	general merchandise	11134	4
插手	chā shǒu	to get involved in; to meddle; interference	11136	7
直奔	zhí bèn	to go straight to; to make a beeline for	11138	7
合伙	hé huǒ	to act jointly; to form a partnership	11139	7
全心全意	quán xīn quán yì	heart and soul; wholeheartedly	11148	7
前台	qián tái	stage; proscenium; foreground in politics etc (sometimes derog.)	11148	7
驾驭	jià yù	to urge on (of horse); to drive; to steer	11150	7
共鸣	gòng míng	(physics) to resonate; resonance; sympathetic response	11154	7
难看	nán kàn	ugly; unsightly	11156	2
绷	bēng	to draw tight; to stretch taut; to tack (with thread or pin)	11156	7
外语	wài yǔ	foreign language	11159	1
假冒	jiǎ mào	to impersonate; to pose as (someone else); to counterfeit	11160	7
扳	bān	to pull; to turn (sth) around; to turn around (a situation)	11169	7
乞丐	qǐ gài	beggar	11171	7
敬请	jìng qǐng	please (do sth) (deferential form)	11173	7
高空	gāo kōng	high altitude	11173	7
有点儿	yǒu diǎn r	slightly; a little; somewhat	11175	2
放纵	fàng zòng	to indulge; to pamper; to connive at	11175	7
地铁站	dì tiě zhàn	subway station	11176	2
花瓶	huā píng	flower vase; (fig.) female employee considered to be just a pretty face (attractive but not very competent)	11183	6
申报	shēn bào	to report (to the authorities); to declare (to customs)	11184	7
挨着	āi zhe	near	11185	6
冒充	mào chōng	to feign; to pretend to be; to pass oneself off as	11187	7
流失	liú shī	(of soil etc) to wash away; to be eroded; (fig.) (of talented staff, followers of a religious faith, investment funds etc) to go elsewhere	11192	7
比方	bǐ fang	analogy; instance; for instance	11193	5
来源于	lái yuán yú	to originate in	11195	7
高雅	gāo yǎ	dainty; elegance; elegant	11195	7
事态	shì tài	situation; existing state of affairs	11196	7
驱动	qū dòng	to drive; to propel; drive (vehicle wheel)	11197	7
恶性	è xìng	malignant; wicked; vicious (circle)	11199	7
担当	dān dāng	to take upon oneself; to assume	11201	7
差错	chā cuò	mistake; slip-up; fault; error; accident; mishap	11202	7
罐头	guàn tou	tin; can	11202	7
路面	lù miàn	road surface	11207	7
橙	chéng	orange tree; orange (color)	11208	6
攒	zǎn	to collect; to hoard; to accumulate	11208	7
美景	měi jǐng	beautiful scenery	11213	7
局限	jú xiàn	to limit; to confine; to restrict sth within set boundaries	11218	7
风度	fēng dù	elegance (for men); elegant demeanor; grace	11221	5
比不上	bǐ bù shàng	can't compare with	11223	7
救治	jiù zhì	to provide critical care (to a patient or a diseased plant)	11225	7
方向盘	fāng xiàng pán	steering wheel	11228	7
板块	bǎn kuài	slab; (geology) tectonic plate; (fig.) sector (of the stock market or of industry)	11235	7
接纳	jiē nà	to admit (to membership)	11240	7
归属	guī shǔ	to belong to; to be affiliated to; to fall under the jurisdiction of	11242	7
动感	dòng gǎn	sense of movement (often in a static work of art); dynamic; vivid	11247	7
棘手	jí shǒu	thorny (problem); intractable	11249	7
尖锐	jiān ruì	sharp; intense; penetrating	11251	7
休克	xiū kè	shock (loanword); to go into shock	11253	7
打牌	dǎ pái	to play mahjong or cards	11254	6
削弱	xuē ruò	to weaken; to impair; to cripple	11259	7
宽松	kuān sōng	spacious; roomy; uncrowded; (of clothes) loose and comfortable; relaxed; free of worry	11259	7
虔诚	qián chéng	pious; devout; sincere	11261	7
宣读	xuān dú	to read out loud to an audience; a prepared speech (e.g. to a party conference)	11262	7
皮鞋	pí xié	leather shoes	11265	5
着眼	zhuó yǎn	to have one's eyes on (a goal); having sth in mind; to concentrate	11269	7
牢固	láo gù	firm; secure	11270	7
亲热	qīn rè	affectionate; intimate; warmhearted; to show affection for; (coll.) to get intimate with sb	11273	7
恨不得	hèn bu de	wishing one could do sth; to hate to be unable; itching to do sth	11273	7
分量	fèn liang	quantity; weight; measure	11274	7
兑换	duì huàn	to convert; to exchange	11279	7
酱油	jiàng yóu	soy sauce	11281	6
遗留	yí liú	to leave behind; to hand down	11284	7
露天	lù tiān	outdoors; al fresco; in the open	11290	7
巨头	jù tóu	tycoon; magnate; big player (including company, country, school etc)	11291	7
赢家	yíng jiā	winner	11299	7
简洁	jiǎn jié	concise; succinct; pithy	11301	7
捐助	juān zhù	to donate; to offer (aid); contribution	11302	6
大肆	dà sì	wantonly; without restraint (of enemy or malefactor); unbridled	11304	7
急诊	jí zhěn	to give or receive urgent medical treatment; emergency treatment (at a hospital emergency department, or from a doctor on a house call)	11305	7
青春期	qīng chūn qī	puberty; adolescence	11308	7
亲友	qīn yǒu	friends and relatives	11310	7
悬念	xuán niàn	suspense in a movie, play etc; concern for sb's welfare	11315	7
水手	shuǐ shǒu	mariner; sailor; seaman	11321	7
没意思	méi yì si	boring; of no interest	11321	7
微型	wēi xíng	miniature; micro-; tiny	11327	7
反响	fǎn xiǎng	repercussions; reaction; echo	11329	6
祖父	zǔ fù	father's father; paternal grandfather	11332	6
销	xiāo	to melt (metal); to cancel; to annul; to sell	11332	7
羊肉	yáng ròu	mutton; goat meat	11336	2
眨眼	zhǎ yǎn	to blink; to wink; in the twinkling of an eye	11342	7
掉头	diào tóu	to turn one's head; to turn round; to turn about	11345	7
寂静	jì jìng	quiet	11346	7
球星	qiú xīng	sports star (ball sport)	11348	6
职权	zhí quán	authority; power over others	11348	7
伦理	lún lǐ	ethics	11350	7
反过来	fǎn guo lái	conversely; in reverse order; in an opposite direction	11352	7
畏惧	wèi jù	to fear; to dread; foreboding	11358	7
身价	shēn jià	social status; price of a slave; price of a person (a sportsman etc)	11358	7
振作	zhèn zuò	to bestir oneself; to pull oneself together; to cheer up	11363	7
面粉	miàn fěn	flour	11363	7
莫非	mò fēi	can it be possible that; could it be	11365	7
城墙	chéng qiáng	city wall	11366	7
快捷	kuài jié	quick; fast; nimble	11376	7
驯	xùn	to attain gradually; to tame; Taiwan pr. [xún]	11376	7
空地	kòng dì	vacant land; open space	11378	7
冲洗	chōng xǐ	to rinse; to wash; to develop (photographic film)	11384	7
接替	jiē tì	to replace; to take over (a position or post)	11387	7
下台	xià tái	to go off the stage; to fall from position of prestige; to step down (from office etc)	11392	7
压缩	yā suō	to compress; compression	11394	7
当着	dāng zhe	in front of; in the presence of	11394	7
宫殿	gōng diàn	palace	11395	7
遗嘱	yí zhǔ	testament; will	11396	7
现行	xiàn xíng	to be in effect; in force; current	11397	7
申领	shēn lǐng	to apply (for license, visa etc)	11401	7
整顿	zhěng dùn	to tidy up; to reorganize; to consolidate	11404	6
快餐	kuài cān	fast food; snack; quick meal	11411	2
外衣	wài yī	outer clothing; semblance; appearance	11418	6
柜子	guì zi	cupboard; cabinet	11420	5
没事儿	méi shì r	to have spare time; free from work; it's not important	11421	1
点名	diǎn míng	roll call; to mention sb by name; (to call or praise or criticize sb) by name	11424	4
不为人知	bù wéi rén zhī	not known to anyone; secret; unknown	11433	7
撇	piě	to throw; to cast; left-slanting downward brush stroke (calligraphy)	11433	7
仙女	xiān nǚ	fairy	11436	7
财物	cái wù	property; belongings	11436	7
从容	cóng róng	to go easy; unhurried; calm	11439	7
艰巨	jiān jù	arduous; terrible (task); very difficult	11441	7
电信	diàn xìn	telecommunications	11442	7
秘书长	mì shū zhǎng	secretary-general	11446	6
缺口	quē kǒu	nick; jag; gap	11446	7
一块儿	yī kuài r	erhua variant of 一块; a piece; a chunk; (coll.) one yuan; one dollar	11449	1
疲倦	pí juàn	to tire; tired	11450	7
陆地	lù dì	dry land (as opposed to the sea)	11452	4
考古	kǎo gǔ	archaeology	11452	6
站住	zhàn zhù	to stand	11455	2
钱财	qián cái	wealth; money	11459	7
很难说	hěn nánshuō	Hard to say	11460	6
有望	yǒu wàng	hopeful; promising	11461	7
难关	nán guān	difficulty; crisis	11461	7
峰会	fēng huì	summit meeting	11462	6
限度	xiàn dù	limitation; limit	11462	7
镇静	zhèn jìng	calm; cool	11463	6
遥控	yáo kòng	to direct operations from a remote location; to remotely control	11466	7
姨	yí	mother's sister; aunt	11475	7
排放	pái fàng	to arrange in order; to emit; to discharge (exhaust gas, waste water etc); (of animals) to ovulate; to discharge semen	11477	7
顽固	wán gù	stubborn; obstinate	11477	7
白领	bái lǐng	white-collar; white-collar worker	11481	6
散布	sàn bù	to disseminate	11482	7
话剧	huà jù	stage play; modern drama	11486	3
赶往	gǎn wǎng	to hurry to (somewhere)	11487	7
搓	cuō	to rub or roll between the hands or fingers; to twist	11489	7
份额	fèn é	share; portion	11491	7
愣	lèng	to look distracted; to stare blankly; distracted	11493	7
颗粒	kē lì	kernel; granule; granulated (sugar, chemical product)	11500	6
滑冰	huá bīng	to skate; skating	11501	7
宝藏	bǎo zàng	precious mineral deposits; hidden treasure; (fig.) treasure	11504	7
密集	mì jí	concentrated; crowded together; intensive	11504	7
惭愧	cán kuì	ashamed	11505	7
构思	gòu sī	to design; to plot; to plan out	11513	7
海绵	hǎi mián	sponge (zoology); sponge (piece of absorbent material, either natural or made from plastic etc); foam rubber	11514	7
增添	zēng tiān	to add; to increase	11519	7
乘车	chéng chē	to ride (in a car or carriage); to drive; to motor	11520	5
暧昧	ài mèi	vague; ambiguous; equivocal	11523	6
灭亡	miè wáng	to be destroyed; to become extinct; to perish	11523	7
交际	jiāo jì	communication; social intercourse	11527	4
大使馆	dà shǐ guǎn	embassy	11530	3
弥漫	mí màn	to pervade; to fill the air; diffuse	11532	7
配件	pèi jiàn	component; part; fitting	11536	7
尊贵	zūn guì	respected; respectable; honorable	11538	7
秤	chèng	steelyard; Roman balance	11539	7
木板	mù bǎn	slab; board; plank	11542	7
如意	rú yì	as one wants; according to one's wishes; ruyi scepter, a symbol of power and good fortune	11543	7
缸	gāng	jar; vat; classifier for loads of laundry	11543	7
辩解	biàn jiě	to explain; to justify; to defend (a point of view etc)	11543	7
仰	yǎng	to face upward; to look up; to admire	11544	6
沙子	shā zi	sand; grit	11546	3
字幕	zì mù	caption; subtitle	11551	7
亚军	yà jūn	second place (in a sports contest); runner-up	11554	5
摔跤	shuāi jiāo	to trip and fall; to wrestle; wrestling (sports)	11555	7
退回	tuì huí	to return (an item); to send back; to go back	11557	7
紧迫	jǐn pò	pressing; urgent	11558	7
促成	cù chéng	to facilitate; to effect	11559	7
领队	lǐng duì	to lead a group; leader of a group; captain (of sports squad)	11559	7
徒弟	tú dì	apprentice; disciple	11560	6
贯穿	guàn chuān	to run through; a connecting thread from beginning to end; to link	11561	7
大家庭	dà jiā tíng	extended family; big family; harmonious group	11562	7
一无所有	yī wú suǒ yǒu	not having anything at all (idiom); utterly lacking; without two sticks to rub together	11565	7
规格	guī gé	standard; norm; specification	11568	7
高血压	gāo xuè yā	high blood pressure; hypertension	11570	7
走近	zǒu jìn	to approach; to draw near to	11575	7
思绪	sī xù	train of thought; emotional state; mood	11576	6
振动	zhèn dòng	to vibrate; to shake; vibration	11577	5
宣扬	xuān yáng	to publicize; to advertise; to spread far and wide	11582	7
牵扯	qiān chě	to involve; to implicate; to be interrelated	11586	7
显示器	xiǎn shì qì	monitor (computer)	11588	7
斗志	dòu zhì	will to fight; fighting spirit	11589	7
茶叶	chá yè	tea; tea leaves	11593	4
如一	rú yī	consistent; the same; unvarying	11594	6
喝彩	hè cǎi	to acclaim; to cheer	11597	7
致使	zhì shǐ	to cause; to result in	11597	7
学科	xué kē	subject; branch of learning; course	11598	5
凭着	píng zhe	relying on; on the basis of	11599	7
前者	qián zhě	the former	11601	7
序	xù	(bound form) order; sequence; (bound form) introductory; initial; preface	11610	7
埋伏	mái fú	to ambush; to lie in wait for; to lie low	11612	7
感兴趣	gǎn xìng qù	to be interested	11617	4
结算	jié suàn	to settle a bill; to close an account	11617	6
引诱	yǐn yòu	to coerce (sb into doing sth bad); to lure (into a trap); to seduce	11617	7
号召	hào zhào	to call; to appeal	11618	5
格式	gé shì	form; specification; format	11622	7
间隔	jiàn gé	gap; interval; compartment	11622	7
呛	qiàng	to irritate the nose; to choke (of smoke, smell etc); pungent	11625	7
不经意	bù jīng yì	not paying attention; carelessly; by accident	11628	7
调度	diào dù	to dispatch (vehicles, staff etc); to schedule; to manage	11631	7
看台	kàn tái	terrace; spectator's grandstand; viewing platform	11632	7
燃油	rán yóu	fuel oil	11633	7
审视	shěn shì	to look closely at; to examine	11636	7
半数	bàn shù	half the number; half	11646	7
表彰	biǎo zhāng	to honor; to commend; to cite (in dispatches)	11646	7
前夕	qián xī	eve; the day before	11648	7
过瘾	guò yǐn	to satisfy a craving; to get a kick out of sth; gratifying	11648	7
感想	gǎn xiǎng	impressions; reflections; thoughts	11649	5
入境	rù jìng	to enter a country	11650	7
养活	yǎng huo	to provide for; to keep (animals, a family etc); to raise animals	11652	7
赎	shú	to redeem; to ransom	11652	7
分组	fēn zǔ	to divide into groups; group (formed from a larger group); subgroup	11653	3
抗争	kàng zhēng	to resist; to make a stand and fight (against)	11656	7
得益于	dé yì yú	to benefit from; thanks to	11657	7
照明	zhào míng	lighting; illumination; to light up	11661	7
地质	dì zhì	geology	11668	7
相差	xiāng chà	to differ; discrepancy between	11680	7
友善	yǒu shàn	friendly	11688	7
师范	shī fàn	teacher-training; pedagogical; normal (school, e.g. Beijing Normal University)	11688	7
电网	diàn wǎng	electricity grid; power grid; electrified wire netting	11688	7
邮局	yóu jú	post office	11689	4
出走	chū zǒu	to leave home; to go off; to run away	11691	7
浮现	fú xiàn	to appear before one's eyes; to come into view; to float into appearance	11691	7
兴奋剂	xīng fèn jì	stimulant; doping (in athletics)	11692	7
站立	zhàn lì	to stand; standing; on one's feet	11694	7
惊慌	jīng huāng	to panic; to be alarmed	11695	7
运动会	yùn dòng huì	sports competition	11698	4
测定	cè dìng	to determine (by measuring or surveying)	11704	6
账单	zhàng dān	bill	11708	7
肥料	féi liào	fertilizer; manure	11710	7
执照	zhí zhào	license; permit	11711	7
短缺	duǎn quē	shortage	11712	7
提倡	tí chàng	to promote; to advocate	11719	5
滋润	zī rùn	moist; humid; to moisten	11719	7
菊花	jú huā	chrysanthemum; (slang) anus	11719	7
书写	shū xiě	to write	11723	7
寄托	jì tuō	to entrust (to sb); to place (one's hope, energy etc) in; a thing in which you invest (your hope, energy etc)	11727	7
手术室	shǒu shù shì	operating room	11730	7
歉意	qiàn yì	apology; regret	11732	7
趁着	chènzhe	while	11732	7
报答	bào dá	to repay; to requite	11736	5
灯泡	dēng pào	light bulb; third-wheel or unwanted third party spoiling a couple's date (slang)	11742	7
大都	dà dōu	for the most part; on the whole; also pr. [dà dū]	11743	5
产量	chǎn liàng	output	11743	6
捂	wǔ	to enclose; to cover with the hand (one's eyes, nose or ears); to cover up (an affair)	11743	7
可观	kě guān	considerable; impressive; significant	11746	7
脱落	tuō luò	to drop off; to come off; to lose (hair etc)	11749	7
拿手	ná shǒu	expert in; good at	11750	7
收敛	shōu liǎn	to dwindle; to vanish; to make vanish	11751	7
核桃	hé tao	walnut	11751	7
点评	diǎn píng	to comment; a point by point commentary	11757	7
募捐	mù juān	to solicit contributions; to collect donations	11761	7
治病	zhì bìng	to treat an illness	11762	6
南北	nán běi	north and south; north to south	11763	5
开花	kāi huā	to bloom; to blossom; to flower; (fig.) to burst; to split open; (fig.) to burst with joy	11764	4
傲慢	ào màn	arrogant; haughty	11766	7
登山	dēng shān	to climb a mountain; climbing; mountaineering	11767	4
开阔	kāi kuò	wide; open (spaces); to open up	11767	7
脉搏	mài bó	pulse (both medical and figurative)	11767	7
文献	wén xiàn	document	11770	7
掰	bāi	to break off or break open sth with one's hands; (fig.) to break off (a relationship)	11771	7
夸奖	kuā jiǎng	to praise; to applaud; to compliment	11773	7
选项	xuǎn xiàng	option; alternative; choice; to choose a project	11774	7
阻力	zǔ lì	resistance; drag	11777	7
全方位	quán fāng wèi	all around; omnidirectional; complete	11781	7
车轮	chē lún	wheel	11785	7
盲人	máng rén	blind person	11792	6
潮湿	cháo shī	damp; moist	11797	4
缘分	yuán fèn	fate or chance that brings people together; predestined affinity or relationship; (Budd.) destiny	11799	7
搏斗	bó dòu	to wrestle; to fight; to struggle	11802	7
腐烂	fǔ làn	to rot; to putrefy; (fig.) corrupt	11803	7
足迹	zú jì	footprint; track; spoor	11803	7
请教	qǐng jiào	to ask for guidance; to consult	11806	3
照料	zhào liào	to tend; to take care of sb	11806	7
怨恨	yuàn hèn	to resent; to harbor a grudge against; to loathe	11813	7
粪便	fèn biàn	excrement; feces; night soil	11814	7
冷酷	lěng kù	unfeeling; callous	11816	7
合唱	hé chàng	chorus; to chorus	11816	7
飞跃	fēi yuè	to leap	11816	7
开拓	kāi tuò	to break new ground (for agriculture); to open up (a new seam); to develop (border regions)	11820	7
办事处	bàn shì chù	office; agency	11821	6
讲解	jiǎng jiě	to explain	11822	7
要好	yào hǎo	to be on good terms; to be close friends; striving for self-improvement	11824	6
风筝	fēng zhēng	kite	11824	7
容量	róng liàng	capacity; volume; quantitative (science)	11832	7
怀旧	huái jiù	to feel nostalgic; nostalgia	11833	7
饺子	jiǎo zi	dumpling; pot-sticker	11834	2
神仙	shén xiān	Daoist immortal; supernatural entity; (in modern fiction) fairy, elf, leprechaun etc	11834	7
一连串	yī lián chuàn	a succession of; a series of	11835	7
葬	zàng	to bury (the dead); to inter	11836	7
降温	jiàng wēn	to become cooler; to lower the temperature; cooling	11837	4
逃亡	táo wáng	to flee; flight (from danger); fugitive	11837	7
抽签	chōu qiān	to perform divination with sticks; to draw lots; a ballot (in share dealing)	11841	7
无须	wú xū	need not; not obliged to; not necessarily	11845	7
编写	biān xiě	to compile	11845	7
抛开	pāo kāi	to throw out; to get rid of	11850	7
香肠	xiāng cháng	sausage	11857	5
柔和	róu hé	gentle; soft	11857	7
昆虫	kūn chóng	insect	11860	7
迫害	pò hài	to persecute	11860	7
书包	shū bāo	schoolbag; satchel; bookbag	11861	1
退缩	tuì suō	to shrink back; to cower	11862	7
抽奖	chōu jiǎng	to draw a prize; a lottery; a raffle	11863	4
谅解	liàng jiě	to understand; to make allowances for; understanding	11864	7
补给	bǔ jǐ	supply; replenishment; to replenish	11865	7
颠倒	diān dǎo	to turn upside down; to reverse; back to front	11865	7
无从	wú cóng	not to have access; beyond one's authority or capability; sth one has no way of doing	11867	6
认错	rèn cuò	to admit an error; to acknowledge one's mistake	11871	7
概括	gài kuò	to summarize; to generalize; briefly; in broad outline	11872	4
夜班	yè bān	night shift	11872	7
辛勤	xīn qín	hardworking; industrious	11878	7
传授	chuán shòu	to impart; to pass on; to teach	11883	7
粗暴	cū bào	rough; cruel	11887	7
天线	tiān xiàn	antenna; mast; connection with high-ranking officials	11888	7
伤员	shāng yuán	wounded person	11892	6
皇室	huáng shì	royal family; imperial household; member of the royal family	11898	7
风流	fēng liú	distinguished and accomplished; outstanding; talented in letters and unconventional in lifestyle	11898	7
餐饮	cān yǐn	food and beverage; catering; repast	11900	5
海峡	hǎi xiá	strait; channel	11906	7
主宰	zhǔ zǎi	to dominate; to rule; to dictate	11908	7
光顾	guāng gù	to visit (as a customer)	11909	7
孙女	sūn nǚ	son's daughter; granddaughter	11910	4
成天	chéng tiān	(coll.) all day long; all the time	11910	7
疑虑	yí lǜ	hesitation; misgivings; doubt	11913	7
情不自禁	qíng bù zì jīn	unable to restrain emotions; cannot help	11914	7
苏醒	sū xǐng	to come to; to awaken; to regain consciousness	11918	7
解雇	jiě gù	to fire; to sack; to dismiss	11919	7
隐患	yǐn huàn	a danger concealed within sth; hidden damage; misfortune not visible from the surface	11919	7
郑重	zhèng zhòng	serious; solemn; earnest	11923	7
建筑师	jiàn zhù shī	architect	11925	7
坦率	tǎn shuài	frank (discussion); blunt; open	11926	7
烈士	liè shì	martyr	11928	7
大巴	dà bā	(coll.) large bus; coach; (abbr. for 大型巴士)	11932	4
笼子	lóng zi	cage; basket; container	11933	7
逃生	táo shēng	to flee for one's life	11935	7
阐述	chǎn shù	to expound (a position); to elaborate (on a topic); to treat (a subject)	11936	7
垃圾桶	lā jī tǒng	rubbish bin; trash can; garbage can	11938	4
喜好	xǐ hào	to like; fond of; to prefer	11945	7
均匀	jūn yún	even; well-distributed; homogeneous	11945	7
轮廓	lún kuò	an outline; silhouette	11945	7
起源	qǐ yuán	origin; to originate; to come from	11950	7
夜总会	yè zǒng huì	nightclub; nightspot	11951	7
蒜	suàn	garlic	11954	7
舍得	shě de	to be willing to part with sth	11956	5
树叶	shù yè	tree leaves	11962	4
门槛	mén kǎn	doorstep; sill; threshold	11962	7
火柴	huǒ chái	match (for lighting fire)	11966	5
晚期	wǎn qī	later period; end stage; terminal	11966	7
倒闭	dǎo bì	to go bankrupt; to close down	11967	4
妥善	tuǒ shàn	appropriate; proper	11968	7
痴呆	chī dāi	imbecility; dementia	11973	7
一无所知	yī wú suǒ zhī	not knowing anything at all (idiom); completely ignorant; without an inkling	11975	7
试探	shì tàn	to sound out; to probe; to feel out	11980	7
壮大	zhuàng dà	to expand; to strengthen	11982	7
骚乱	sāo luàn	disturbance; riot; to create a disturbance	11988	7
收据	shōu jù	receipt	11991	7
影迷	yǐng mí	film enthusiast; movie fan	11993	6
底层	dǐ céng	ground or first floor; bottom (of a pile); lowest rung (of society)	11996	7
坚固	jiān gù	firm; firmly; hard	11999	4
耳环	ěr huán	earring	11999	6
自以为是	zì yǐ wéi shì	to believe oneself infallible (idiom); to be opinionated	12001	7
颁布	bān bù	to issue; to proclaim; to enact (laws, decrees etc)	12004	7
钩子	gōu zi	hook	12005	7
饲养	sì yǎng	to raise; to rear	12011	7
高价	gāo jià	high price	12015	4
诚恳	chéng kěn	sincere; honest; cordial	12015	7
假定	jiǎ dìng	to assume; to suppose; supposed	12020	7
女婿	nǚ xu	daughter's husband; son-in-law	12022	7
匿名	nì míng	anonymous	12030	7
凝聚	níng jù	to condense; to coagulate; coacervation (i.e. form tiny droplets)	12032	7
兴起	xīng qǐ	to rise; to spring up; to burgeon	12036	7
转机	zhuǎn jī	(to take) a turn for the better; to change planes	12036	7
编制	biān zhì	to weave; to plait; to compile	12038	6
宽敞	kuān chang	spacious; wide	12046	7
为期	wéi qī	(to be done) by (a certain date); lasting (a certain time)	12047	5
面貌	miàn mào	face; features; appearance; look	12053	5
恩怨	ēn yuàn	gratitude and grudges; resentment; grudges	12053	7
冷水	lěng shuǐ	cold water; unboiled water; fig. not yet ready (of plans)	12054	6
专程	zhuān chéng	specifically; specially (for that purpose)	12055	7
南极	nán jí	south pole	12056	5
冷笑	lěng xiào	to sneer; to laugh grimly; grin of dissatisfaction (bitterness, helplessness, indignation etc)	12056	7
分红	fēn hóng	dividend; to award a bonus	12056	7
预示	yù shì	to indicate; to foretell; to forebode	12060	7
奔波	bēn bō	to rush about; to be constantly on the move	12069	7
备份	bèi fèn	backup	12070	6
偏僻	piān pì	remote; desolate; far from the city	12070	7
多亏	duō kuī	thanks to; luckily	12071	7
真空	zhēn kōng	vacuum	12073	7
亲身	qīn shēn	personal; oneself	12076	7
小提琴	xiǎo tí qín	fiddle; violin	12077	7
原型	yuán xíng	model; prototype; archetype	12078	7
核对	hé duì	to check; to verify; to audit	12081	7
坟	fén	grave; tomb; embankment	12094	7
前不久	qián bù jiǔ	not long ago; not long before	12096	7
领悟	lǐng wù	to understand; to comprehend	12096	7
安抚	ān fǔ	to placate; to pacify; to appease	12099	7
塑料袋	sù liào dài	plastic bag	12101	4
四季	sì jì	four seasons, namely: spring 春, summer 夏, autumn 秋 and winter 冬	12112	7
废除	fèi chú	to abolish; to abrogate; to repeal	12112	7
扣除	kòu chú	to deduct	12116	7
素材	sù cái	source material (in literature and art)	12118	7
镇压	zhèn yā	suppression; repression; to suppress	12119	6
催眠	cuī mián	hypnosis	12124	7
伺候	cì hou	to serve; to wait upon	12125	7
丢弃	diū qì	to discard; to abandon	12126	7
出人意料	chū rén yì liào	unexpected (idiom); surprising	12127	7
掏钱	tāo qián	to pay; to spend money; to fork out	12130	7
大妈	dà mā	father's elder brother's wife; aunt (affectionate term for an elderly woman)	12138	4
随手	suí shǒu	conveniently; without extra trouble; while doing it	12138	4
用处	yòng chu	usefulness	12143	6
鼻涕	bí tì	nasal mucus; snivel; snot	12144	7
融洽	róng qià	harmonious; friendly relations; on good terms with one another	12145	7
搭乘	dā chéng	to ride as a passenger; to travel by (car, plane etc)	12146	7
切割	qiē gē	to cut	12148	7
潜能	qián néng	potential; hidden capability	12154	7
徒步	tú bù	to be on foot	12160	7
海域	hǎi yù	sea area; territorial waters; maritime space	12160	7
小学生	xiǎo xué shēng	primary school student; schoolchild; (fig.) beginner	12165	1
纪录片	jì lù piàn	newsreel; documentary (film or TV program)	12167	7
汗水	hàn shuǐ	sweat; perspiration	12168	7
邮政	yóu zhèng	postal service; postal	12169	7
天桥	tiān qiáo	Tianqiao district of Jinan city 济南市, Shandong; Tianqiao district in Beijing, formerly a center of folk culture	12172	7
姥姥	lǎo lao	(coll.) mother's mother; maternal grandmother	12173	7
迁	qiān	to move; to shift; to change (a position or location etc)	12173	7
拼搏	pīn bó	to struggle; to wrestle	12182	7
化解	huà jiě	to dissolve; to resolve (contradictions); to dispel (doubts)	12188	6
完好	wán hǎo	intact; in good condition	12191	7
离职	lí zhí	to leave one's job temporarily (e.g. for study); to leave one's job; to resign	12191	7
输送	shū sòng	to transport; to convey; to deliver	12191	7
任期	rèn qī	term of office; tenure (entire period in office)	12192	7
功效	gōng xiào	efficacy	12192	7
围墙	wéi qiáng	perimeter wall; fence	12193	7
好歹	hǎo dǎi	good and bad; most unfortunate occurrence; in any case	12195	7
凸	tū	to stick out; protruding; convex	12197	7
航海	háng hǎi	to sail the seas; maritime navigation; voyage	12200	7
排行榜	pái háng bǎng	the charts (of best-sellers); table of ranking	12201	6
年底	nián dǐ	the end of the year; year-end	12203	3
美满	měi mǎn	happy; blissful	12203	7
绽放	zhàn fàng	to blossom	12206	7
口头	kǒu tóu	oral; verbal	12208	7
桔子	jú zi	tangerine; also written 橘子	12210	5
法制	fǎ zhì	legal system and institutions	12210	5
转型	zhuǎn xíng	to undergo fundamental change; to transition; to transform; to update (to a new model of product)	12211	7
埋葬	mái zàng	to bury	12213	6
暴躁	bào zào	irascible; irritable; violent	12213	7
协同	xié tóng	to cooperate; in coordination with; coordinated	12214	7
痴迷	chī mí	infatuated; obsessed	12223	7
紧接着	jǐn jiē zhe	immediately afterwards; shortly after that	12224	7
初衷	chū zhōng	original intention	12228	7
丝绸	sī chóu	silk cloth; silk	12230	7
转告	zhuǎn gào	to pass on; to communicate; to transmit	12234	4
带动	dài dòng	to spur; to provide impetus; to drive	12235	3
配偶	pèi ǒu	spouse	12235	7
中立	zhōng lì	neutral; neutrality	12236	7
好奇心	hào qí xīn	interest in sth; curiosity; inquisitive	12237	7
延误	yán wu	to delay; to be held up; to miss (an opportunity)	12237	7
灭绝	miè jué	to become extinct; to die out; to lose (sth abstract) completely; to exterminate	12237	7
截然不同	jié rán bù tóng	entirely different; different as black and white	12240	7
入场	rù chǎng	to enter the venue for a meeting; to enter into an examination; to enter a stadium, arena etc	12245	7
就读	jiù dú	to go to school	12245	7
容纳	róng nà	to hold; to contain; to accommodate	12247	7
无条件	wú tiáo jiàn	unconditional	12248	7
言行	yán xíng	words and actions; what one says and what one does	12249	7
老远	lǎo yuǎn	very far away	12250	7
母女	mǔ nǚ	mother and daughter; mother-daughter	12255	6
开动	kāi dòng	to start; to set in motion; to move	12257	7
揽	lǎn	to monopolize; to seize; to take into one's arms; to embrace; to fasten (with a rope etc)	12258	7
体能	tǐ néng	physical capability; stamina	12260	7
爪子	zhuǎ zi	(animal's) claw	12261	7
饭碗	fàn wǎn	rice bowl; fig. livelihood; job	12261	7
公然	gōng rán	openly; publicly; undisguised	12264	7
洗礼	xǐ lǐ	baptism (lit. or fig.)	12267	7
一回事	yī huí shì	one and the same (thing); one thing (as distinct from another)	12272	7
勇于	yǒng yú	to dare to; to be brave enough to	12276	7
扣押	kòu yā	to detain; to hold in custody; to distrain	12278	7
团长	tuán zhǎng	regimental command; head of a delegation; group buy organizer; group-buying coordinator	12279	5
富豪	fù háo	rich and powerful person	12279	7
日夜	rì yè	day and night; around the clock	12281	6
反思	fǎn sī	to think back over sth; to review; to revisit	12288	7
洞穴	dòng xué	cave; cavern	12289	6
胀	zhàng	to swell; dropsical; swollen; bloated	12289	7
要害	yào hài	vital part; (fig.) key point; crucial	12297	7
调皮	tiáo pí	naughty; mischievous; unruly	12299	4
坚实	jiān shí	firm and substantial; solid	12299	7
醒目	xǐng mù	eye-grabbing (headline); striking (illustration)	12299	7
组装	zǔ zhuāng	to assemble; to put together	12300	7
向来	xiàng lái	always (previously)	12301	7
城区	chéng qū	city district; urban area	12302	6
投机	tóu jī	to speculate (on financial markets); opportunistic; congenial	12302	7
麦克风	mài kè fēng	microphone (loanword)	12308	5
打通	dǎ tōng	to open access; to establish contact; to remove a block	12313	7
大批	dà pī	large quantities of	12318	6
黄昏	huáng hūn	dusk; evening; nightfall	12318	7
外边	wài bian	outside; outer surface; abroad	12319	1
公元	gōng yuán	CE (Common Era); Christian Era; AD (Anno Domini)	12319	4
流量	liú liàng	flow rate; throughput of passengers; volume of traffic; (hydrology) discharge; data traffic; network traffic; website traffic; mobile data	12321	7
戒烟	jiè yān	to give up smoking	12322	7
交付	jiāo fù	to hand over; to deliver	12326	7
展望	zhǎn wàng	outlook; prospect; to look ahead	12326	7
有所不同	yǒu suǒ bù tóng	to differ to some extent (idiom)	12326	7
情结	qíng jié	complex (psychology)	12330	7
知名度	zhī míng dù	reputation; profile; familiarity in the public consciousness	12332	7
仪表	yí biǎo	appearance; bearing; meter (i.e. measuring instrument)	12333	7
庄严	zhuāng yán	solemn; dignified; stately	12335	7
正如	zhèng rú	just as; precisely as	12338	5
厂商	chǎng shāng	manufacturer; producer	12339	6
蹬	dēng	to step on; to tread on; to wear (shoes)	12339	7
高原	gāo yuán	plateau	12340	5
集结	jí jié	to assemble; to concentrate; to mass	12340	7
套餐	tào cān	set meal; (fig.) product or service package (e.g. for a cell phone subscription)	12344	4
主人公	zhǔ rén gōng	hero (of a novel or film); main protagonist	12344	7
冷淡	lěng dàn	cold; indifferent	12345	7
图表	tú biǎo	chart; diagram	12345	7
吉祥物	jí xiáng wù	mascot	12347	7
草案	cǎo àn	draft (legislation, proposal etc)	12348	7
取暖	qǔ nuǎn	to warm oneself (by a fire etc)	12354	7
过关	guò guān	to cross a barrier; to get through (an ordeal); to pass (a test)	12355	7
所作所为	suǒ zuò suǒ wéi	one's conduct and deeds	12356	7
交警	jiāo jǐng	traffic police (abbr. for 察)	12361	3
珍藏	zhēn cáng	a collection of rare and valuable items; to collect (such items)	12362	7
抵御	dǐ yù	to resist; to withstand	12366	7
失利	shī lì	to lose; to suffer defeat	12367	7
安稳	ān wěn	steady; stable; sedate; calm; (of sleep) sound; (of a transition) smooth	12368	7
扑克	pū kè	poker (game) (loanword); playing cards	12368	7
流露	liú lù	to reveal (indirectly, implicitly); to show (interest, contempt etc) by means of one's actions, tone of voice etc	12368	7
别看	bié kàn	don't be fooled by the fact that	12369	7
冤枉	yuān wang	to accuse wrongly; to treat unjustly; injustice	12372	7
信贷	xìn dài	credit; borrowed money	12373	7
生机	shēng jī	opportunity to live; to reprieve from death; life force	12377	7
陷害	xiàn hài	to entrap; to set up; to frame (up)	12379	6
考核	kǎo hé	to examine; to check up on; to assess	12382	5
追溯	zhuī sù	lit. to go upstream; to trace sth back to; to date from	12382	7
体谅	tǐ liàng	to empathize; to allow (for sth); to show understanding	12385	7
自卫	zì wèi	to defend oneself; self-defense	12386	7
食欲	shí yù	appetite	12389	6
自责	zì zé	to blame oneself	12389	7
风雨	fēng yǔ	wind and rain; the elements; (fig.) trials and hardships	12392	7
尾声	wěi shēng	coda; epilogue; end	12403	7
瓷器	cí qì	chinaware; porcelain	12404	7
一举	yī jǔ	a move; an action; in one move	12406	7
聋	lóng	deaf	12408	7
起义	qǐ yì	uprising; insurrection; revolt	12413	6
脸颊	liǎn jiá	cheek	12415	7
惊醒	jīng xǐng	to rouse; to be woken by sth; to wake with a start	12419	7
破灭	pò miè	to be shattered; to be annihilated (of hope, illusions etc)	12424	7
藏身	cáng shēn	to hide; to go into hiding; to take refuge	12426	7
祖母	zǔ mǔ	father's mother; paternal grandmother	12428	6
高山	gāo shān	high mountain; alpine mountain	12430	7
布满	bù mǎn	to be covered with; to be filled with	12437	6
缓和	huǎn hé	to ease (tension); to alleviate; to moderate	12437	7
戒备	jiè bèi	to take precautions; to guard against (emergency)	12438	7
芽	yá	bud; sprout	12443	7
报销	bào xiāo	to submit an expense account; to apply for reimbursement; to write off	12447	7
日后	rì hòu	sometime; someday (in the future)	12451	7
严禁	yán jìn	to strictly prohibit	12452	7
寿司	shòu sī	sushi	12454	5
物业	wù yè	property; real estate	12455	5
皇宫	huáng gōng	imperial palace	12458	7
健身房	jiàn shēn fáng	gym; gymnasium	12463	5
绣	xiù	to embroider; embroidery	12463	7
正宗	zhèng zōng	orthodox school; fig. traditional; old school	12466	7
结晶	jié jīng	to crystallize; crystallization; crystal	12467	7
嘉年华	jiā nián huá	carnival (loanword)	12476	7
想方设法	xiǎng fāng shè fǎ	to think up every possible method (idiom); to devise ways and means; to try this, that and the other	12483	7
范畴	fàn chóu	category	12483	7
索赔	suǒ péi	to ask for compensation; to claim damages; claim for damages	12486	7
自负	zì fù	conceited; to take responsibility	12486	7
逼近	bī jìn	to press on towards; to close in on; to approach	12487	7
违章	wéi zhāng	to break the rules; to violate regulations	12488	7
牢记	láo jì	to keep in mind; to remember	12490	7
劳动力	láo dòng lì	labor force; manpower	12496	7
特制	tè zhì	special; unique	12498	7
分担	fēn dān	to share (a burden, a cost, a responsibility)	12501	7
车位	chē wèi	parking spot; unloading point; garage place	12501	7
手艺	shǒu yì	craftmanship; workmanship; handicraft	12504	7
计时	jì shí	to measure time; to time; to reckon by time	12504	7
追问	zhuī wèn	to question closely; to investigate in detail; to examine minutely	12504	7
双向	shuāng xiàng	bidirectional; two-way; interactive	12505	7
危及	wēi jí	to endanger; to jeopardize; a danger (to life, national security etc)	12509	7
剃	tì	shave; to weed	12514	7
芭蕾	bā lěi	ballet (loanword)	12522	7
阴暗	yīn àn	dim; dark; overcast	12522	7
不予	bùyǔ	to withhold, to refuse	12523	7
堡垒	bǎo lěi	fort	12525	7
僵	jiāng	rigid; deadlock; stiff (corpse)	12528	7
敲诈	qiāo zhà	to rip off; to extort (money); extortion	12532	7
领会	lǐng huì	to understand; to comprehend; to grasp	12532	7
举措	jǔ cuò	move; act; measure	12534	7
美德	měi dé	USA and Germany	12541	7
欢快	huān kuài	cheerful and lighthearted; lively	12547	7
游览	yóu lǎn	to go sightseeing; to tour; to visit	12549	7
参照	cān zhào	to consult a reference; to refer to (another document)	12553	7
蜜月	mì yuè	honeymoon	12555	7
摇摆	yáo bǎi	to sway; to wobble; to waver	12557	7
优越	yōu yuè	superior; superiority	12558	7
下一代	xià yī dài	the next generation	12563	7
抽象	chōu xiàng	abstract; abstraction	12568	7
开朗	kāi lǎng	spacious and well-lit; open and clear; (of character) optimistic	12573	7
悠久	yōu jiǔ	long (tradition, history etc)	12577	7
哨	shào	a whistle; sentry	12583	6
受害	shòu hài	to suffer damage, injury etc; damaged; injured	12583	7
危急	wēi jí	critical; desperate (situation)	12584	7
制订	zhì dìng	to work out; to formulate	12587	4
外观	wài guān	outward appearance	12593	6
着迷	zháo mí	to be fascinated; to be captivated	12593	7
采纳	cǎi nà	to accept; to adopt	12604	6
复原	fù yuán	to restore (sth) to (its) former condition; to recover from illness; recovery	12604	7
随即	suí jí	immediately; presently; following which	12608	7
做主	zuò zhǔ	see 主	12610	6
字眼	zì yǎn	wording	12610	7
通缉	tōng jī	to order the arrest of sb as criminal; to list as wanted	12618	7
文凭	wén píng	diploma	12620	7
小路	xiǎo lù	minor road; lane; pathway	12622	7
分工	fēn gōng	to divide up the work; division of labor	12623	6
捎	shāo	to bring sth to sb; to deliver	12623	7
总额	zǒng é	total (amount or value)	12628	7
无非	wú fēi	only; nothing else	12628	7
启程	qǐ chéng	to set out on a journey	12630	6
提拔	tí bá	to promote to a higher job; to select for promotion	12631	7
趁机	chèn jī	to seize an opportunity; to take advantage of situation	12640	7
劝说	quàn shuō	to persuade; persuasion; to advise	12642	7
随心所欲	suí xīn suǒ yù	to follow one's heart's desires; to do as one pleases (idiom)	12643	7
皮革	pí gé	leather	12646	6
陆续	lù xù	in turn; successively; one after the other	12648	4
绰号	chuò hào	nickname	12648	7
率先	shuài xiān	to take the lead; to show initiative	12655	4
哑	yǎ	mute; dumb; incapable of speech; (of a voice) hoarse; husky; (of a bullet, bomb etc) dud	12656	7
图纸	tú zhǐ	blueprint; drawing; design plans	12662	7
矣	yǐ	classical final particle, similar to modern 了	12662	7
病床	bìng chuáng	hospital bed; sickbed	12666	7
观望	guān wàng	to wait and see; to watch from the sidelines; to look around	12670	7
告诫	gào jiè	to warn; to admonish	12672	7
妖怪	yāo guài	monster; devil	12672	7
影星	yǐng xīng	film star	12675	6
政党	zhèng dǎng	political party	12675	6
历经	lì jīng	to experience; to go through	12690	7
译	yì	to translate; to interpret	12694	7
商讨	shāng tǎo	to discuss; to deliberate	12695	7
凶残	xiōng cán	savage; cruel; fierce	12697	7
口香糖	kǒu xiāng táng	chewing gum	12699	7
绞	jiǎo	to twist (strands into a thread); to entangle; to wring	12700	7
踪迹	zōng jì	tracks; trail; footprint	12702	6
受贿	shòu huì	to accept a bribe	12703	7
沉思	chén sī	to contemplate; to ponder; contemplation	12703	7
中学生	zhōng xué shēng	middle-school student; high school student	12707	1
内存	nèi cún	internal storage; computer memory; random access memory (RAM)	12710	7
参军	cān jūn	to join the army	12716	7
热潮	rè cháo	upsurge; popular craze	12716	7
精密	jīng mì	accuracy; exact; precise	12720	6
对立	duì lì	to oppose; to set sth against; to be antagonistic to	12725	5
阔	kuò	rich; wide; broad	12727	6
科幻	kē huàn	science fiction	12729	7
质问	zhì wèn	to question; to ask questions; to inquire	12730	7
掠夺	lu:è duó	to plunder; to rob	12733	7
剥削	bō xuē	to exploit; exploitation	12734	7
厂家	chǎng jiā	factory; manufacturer; (coll.) a factory owner; the factory management	12737	7
编造	biān zào	to compile; to draw up; to fabricate	12743	7
坦然	tǎn rán	calm; undisturbed	12753	7
间断	jiàn duàn	disconnected; interrupted; suspended	12754	7
跳水	tiào shuǐ	to dive (into water); (sports) diving; to commit suicide by jumping into water	12755	6
细腻	xì nì	exquisite; meticulous	12755	7
推行	tuī xíng	to put into effect; to carry out	12757	5
跟不上	gēn bu shàng	not able to keep up with	12757	7
话筒	huà tǒng	microphone; (telephone) receiver; handset	12761	7
试卷	shì juàn	examination paper; test paper	12765	4
控告	kòng gào	to accuse; to charge; to indict	12765	7
加深	jiā shēn	to deepen	12768	7
钟头	zhōng tóu	hour	12772	6
晋升	jìn shēng	to promote to a higher position	12778	7
蜡	là	candle; wax	12778	7
典范	diǎn fàn	model; example; paragon	12781	7
隐身	yǐn shēn	to hide oneself; invisible (person or online status)	12784	7
台球	tái qiú	billiards	12794	7
代表团	dài biǎo tuán	delegation	12795	3
冰雪	bīng xuě	ice and snow	12795	4
互助	hù zhù	Huzhu Tuzu autonomous county in Haidong prefecture 海东地区, Qinghai	12798	7
溶解	róng jiě	to dissolve	12802	7
调研	diào yán	to investigate and research; research; investigation	12805	6
丰收	fēng shōu	bumper harvest	12806	5
划算	huá suàn	to calculate; to weigh (pros and cons); to view as profitable	12808	7
水产品	shuǐ chǎn pǐn	aquatic products (including fish, crabs, seaweed etc)	12812	5
栏目	lán mù	regular column or segment (in a publication or broadcast program); program (TV or radio)	12813	6
矫正	jiǎo zhèng	to correct; to rectify (e.g. a physical defect such as hearing or vision); to cure	12817	7
疏忽	shū hu	to neglect; to overlook; negligence	12839	7
执着	zhí zhuó	to be strongly attached to; to be dedicated; to cling to	12841	7
半岛	bàn dǎo	peninsula	12843	7
脑筋	nǎo jīn	brains; mind; head	12845	7
胆小	dǎn xiǎo	cowardice; timid	12847	5
开机	kāi jī	to start an engine; to boot up (a computer); to press Ctrl-Alt-Delete	12848	2
本子	běn zi	book; notebook; Japanese-style self-published comic (esp. an erotic one), aka "dōjinshi"	12849	1
牙刷	yá shuā	toothbrush	12849	4
粉末	fěn mò	fine powder; dust	12853	6
衰退	shuāi tuì	to decline; to fall; to drop	12859	7
结识	jié shí	to get to know sb; to meet sb for the first time	12861	7
田径	tián jìng	track and field (athletics)	12862	6
缺失	quē shī	lack; deficiency; shortcoming; flaw; defect; to be deficient; to lack	12865	7
呻吟	shēn yín	to moan; to groan	12867	6
号称	hào chēng	to be known as; to be nicknamed; to be purportedly	12869	7
讨价还价	tǎo jià huán jià	to haggle over price; to bargain	12869	7
流淌	liú tǎng	to flow	12874	7
雕刻	diāo kè	to carve; to engrave; carving	12877	7
奏效	zòu xiào	to show results; to be effective	12887	7
挥霍	huī huò	to squander money; extravagant; prodigal	12889	6
主权	zhǔ quán	sovereignty	12890	7
干部	gàn bù	cadre; official; officer	12896	7
脱身	tuō shēn	to get away; to escape (from obligations); to free oneself	12896	7
构建	gòu jiàn	to construct (sth abstract)	12897	6
恼火	nǎo huǒ	annoyed; riled; vexed	12898	6
趣味	qù wèi	fun; interest; delight; taste; liking; preference	12898	7
归宿	guī sù	place to return to; home; final destination	12905	7
凳子	dèng zi	stool; small seat	12912	7
争端	zhēng duān	dispute; controversy; conflict	12915	7
枯燥	kū zào	dry and dull; uninteresting; dry-as-dust	12915	7
马力	mǎ lì	horsepower	12915	7
解说	jiě shuō	to explain (verbally); to give a running commentary	12917	6
人道	rén dào	human sympathy; humanitarianism; humane	12917	7
影视	yǐng shì	movies and television	12925	3
一口气	yī kǒu qì	one breath; in one breath; at a stretch	12928	5
明朗	míng lǎng	bright; clear; obvious	12931	7
不屑	bù xiè	to disdain to do sth; to think sth not worth doing; to feel it beneath one's dignity	12937	7
叛逆	pàn nì	to rebel; to revolt; a rebel	12939	7
一眼	yī yǎn	a glance; a quick look; a glimpse	12941	7
辨别	biàn bié	to distinguish; to differentiate; to discern; to recognize; to tell	12941	7
方言	fāng yán	topolect; dialect	12942	7
铭记	míng jì	to engrave in one's memory	12942	7
确立	què lì	to establish; to institute	12943	5
应聘	yìng pìn	to accept a job offer; to apply for an advertised position	12946	7
责备	zé bèi	to blame; to criticize; condemnation	12948	7
严谨	yán jǐn	rigorous; strict; careful; (of writing) well organized; meticulous	12950	7
奢望	shē wàng	an extravagant hope; to have excessive expectations	12950	7
丰盛	fēng shèng	rich; sumptuous	12952	7
申办	shēn bàn	to apply for; to bid for	12953	7
庄园	zhuāng yuán	manor; feudal land; villa and park	12957	7
茅台	máo tái	Maotai town in Renhuai county, Guizhou; Maotai liquor 茅台酒	12959	7
酒鬼	jiǔ guǐ	drunkard	12960	5
冲刺	chōng cì	(sports) to sprint; to spurt; to dash; to put in a big effort to achieve a goal as the deadline approaches	12963	7
刻苦	kè kǔ	hardworking; assiduous	12964	7
后勤	hòu qín	logistics	12965	7
往日	wǎng rì	former days; the past	12966	7
老化	lǎo huà	(of a person, population or material) to age; (of knowledge) to become outdated	12970	7
议程	yì chéng	agenda; agenda item	12971	7
晒太阳	shài tài yáng	to be in the sun (getting warm or sunbathing etc); to put sth in the sun (e.g. to dry it)	12972	7
敬佩	jìng pèi	to esteem; to admire	12979	7
宽恕	kuān shù	to forgive; forgiveness	12980	7
热衷	rè zhōng	to feel strongly about; to be fond of; obsession	12985	7
知己	zhī jǐ	to know oneself; to be intimate or close; intimate friend	12989	7
单调	dān diào	monotonous	12994	4
捣乱	dǎo luàn	to disturb; to look for trouble; to stir up a row	12996	7
改名	gǎi míng	to change one's name	12996	7
星期日	xīng qī rì	Sunday	12997	1
公共场所	gōng gòng chǎng suǒ	public place	12998	7
堪称	kān chēng	can be rated as; can be said to be	13001	7
过早	guò zǎo	premature; untimely; (dialect) to have breakfast; breakfast	13005	7
着实	zhuó shí	truly; indeed; severely	13006	7
淹	yān	to flood; to submerge; to drown	13011	7
优异	yōu yì	exceptional; outstandingly good	13012	7
媳妇	xí fù	daughter-in-law; wife (of a younger man); young married woman	13013	7
腹泻	fù xiè	diarrhea; to have the runs	13015	7
劣势	liè shì	inferior; disadvantaged	13022	7
超速	chāo sù	to exceed the speed limit; to speed; high-speed	13022	7
胶囊	jiāo náng	(pharm.) capsule	13025	7
逼迫	bī pò	to force; to compel; to coerce	13026	7
喂养	wèi yǎng	to feed (a child, domestic animal etc); to keep; to raise (an animal)	13029	7
溢	yì	to overflow; (literary) excessive	13031	7
运河	yùn hé	canal	13041	7
不得已	bù dé yǐ	to act against one's will; to have no alternative but to; to have to	13044	7
框架	kuàng jià	(construction) frame; (fig.) framework	13045	7
北极	běi jí	the North Pole; the Arctic Pole; the north magnetic pole	13047	5
复兴	fù xīng	Fuxing district of Handan city 邯郸市, Hebei; Fuxing or Fuhsing township in Taoyuan county 桃园县, north Taiwan	13050	7
巅峰	diān fēng	summit; apex; pinnacle (of one's career etc)	13050	7
断定	duàn dìng	to conclude; to determine; to come to a judgment	13050	7
风趣	fēng qù	charm; humor; wit	13057	7
课本	kè běn	textbook	13062	1
曲折	qū zhé	winding; (fig.) complicated	13065	7
搁	gē	to place; to put aside; to shelve	13072	7
离奇	lí qí	odd; bizarre	13073	7
除夕	chú xī	lunar New Year's Eve	13074	5
博览会	bó lǎn huì	exposition; international fair	13075	5
复查	fù chá	to check again; to re-examine	13076	7
王牌	wáng pái	trump card	13076	7
养成	yǎng chéng	to cultivate; to raise; to form (a habit)	13078	4
儿科	ér kē	pediatrics	13080	6
变质	biàn zhì	to degenerate; to deteriorate; (of food) to go bad; to go off; (geology) metamorphism	13083	7
施行	shī xíng	to put in place; to put into practice; to take effect	13094	7
停车位	tíng chē wèi	parking space; parking spot	13096	7
贵重	guì zhòng	precious	13098	7
管子	guǎn zi	tube; pipe; drinking straw	13105	7
混淆	hùn xiáo	to obscure; to confuse; to mix up	13106	7
看得见	kàn dé jiàn	can see; visible	13107	6
盛会	shèng huì	pageant; distinguished meeting	13107	7
投稿	tóu gǎo	to submit articles for publication; to contribute (writing)	13109	7
矿泉水	kuàng quán shuǐ	mineral water	13110	4
捆绑	kǔn bǎng	to bind	13111	6
动听	dòng tīng	pleasant to listen to	13115	7
惊险	jīng xiǎn	perilous; touch-and-go; nerve-racking; suspenseful	13115	7
急剧	jí jù	rapid; sudden	13117	7
迎合	yíng hé	to cater to; to pander to	13117	7
厌烦	yàn fán	bored; fed up with sth; sick of sth	13120	7
交涉	jiāo shè	to negotiate (with); to have dealings (with)	13121	7
均衡	jūn héng	equal; balanced; harmony	13122	7
教科书	jiào kē shū	textbook	13123	7
本意	běn yì	original idea; real intention; etymon	13124	7
锋利	fēng lì	sharp (e.g. knife blade); incisive; to the point	13125	6
思索	sī suǒ	to think deeply; to ponder	13129	7
二氧化碳	èr yǎng huà tàn	carbon dioxide CO2	13139	7
夸大	kuā dà	to exaggerate	13143	7
编织	biān zhī	to weave; to knit; to plait; to braid; (fig.) to create (sth abstract, e.g. a dream, a lie etc)	13145	6
改良	gǎi liáng	to improve (sth); to reform (a system)	13145	7
渔船	yú chuán	fishing boat	13146	7
驻扎	zhù zhā	to station; to garrison (troops)	13157	6
歌星	gē xīng	singing star; famous singer	13160	6
盟友	méng yǒu	ally	13164	7
急切	jí qiè	eager; impatient	13165	6
正视	zhèng shì	to face squarely; to meet head on; to face up to	13172	7
投身	tóu shēn	to throw oneself into sth	13174	7
网吧	wǎng bā	Internet café	13175	6
游戏机	yóu xì jī	video game machine; video game console	13177	6
重任	zhòng rèn	heavy responsibility	13187	7
挤压	jǐ yā	to squeeze; to press; to extrude	13189	7
施加	shī jiā	to exert (effort or pressure)	13190	7
处分	chǔ fèn	to discipline sb; to punish; disciplinary action	13191	5
得手	dé shǒu	to go smoothly; to come off; to succeed	13194	7
镶	xiāng	to inlay; to embed; ridge	13195	7
打针	dǎ zhēn	to give or have an injection	13196	4
私自	sī zì	private; personal; secretly; without explicit approval	13196	7
兼顾	jiān gù	to attend simultaneously to two or more things; to balance (career and family, family and education etc)	13197	7
水域	shuǐ yù	waters; body of water	13197	7
配音	pèi yīn	dubbing (filmmaking)	13200	7
宏伟	hóng wěi	grand; imposing; magnificent	13202	7
高低	gāo dī	height; altitude (aviation); pitch (music)	13202	7
自然而然	zì rán ér rán	involuntary; automatically	13203	7
精髓	jīng suǐ	marrow; pith; quintessence	13207	7
过剩	guò shèng	to be excessive; to be more than is required	13207	7
长寿	cháng shòu	longevity; long-lived	13208	5
改动	gǎi dòng	to alter; to modify; to revise	13209	7
惦记	diàn jì	to think of; to keep thinking about; to be concerned about	13212	7
岛屿	dǎo yǔ	island	13216	7
茫茫	máng máng	boundless; vast and obscure	13223	6
敏捷	mǐn jié	nimble; quick; shrewd	13225	7
禁忌	jìn jì	taboo; contraindication (medicine); to abstain from	13229	7
脚印	jiǎo yìn	footprint	13231	6
流入	liú rù	to flow into; to drift into; influx	13234	7
新奇	xīn qí	novel; new; exotic	13235	7
小气	xiǎo qì	stingy; miserly; narrow-minded	13236	7
接连	jiē lián	on end; in a row; in succession	13237	5
越发	yuè fā	increasingly; more and more; ever more	13246	7
进而	jìn ér	and then (what follows next)	13257	7
炭	tàn	wood charcoal; coal	13259	7
简化	jiǎn huà	to simplify	13261	7
诚信	chéng xìn	genuine; honest; in good faith	13265	4
针灸	zhēn jiǔ	acupuncture and moxibustion; to give or have acupuncture and moxibustion	13266	7
窗子	chuāng zi	window	13267	4
懒惰	lǎn duò	idle; lazy	13267	7
柴油	chái yóu	diesel fuel	13271	6
殖民地	zhí mín dì	colony	13271	6
可口	kě kǒu	tasty; to taste good	13271	7
回首	huí shǒu	to turn around; to look back; (fig.) to recall the past	13271	7
国庆	guó qìng	National Day	13274	3
酗酒	xù jiǔ	heavy drinking; to get drunk; to drink to excess	13274	7
错觉	cuò jué	misconception; illusion; misperception	13279	7
陶醉	táo zuì	to be infatuated with; to be drunk with; to be enchanted with; to revel in	13282	7
进出口	jìn chū kǒu	import and export	13284	7
未免	wèi miǎn	unavoidably; can't help; really	13291	7
名言	míng yán	saying; famous remark	13296	7
池塘	chí táng	pool; pond	13296	7
审批	shěn pī	to examine and approve; to endorse	13298	7
再三	zài sān	over and over again; again and again	13301	4
示意	shì yì	to hint; to indicate (an idea to sb)	13303	7
海面	hǎi miàn	sea level; sea surface	13307	7
定居	dìng jū	to settle (in some city, country etc); to take up residence	13309	7
加紧	jiā jǐn	to intensify; to speed up; to step up	13311	7
蓝图	lán tú	blueprint	13313	7
修养	xiū yǎng	accomplishment; training; self-cultivation	13316	5
斑点	bān diǎn	spot; stain; speckle	13316	7
母子	mǔ zǐ	mother and child; parent and subsidiary (companies); principal and interest	13327	6
病症	bìng zhèng	disease; illness	13328	7
首府	shǒu fǔ	capital city of an autonomous region	13328	7
帆船	fān chuán	sailboat	13329	7
佛教	fó jiào	Buddhism	13331	6
无缘	wú yuán	to have no opportunity; no way (of doing sth); no chance	13331	7
抑郁症	yì yù zhèng	clinical depression	13332	7
熄灭	xī miè	to stop burning; to go out (of fire); to die out	13334	6
不耐烦	bù nài fán	impatient; to lose patience	13336	5
防火墙	fáng huǒ qiáng	firewall	13340	7
补救	bǔ jiù	to remedy	13343	7
奖牌	jiǎng pái	medal (awarded as a prize)	13348	7
海啸	hǎi xiào	tsunami	13352	7
定论	dìng lùn	final conclusion; accepted argument	13353	7
开辟	kāi pì	to open up; to set up; to establish	13354	7
零钱	líng qián	change (of money); small change; pocket money	13354	7
外号	wài hào	nickname	13355	7
狂欢节	kuáng huān jié	carnival	13356	7
接见	jiē jiàn	to receive sb; to grant an interview	13357	7
津贴	jīn tiē	allowance	13361	7
筹划	chóu huà	to plan and prepare	13361	7
胚胎	pēi tāi	embryo	13361	7
疗效	liáo xiào	healing efficacy; healing effect	13362	7
漂浮	piāo fú	to float; to hover; to drift (also fig., to lead a wandering life)	13367	6
华语	huá yǔ	Chinese language	13368	5
革新	gé xīn	to innovate; innovation	13372	6
空洞	kōng dòng	cavity; empty; vacuous	13373	6
声望	shēng wàng	popularity; prestige	13373	7
问卷	wèn juàn	questionnaire	13374	7
呵护	hē hù	to bless; to cherish; to take good care of	13381	7
做客	zuò kè	to be a guest or visitor	13383	3
守候	shǒu hòu	to wait for; to expect; to keep watch	13391	7
深切	shēn qiè	deeply felt; heartfelt; sincere	13392	7
路子	lù zi	method; way; approach	13393	7
反常	fǎn cháng	unusual; abnormal	13398	7
打量	dǎ liang	to size sb up; to look sb up and down; to take the measure of	13398	7
敬业	jìng yè	dedicated to one's work	13398	7
视察	shì chá	to inspect; an investigation	13400	7
理发	lǐ fà	to get a haircut; to have one's hair done; to cut (sb's) hair; to give (sb) a haircut	13406	3
刷新	shuā xīn	to renovate; to refurbish; to refresh (computer window)	13412	7
商城	shāng chéng	shopping center; department store	13413	6
一行	yī xíng	party; delegation	13419	6
汉语	hàn yǔ	Chinese language	13422	1
慰问	wèi wèn	to express sympathy, greetings, consolation etc	13425	5
泛滥	fàn làn	to be in flood; to overflow (the banks); to inundate	13426	7
磁带	cí dài	magnetic tape	13427	7
平方	píng fāng	square (as in square foot, square mile, square root)	13429	4
语法	yǔ fǎ	grammar	13430	4
大意	dà yì	general idea; main idea	13433	7
麻将	má jiàng	mahjong	13433	7
毁坏	huǐ huài	to damage; to devastate; to vandalize	13437	7
会晤	huì wù	to meet; meeting; conference	13440	7
动向	dòng xiàng	trend; tendency	13442	7
焦急	jiāo jí	anxiety; anxious	13443	7
体面	tǐ miàn	dignity; prestige; face; honorable; creditable; (of sb's appearance) presentable; respectable	13447	7
顺其自然	shùn qí zì rán	to let nature take its course (idiom)	13447	7
胡乱	hú luàn	careless; reckless; casually	13451	6
随时随地	suí shí suí dì	anytime and anywhere	13454	7
自尊心	zì zūn xīn	self-respect; self-esteem; ego	13455	7
噪声	zào shēng	noise	13457	7
下岗	xià gǎng	(of a guard, sentry etc) to come off duty; (of a worker) be to laid off	13460	7
成品	chéng pǐn	finished goods; a finished product	13463	6
扩	kuò	to enlarge	13470	7
暑期	shǔ qī	summer vacation time	13471	7
嚷	rǎng	to shout; to bellow; to make a big deal of sth	13472	7
牧场	mù chǎng	pasture; grazing land; ranch	13472	7
凝固	níng gù	to freeze; to solidify; to congeal	13476	7
炒作	chǎo zuò	to hype; to promote (in the media)	13479	6
磨损	mó sǔn	to suffer wear and tear; to deteriorate through use; to wear out	13479	7
意向	yì xiàng	intention; purpose; intent	13480	7
源泉	yuán quán	fountainhead; well-spring; water source	13484	7
顺手	shùn shǒu	easily; without trouble; while one is at it	13485	7
觉悟	jué wù	to come to understand; to realize; consciousness	13487	6
余额	yú é	balance (of an account, bill etc); surplus; remainder	13488	7
胶片	jiāo piàn	(photographic) film	13499	7
细微	xì wēi	tiny; minute; fine	13506	7
夕阳	xī yáng	sunset; the setting sun	13510	6
显眼	xiǎn yǎn	conspicuous; eye-catching; glamorous	13517	7
简易	jiǎn yì	simple and easy; simplistic; simplicity	13519	7
欣喜	xīn xǐ	happy	13520	7
吓唬	xià hu	to scare; to frighten	13521	7
一齐	yī qí	at the same time; simultaneously	13522	6
海拔	hǎi bá	height above sea level; elevation	13525	7
温室	wēn shì	greenhouse	13526	7
果实	guǒ shí	fruit (produced by a plant); (fig.) fruits (of success etc); results	13530	4
跟前	gēn qián	the front (of); (in) front; (in) sb's presence	13531	5
自言自语	zì yán zì yǔ	to talk to oneself; to think aloud; to soliloquize	13534	6
所长	suǒ cháng	what one is good at	13535	3
检察	jiǎn chá	to inspect; (law) to prosecute; to investigate	13539	7
山坡	shān pō	hillside	13550	6
日历	rì lì	calendar	13555	4
宠爱	chǒng ài	to dote on sb	13556	7
摇晃	yáo huàng	to rock; to shake; to sway	13559	7
失明	shī míng	to lose one's eyesight; to become blind; blindness	13560	7
栏杆	lán gān	railing; banister	13569	7
兴致	xìng zhì	mood; spirits; interest	13570	7
累积	lěi jī	to accumulate	13573	7
静止	jìng zhǐ	still; immobile; static	13574	7
拴	shuān	to tie up	13576	7
拱	gǒng	to cup one's hands in salute; to surround; to arch	13579	7
往返	wǎng fǎn	to go back and forth; to go to and fro; to do a round trip	13580	7
荧光	yíng guāng	fluorescence; fluorescent	13583	7
观测	guān cè	to observe; to survey; observation (scientific etc)	13587	7
公共汽车	gōng gòng qì chē	bus	13591	2
妒忌	dù jì	to be jealous of (sb's achievements etc); to be envious; envy	13608	7
到头来	dào tóu lái	in the end; finally; as a result	13609	7
缕	lǚ	strand; thread; detailed	13610	7
发呆	fā dāi	to stare blankly; to be stunned; to be lost in thought	13611	6
连同	lián tóng	together with; along with	13615	6
自卑	zì bēi	to have low self-esteem; to abase oneself	13615	7
输液	shū yè	intravenous infusion; to get put on an IV	13615	7
说到底	shuō dào dǐ	in the final analysis; in the end	13616	7
增进	zēng jìn	to promote; to enhance; to further	13619	6
只顾	zhǐ gù	solely preoccupied (with one thing); engrossed; focusing (on sth)	13620	6
发电机	fā diàn jī	electricity generator; dynamo	13622	7
灾害	zāi hài	calamity; disaster	13624	5
夏令营	xià lìng yíng	summer camp	13625	7
仲裁	zhòng cái	arbitration	13626	7
圈套	quān tào	trap; snare; trick	13626	7
议题	yì tí	topic of discussion; topic; subject	13627	6
触犯	chù fàn	to violate; to offend	13633	7
干旱	gān hàn	drought; arid; dry	13635	7
深远	shēn yuǎn	far-reaching; profound and long-lasting	13635	7
茫然	máng rán	blankly; vacantly; at a loss	13636	7
身躯	shēn qū	body	13643	7
连锁店	lián suǒ diàn	chain store	13645	7
便于	biàn yú	easy to; convenient for	13646	5
留恋	liú liàn	reluctant to leave; to hate to have to go; to recall fondly	13649	7
一举一动	yī jǔ yī dòng	every movement; each and every move	13650	7
音量	yīn liàng	loudness; volume	13653	6
竭力	jié lì	to do one's utmost	13654	7
碰见	pèng jiàn	to run into; to meet (unexpectedly); to bump into	13656	2
主妇	zhǔ fù	housewife; woman of senior authority in a household; the lady of the house	13657	7
安检	ān jiǎn	security check (abbr. for 安全检查); to do a security check	13665	6
阻挠	zǔ náo	to thwart; to obstruct (sth)	13665	7
迄今	qì jīn	so far; to date; until now	13667	7
按键	àn jiàn	button or key (on a device); keystroke; to press a button	13672	7
关头	guān tóu	juncture; moment	13674	7
伴奏	bàn zòu	to accompany (musically)	13684	7
失灵	shī líng	out of order (of machine); not working properly; a failing (of a system)	13684	7
凝视	níng shì	to gaze at; to fix one's eyes on	13685	6
票价	piào jià	ticket price; fare; admission fee	13687	3
无赖	wú lài	hoodlum; rascal; rogue	13694	6
木偶	mù ǒu	puppet	13694	7
诉说	sù shuō	to recount; to tell of; to relate	13698	7
折叠	zhé dié	to fold; collapsible; folding (bicycle, antenna, bed etc)	13701	7
重型	zhòng xíng	heavy; heavy duty; large caliber	13702	7
秘方	mì fāng	secret recipe	13705	7
帝国主义	dì guó zhǔ yì	imperialism	13706	7
轻而易举	qīng ér yì jǔ	easy; with no difficulty	13706	7
地段	dì duàn	section; district	13708	7
吹牛	chuī niú	to talk big; to shoot off one's mouth; to chat (dialect)	13710	7
掀	xiān	to lift (a lid); to rock; to convulse	13713	7
盗版	dào bǎn	pirated; illegal	13714	6
月底	yuè dǐ	end of the month	13715	4
脾	pí	spleen	13723	7
顾及	gù jí	to take into consideration; to attend to	13733	7
逼真	bī zhēn	lifelike; true to life; distinctly	13735	7
无偿	wú cháng	free; no charge; at no cost	13741	7
世界级	shì jiè jí	world-class	13745	7
当日	dàng rì	that very day; the same day	13746	7
抽空	chōu kòng	to find the time to do sth	13748	6
白酒	bái jiǔ	baijiu, a spirit usually distilled from sorghum; (Tw) white wine (abbr. for 酒)	13749	5
遵照	zūn zhào	in accordance with; to follow (the rules)	13750	7
花瓣	huā bàn	petal	13753	7
年夜饭	nián yè fàn	New Year's Eve family dinner	13754	7
性情	xìng qíng	nature; temperament	13762	7
定价	dìng jià	to set a price; to fix a price	13764	6
豆子	dòu zi	bean; pea	13765	7
腺	xiàn	gland	13774	7
羞愧	xiū kuì	ashamed	13779	7
聘用	pìn yòng	to employ; to hire	13781	7
精品	jīng pǐn	quality goods; premium product; fine work (of art)	13787	6
小看	xiǎo kàn	to look down on; to underestimate	13789	7
坚硬	jiān yìng	hard; solid	13790	7
内科	nèi kē	internal medicine; general medicine	13792	4
快活	kuài huo	happy; cheerful	13797	5
负有	fù yǒu	to be responsible for	13800	7
深厚	shēn hòu	deep; profound	13803	4
莫过于	mò guò yú	nothing can surpass	13810	7
轻视	qīng shì	contempt; contemptuous; to despise	13811	5
当众	dāng zhòng	in public; in front of everybody	13815	7
好意	hǎo yì	good intention; kindness	13819	7
技艺	jì yì	skill; art	13822	7
光泽	guāng zé	luster; gloss	13825	7
演练	yǎn liàn	to do a drill; to practice; training	13826	7
专卖店	zhuān mài diàn	specialty store	13829	7
专科	zhuān kē	specialized subject; branch (of medicine); specialized training school	13834	6
停顿	tíng dùn	to halt; to break off; pause (in speech)	13836	7
舟	zhōu	boat	13838	6
呐喊	nà hǎn	shout; rallying cry; cheering	13843	7
相继	xiāng jì	in succession; following closely	13859	7
发扬	fā yáng	to develop; to make full use of	13862	7
纵容	zòng róng	to indulge; to connive at	13862	7
分化	fēn huà	to split apart; differentiation	13863	7
拖累	tuō lěi	to encumber; to be a burden on; to implicate	13870	7
饮水	yǐn shuǐ	drinking water	13870	7
三明治	sān míng zhì	sandwich (loanword)	13871	6
算计	suàn ji	to reckon; to calculate; to plan	13871	7
果真	guǒ zhēn	really; as expected; sure enough	13875	7
鞠躬	jū gōng	to bow; (literary) to bend down	13875	7
孕育	yùn yù	to be pregnant; to produce offspring; to nurture (a development, school of thought, artwork etc)	13877	7
退学	tuì xué	to quit school	13880	7
悠闲	yōu xián	leisurely; carefree; relaxed	13882	7
文艺	wén yì	literature and art	13887	5
依次	yī cì	in order; in succession	13888	6
专职	zhuān zhí	special duty; assigned full time to a task	13892	7
景点	jǐng diǎn	tourist attraction; scenic spot	13894	6
一律	yī lǜ	same; uniformly; all	13897	4
照耀	zhào yào	to shine; to illuminate	13897	6
闸	zhá	gear; brake; sluice	13900	7
知足	zhī zú	content with one's situation; to know contentment (hence happiness)	13902	7
前沿	qián yán	front-line; forward position; outpost	13908	7
客机	kè jī	passenger plane	13912	7
对称	duì chèn	symmetry; symmetrical	13912	7
适时	shì shí	timely; apt to the occasion; in due course	13914	7
制约	zhì yuē	to restrict; condition	13919	5
加盟	jiā méng	to become a member of an alliance or union; to align; to join	13920	6
凶猛	xiōng měng	fierce; violent; ferocious	13921	7
这会儿	zhè huì r	(coll.) now; this moment; also pr. [zhè huǐ r]	13922	7
留心	liú xīn	to be careful; to pay attention to	13923	7
低谷	dī gǔ	valley; trough (as opposed to peaks); fig. low point	13927	7
外貌	wài mào	profile; appearance	13933	7
如实	rú shí	as things really are; realistic	13941	7
顿时	dùn shí	immediately; suddenly	13943	7
降价	jiàng jià	to cut the price; to drive down the price; to get cheaper	13945	4
裁员	cái yuán	to cut staff; to lay off employees	13947	6
畅通	chàng tōng	unimpeded; free-flowing; straight path	13949	6
截至	jié zhì	up to (a time); by (a time)	13952	6
公安	gōng ān	(Ministry of) Public Security; public safety; public security	13957	6
楼房	lóu fáng	a building of two or more stories	13957	6
字典	zì diǎn	Chinese character dictionary (containing entries for single characters, contrasted with a 词典, which has entries for words of one or more characters); (coll.) dictionary	13961	2
向着	xiàng zhe	towards; facing (sb or sth); (coll.) to side with	13962	7
风范	fēng fàn	air; manner; model	13966	7
弟子	dì zǐ	disciple; follower	13971	7
喷泉	pēn quán	fountain	13972	7
断绝	duàn jué	to sever; to break off	13974	6
贯彻	guàn chè	to implement; to put into practice; to carry out	13977	7
暴风雨	bào fēng yǔ	rainstorm; storm; tempest	13978	6
谋生	móu shēng	to seek one's livelihood; to work to support oneself; to earn a living	13978	7
灵敏	líng mǐn	smart; clever; sensitive	13980	7
排球	pái qiú	volleyball	13985	2
名副其实	míng fù qí shí	not just in name only, but also in reality (idiom); aptly named; worthy of the name	13990	7
落下	luò xià	to fall; to drop; to land (of projectile)	13990	7
比起	bǐ qǐ	compared with	13998	7
妥当	tuǒ dang	appropriate; proper; ready	14010	7
科目	kē mù	academic subject; field of study	14010	7
裸露	luǒ lù	naked; bare; uncovered; exposed	14013	7
公约	gōng yuē	convention (i.e. international agreement)	14016	7
悬挂	xuán guà	to suspend; to hang; (vehicle) suspension	14021	7
干杯	gān bēi	to drink a toast; Cheers! (proposing a toast); Here's to you!	14023	2
拖欠	tuō qiàn	in arrears; behind in payments; to default on one's debts	14024	7
自发	zì fā	spontaneous	14028	7
高超	gāo chāo	excellent; superlative	14033	7
垫底	diàn dǐ	to put sth on the bottom; to eat sth to tide oneself over until mealtime; to lay the foundation	14034	7
涨价	zhǎng jià	to appreciate (in value); to increase in price	14037	5
滚动	gǔn dòng	to roll; (to do sth) in a loop; to scroll (computing)	14040	7
民用	mín yòng	(for) civilian use	14041	7
深沉	shēn chén	deep; profound; (of a person) reserved	14042	6
民意	mín yì	public opinion; popular will; public will	14044	6
招生	zhāo shēng	to enroll new students; to get students	14045	5
惨重	cǎn zhòng	disastrous	14052	7
干劲	gàn jìn	enthusiasm for doing sth	14053	6
识字	shí zì	to learn to read	14055	6
献血	xiàn xuè	to donate blood	14055	7
扣留	kòu liú	to detain; to arrest; to hold	14056	7
超标	chāo biāo	to cross the limit; to be over the accepted norm; excessive	14057	7
免除	miǎn chú	to prevent; to avoid; to excuse	14058	7
反面	fǎn miàn	reverse side; backside; the other side (of a problem etc)	14058	7
掌管	zhǎng guǎn	in charge of; to control	14059	7
调料	tiáo liào	condiment; seasoning; flavoring	14059	7
构想	gòu xiǎng	to conceive; concept	14061	7
下游	xià yóu	lower reaches (of a river); lower level; lower echelon	14062	7
忌	jì	to be jealous of; fear; dread	14072	7
送礼	sòng lǐ	to give a present	14079	6
逝世	shì shì	to pass away; to die	14081	7
寡妇	guǎ fu	widow	14083	7
沉着	chén zhuó	steady; calm and collected; not nervous	14088	7
摸索	mō suo	to feel about; to grope about; to fumble	14094	7
收买	shōu mǎi	to purchase; to bribe	14106	7
款项	kuǎn xiàng	funds; a sum of money	14109	7
打官司	dǎ guān si	to file a lawsuit; to sue; to dispute	14110	6
能耐	néng nài	ability; capability	14111	7
好似	hǎo sì	to seem; to be like	14122	6
通通	tōng tōng	all; entire; complete	14122	7
候选	hòu xuǎn	candidate (attributive)	14123	6
风波	fēng bō	disturbance; crisis; disputes	14123	7
样式	yàng shì	type; style	14126	5
迈进	mài jìn	to step in; to stride forward; to forge ahead	14127	7
来历	lái lì	history; antecedents; origin	14129	7
仁慈	rén cí	benevolent; charitable; kind	14134	7
寻觅	xún mì	to look for	14135	7
没完没了	méi wán méi liǎo	without end; incessantly; on and on	14136	7
废品	fèi pǐn	production rejects; seconds; scrap	14138	7
显出	xiǎn chū	to express; to exhibit	14141	6
呼声	hū shēng	a shout; fig. opinion or demand, esp. expressed by a group	14141	7
焊	hàn	to weld; to solder	14141	7
出游	chū yóu	to go on a tour; to have an outing	14143	7
盘旋	pán xuán	to spiral; to circle; to go around	14151	6
亲情	qīn qíng	affection; family love; love, esp. within a married couple or between parents and children	14155	7
杂交	zá jiāo	to hybridize; to crossbreed; promiscuity	14159	7
开销	kāi xiāo	to pay (expenses); expenses	14160	7
一不小心	yī bù xiǎo xīn	to be a little bit careless; to have a moment of inattentiveness	14161	7
招数	zhāo shù	move (in chess, on stage, in martial arts); gambit; trick	14163	7
沉闷	chén mèn	oppressive (of weather); heavy; depressed	14168	7
玩意儿	wán yì r	erhua variant of 玩意; toy; thing	14169	7
微不足道	wēi bù zú dào	negligible; insignificant	14170	7
心疼	xīn téng	to love dearly; to feel sorry for sb; to regret	14175	5
钦佩	qīn pèi	to admire; to look up to; to respect sb greatly	14182	7
收支	shōu zhī	cash flow; financial balance; income and expenditure	14183	7
公益性	gōngyì xìng	Public welfare	14186	7
反倒	fǎn dào	but on the contrary; but expectedly	14186	7
华人	huá rén	ethnic Chinese person or people	14189	3
书记	shū ji	secretary (chief official of a branch of a socialist or communist party); clerk; scribe	14194	7
拨款	bō kuǎn	to allocate funds; appropriation	14195	7
渗	shèn	to seep; to ooze; to horrify	14195	7
灌输	guàn shū	to imbue with; to inculcate; to instill into	14201	7
蘸	zhàn	to dip in (ink, sauce etc)	14207	7
突破口	tū pò kǒu	breach; gap; breakthrough point	14208	7
敬礼	jìng lǐ	to salute; salute	14222	7
劣质	liè zhì	shoddy; of poor quality	14224	7
透气	tòu qì	to flow freely (of air); to ventilate; to breathe (of fabric etc)	14227	7
容貌	róng mào	one's appearance; one's aspect; looks	14234	6
桨	jiǎng	oar; paddle	14235	6
住址	zhù zhǐ	address	14235	7
加剧	jiā jù	to intensify	14236	7
适度	shì dù	moderately; appropriate	14240	7
长辈	zhǎng bèi	one's elders; older generation	14245	7
容许	róng xǔ	to permit; to allow	14246	7
疼爱	téng ài	to love dearly	14247	5
不由自主	bù yóu zì zhǔ	can't help; involuntarily (idiom)	14247	7
鲜活	xiān huó	vivid; lively; (of food ingredients) live or fresh	14248	7
得力	dé lì	able; capable; competent	14265	7
诽谤	fěi bàng	to slander; to libel	14273	7
先例	xiān lì	antecedent; precedent	14275	7
直达	zhí dá	to reach (a place) directly; (transportation) to reach the destination without changing service or without stopping; (of a train, flight etc) direct; nonstop	14278	7
招待会	zhāo dài huì	a reception	14282	7
譬如	pì rú	for example; for instance; such as	14286	7
吃亏	chī kuī	to suffer losses; to come to grief; to lose out	14289	7
论证	lùn zhèng	to prove a point; to expound on; to demonstrate or prove (through argument)	14292	7
心胸	xīn xiōng	heart; mind; ambition	14296	7
长假	cháng jià	long vacation	14297	6
输血	shū xuè	to transfuse blood; to give aid and support	14301	7
悼念	dào niàn	to grieve	14306	7
焚烧	fén shāo	to burn; to set on fire	14307	7
察看	chá kàn	to watch; to look carefully at	14308	7
纽带	niǔ dài	tie; link; bond	14312	7
竭尽全力	jié jìn quán lì	to spare no effort (idiom); to do one's utmost	14314	7
定时	dìng shí	to fix a time; fixed time; timed (of explosive etc)	14319	6
慢慢来	màn màn lái	take your time; take it easy	14319	7
减压	jiǎn yā	to reduce pressure; to relax	14321	7
摆设	bǎi shè	to set out; to display; to furnish (a room or house)	14321	7
香料	xiāng liào	spice; flavoring; condiment	14321	7
得体	dé tǐ	appropriate to the occasion; fitting	14324	7
对峙	duì zhì	to stand opposite; to confront; confrontation	14325	7
苗条	miáo tiao	(of a woman) slim; slender; graceful	14328	7
自立	zì lì	independent; self-reliant; self-sustaining	14329	7
附件	fù jiàn	enclosure; attachment (email); appendix	14333	5
濒临	bīn lín	on the edge of; (fig.) on the verge of; close to	14334	6
美化	měi huà	to make more beautiful; to decorate; embellishment	14334	7
换成	huàn chéng	to exchange (sth) for (sth else); to replace with; to convert into	14335	7
屏障	píng zhàng	barrier	14358	6
煲	bāo	to cook slowly over a low flame; pot; saucepan	14364	7
偷懒	tōu lǎn	to goof off; to be lazy	14374	7
出资	chū zī	to fund; to put money into sth; to invest	14377	7
厚道	hòu dao	kind and honest; generous; sincere	14386	7
横向	héng xiàng	horizontal; orthogonal; perpendicular	14387	7
挽	wǎn	to pull; to draw (a cart or a bow); to roll up	14394	7
就职	jiù zhí	to take office; to assume a post	14398	7
通知书	tōng zhī shū	written notice	14400	4
好在	hǎo zài	luckily; fortunately	14400	7
升值	shēng zhí	to rise in value; to appreciate	14403	6
专长	zhuān cháng	specialty; special knowledge or ability	14409	7
高傲	gāo ào	arrogant; haughty; proud	14411	7
化石	huà shí	fossil	14429	5
孵化	fū huà	breeding; to incubate; innovation (esp. in commerce and marketing)	14431	7
包扎	bāo zā	to wrap up; to pack; to bind up (a wound)	14432	7
冲浪	chōng làng	to surf; surfing	14433	7
肩负	jiān fù	to shoulder (a burden); to bear; to suffer (a disadvantage)	14435	7
陈旧	chén jiù	old-fashioned	14439	7
回信	huí xìn	to reply; to write back; letter written in reply	14440	5
纪念碑	jì niàn bēi	monument	14440	7
直视	zhí shì	to look straight at	14441	7
收留	shōu liú	to offer shelter; to have sb in one's care	14442	7
有的是	yǒu de shì	have plenty of; there's no lack of	14445	3
传单	chuán dān	leaflet; flier; pamphlet	14446	6
偷看	tōu kàn	to peep; to peek; to steal a glance	14446	7
分割	fēn gē	to cut up; to break up	14451	7
耽搁	dān ge	to tarry; to delay; to stop over	14458	7
冰山	bīng shān	iceberg	14459	7
烟火	yān huǒ	smoke and fire; fireworks	14459	7
入门	rù mén	entrance door; to enter a door; introduction (to a subject)	14461	5
电车	diàn chē	trolleybus	14461	6
皮包	pí bāo	handbag; briefcase	14469	3
工作日	gōng zuò rì	workday; working day; weekday	14471	5
淘气	táo qì	naughty; mischievous	14473	7
后边	hòu bian	the back; the rear; the last bit; behind; near the end; at the back; later; afterwards	14477	1
海浪	hǎi làng	sea wave	14483	6
表述	biǎo shù	to formulate; enunciation; to explain sth precisely	14483	7
过年	guò nián	to celebrate the Chinese New Year	14490	2
回味	huí wèi	to call to mind and ponder over; aftertaste	14491	7
零下	líng xià	below zero	14498	2
顺畅	shùn chàng	smooth and unhindered; fluent	14501	7
棍子	gùn zi	stick; rod	14507	7
音像	yīn xiàng	audio and video; audiovisual	14508	6
飞速	fēi sù	swift; rapidly	14513	7
曙光	shǔ guāng	dawn; fig. the dawn of a new era	14515	7
嫂子	sǎo zi	(coll.) older brother's wife; sister-in-law	14522	7
胸膛	xiōng táng	chest	14528	7
带队	dài duì	to lead a team; to lead a group; group leader	14537	7
连续剧	lián xù jù	serialized drama; dramatic series; show in parts	14541	3
血缘	xuè yuán	bloodline	14542	7
漫游	màn yóu	to travel around; to roam; (mobile telephony) roaming	14554	7
眯	mī	to narrow one's eyes; to squint; (dialect) to take a nap	14561	6
情调	qíng diào	sentiment; tone and mood; taste	14562	7
贴近	tiē jìn	to press close to; to snuggle close; intimate	14562	7
拿出	ná chū	to take out; to put out; to provide	14568	2
繁华	fán huá	flourishing; bustling	14569	7
上限	shàng xiàn	upper bound	14585	7
煽动	shān dòng	to incite; to instigate	14589	7
踏实	tā shi	firmly-based; steady; steadfast	14592	6
摄氏度	shè shì dù	°C (degrees Celsius)	14594	7
学问	xué wèn	learning; knowledge	14605	4
记性	jì xing	memory (ability to retain information)	14607	6
崇尚	chóng shàng	to hold up (as an model); to hold in esteem; to revere	14607	7
复印	fù yìn	to photocopy; to duplicate a document	14608	3
渺小	miǎo xiǎo	minute; tiny; negligible	14611	7
姓氏	xìng shì	family name	14616	7
出台	chū tái	to officially launch (a policy, program etc); to appear on stage; to appear publicly	14622	6
安逸	ān yì	easy and comfortable; easy	14622	7
牲畜	shēng chù	domesticated animals; livestock	14622	7
大奖赛	dà jiǎng sài	grand prix	14623	5
强项	qiáng xiàng	key strength; strong suit; specialty	14623	7
西边	xī biān	west; west side; western part	14628	1
光盘	guāng pán	compact disc (CD); DVD; CD-ROM	14628	4
大伙儿	dà huǒ r	erhua variant of 大伙; everybody; everyone	14629	5
朦胧	méng lóng	(literary) (of moonlight) dim; (literary) murky; indistinct	14629	7
晾	liàng	to dry in the air; (fig.) to cold-shoulder	14630	6
买不起	mǎi bu qǐ	cannot afford; can't afford buying	14630	7
立足	lì zú	to stand; to have a footing; to be established	14630	7
上头	shàng tou	above; on top of; on the surface of	14639	7
钉子	dīng zi	nail; snag; saboteur	14639	7
中餐	zhōng cān	lunch; Chinese meal; Chinese food	14640	2
打捞	dǎ lāo	to salvage; to dredge; to fish out (person or object from the sea)	14646	7
子孙	zǐ sūn	offspring; posterity	14649	7
施压	shī yā	to pressure	14652	7
要不是	yào bu shì	if it were not for; but for	14653	7
简介	jiǎn jiè	summary; brief introduction	14655	6
交接	jiāo jiē	(of two things) to come into contact; to meet; to hand over to	14661	7
生活费	shēng huó fèi	cost of living; living expenses; alimony	14663	6
拍戏	pāi xì	to shoot a movie	14665	7
耗费	hào fèi	to waste; to spend; to consume	14666	7
大笔	dàbǐ	Large	14672	7
福气	fú qi	good fortune; a blessing	14676	7
受苦	shòu kǔ	to suffer hardship	14680	7
明媚	míng mèi	bright and beautiful	14686	7
家政	jiā zhèng	housekeeping	14688	7
胡闹	hú nào	to act willfully and make a scene; to make trouble	14691	7
践踏	jiàn tà	to trample	14692	6
用意	yòng yì	intention; purpose	14706	7
埋藏	mái cáng	to bury; to hide by burying; hidden	14710	7
迁移	qiān yí	to migrate; to move	14712	7
窑	yáo	kiln; oven; coal pit	14714	7
路段	lù duàn	stretch of road; section of a highway or railway	14718	7
流向	liú xiàng	direction of a current; direction of flow; to flow toward	14722	7
估算	gū suàn	assessment; evaluation	14723	7
清澈	qīng chè	clear; limpid	14725	6
官僚	guān liáo	bureaucrat; bureaucracy; bureaucratic	14727	7
炎症	yán zhèng	inflammation	14732	7
座谈会	zuò tán huì	conference; symposium; rap session	14733	6
费劲	fèi jìn	to require effort; strenuous	14739	7
上边	shàng bian	the top; above; overhead	14760	1
光环	guāng huán	ring of light; halo; (fig.) glory; splendor	14765	7
与其	yǔ qí	rather than...; 与其 A 如 B (rather than A, better to B)	14771	7
没劲	méi jìn	to have no strength; to feel weak; exhausted	14775	7
搬迁	bān qiān	to move; to relocate; removal	14777	7
借鉴	jiè jiàn	to draw on (others' experience); to learn from (how others do things); lesson to be learned (by observing others)	14780	6
花纹	huā wén	decorative design	14786	7
亏损	kuī sǔn	deficit; (financial) loss	14787	7
黑马	hēi mǎ	dark horse; fig. unexpected winner	14789	7
胡思乱想	hú sī luàn xiǎng	to indulge in flights of fancy (idiom); to let one's imagination run wild	14791	7
寺庙	sì miào	temple; monastery; shrine	14797	7
十字路口	shí zì lù kǒu	crossroads; intersection	14800	7
旅店	lǚ diàn	inn; small hotel	14801	6
患病	huàn bìng	to fall ill	14803	7
高昂	gāo áng	to hold (one's head) high; expensive; high (spirits etc)	14805	7
其后	qí hòu	next; later; after that	14817	7
无理	wú lǐ	irrational; unreasonable	14822	7
炎热	yán rè	blistering hot; sizzling hot (weather)	14826	7
侵权	qīn quán	to infringe the rights of; to violate; infringement	14830	7
近日	jìn rì	(in) the past few days; recently; (within) the next few days	14847	6
像样	xiàng yàng	presentable; decent; up to par	14848	7
字体	zì tǐ	calligraphic style; typeface; font	14849	7
铸造	zhù zào	to cast (pour metal into a mold)	14851	7
后人	hòu rén	later generation	14853	7
晴天	qíng tiān	clear sky; sunny day	14859	2
冒犯	mào fàn	to offend	14861	7
转交	zhuǎn jiāo	to pass on to sb; to carry and give to sb else	14866	7
由衷	yóu zhōng	heartfelt; sincere; unfeigned	14868	7
普通话	pǔ tōng huà	Mandarin (common language); Putonghua (common speech of the Chinese language); ordinary speech	14869	2
就诊	jiù zhěn	to see a doctor; to seek medical advice	14870	7
三维	sān wéi	three-dimensional; 3D	14872	7
浸泡	jìn pào	to steep; to soak; to immerse	14872	7
下决心	xià jué xīn	to determine; to resolve	14875	7
动弹	dòng tan	to budge	14882	7
自然界	zì rán jiè	nature; the natural world	14883	7
交锋	jiāo fēng	to cross swords; to have a confrontation (with sb)	14884	7
恰到好处	qià dào hǎo chù	it's just perfect; it's just right	14885	7
遗址	yí zhǐ	ruins; historic relics	14891	7
藏匿	cáng nì	to cover up; to conceal; to go into hiding	14901	7
无关紧要	wú guān jǐn yào	indifferent; insignificant	14902	7
其间	qí jiān	in between; within that interval; in the meantime	14903	7
尺度	chǐ dù	scale; yardstick	14903	7
梳理	shū lǐ	to comb; fig. to sort out	14904	7
攀升	pān shēng	to clamber up; (of prices etc) to rise	14907	7
心得	xīn dé	what one has learned (through experience, reading etc); knowledge; insight	14908	7
高额	gāo é	high quota; large amount	14909	7
转达	zhuǎn dá	to pass on; to convey; to communicate	14912	7
僵局	jiāng jú	impasse; deadlock	14913	7
黏	nián	sticky; glutinous; (Tw) to adhere	14914	7
倡导	chàng dǎo	to advocate; to initiate; to propose	14916	5
定向	dìng xiàng	to orientate; directional; directed	14918	7
私立	sī lì	private (company, school etc)	14918	7
地名	dì míng	place name; toponym	14919	6
固体	gù tǐ	solid	14926	5
相当于	xiāng dāng yú	equivalent to	14927	7
私营	sī yíng	privately-owned; private	14930	7
吊销	diào xiāo	to suspend (an agreement); to revoke	14932	7
定做	dìng zuò	to have something made to order	14932	7
遏制	è zhì	to check; to contain; to hold back	14933	7
老乡	lǎo xiāng	fellow townsman; fellow villager; sb from the same hometown	14936	6
稳固	wěn gù	stable; steady; firm	14938	7
少有	shǎo yǒu	rare; infrequent	14941	7
索取	suǒ qǔ	to ask; to demand	14942	7
主体	zhǔ tǐ	main part; bulk; body	14949	5
延缓	yán huǎn	to defer; to postpone; to put off	14949	7
恭维	gōng wei	to praise; to speak highly of; compliment	14955	7
财经	cái jīng	finance and economics	14956	7
路灯	lù dēng	street lamp; street light	14960	7
抨击	pēng jī	to attack (verbally or in writing)	14961	7
实物	shí wù	material object; concrete object; original object	14965	7
荒	huāng	desolate; shortage; scarce	14965	7
瞅	chǒu	(dialect) to look at	14967	7
摇篮	yáo lán	cradle	14968	7
新款	xīn kuǎn	new style; latest fashion; new model	14970	7
昔日	xī rì	former days; in the past	14974	7
内外	nèi wài	inside and outside; domestic and foreign; approximately	14977	6
图画	tú huà	drawing; picture	14983	3
谈到	tán dào	to refer to; to speak about; to talk about	14991	7
贺卡	hè kǎ	greeting card; congratulation card	14997	5
当务之急	dāng wù zhī jí	top priority job; matter of vital importance	14997	7
入场券	rù chǎng quàn	admission ticket	14998	7
灵通	líng tōng	fast and abundant (news); clever; effective	15005	7
受骗	shòu piàn	to be cheated; to be taken in; to be hoodwinked	15006	7
涮	shuàn	to rinse; to trick; to fool sb	15007	7
取款	qǔ kuǎn	to withdraw money from a bank	15011	6
时节	shí jié	season; time	15011	6
勾结	gōu jié	to collude with; to collaborate with; to gang up with	15011	7
揣	chuǎi	to estimate; to guess; to figure	15013	7
宫廷	gōng tíng	court (of king or emperor)	15026	7
辞去	cí qù	to resign; to quit	15026	7
评定	píng dìng	to evaluate; to make one's judgment	15031	7
良性	liáng xìng	positive (in its effect); leading to good consequences; virtuous	15034	7
火药	huǒ yào	gunpowder	15036	7
火锅	huǒ guō	hotpot	15037	7
图形	tú xíng	picture; figure; diagram	15043	7
作废	zuò fèi	to become invalid; to cancel; to delete	15045	6
主页	zhǔ yè	home page	15045	7
更衣室	gēng yī shì	change room; dressing room; locker room; (euphemism) toilet	15045	7
房价	fáng jià	house price; cost of housing	15046	6
书法	shū fǎ	calligraphy; handwriting; penmanship	15051	5
新房	xīn fáng	brand new house; bridal chamber	15052	7
承载	chéng zài	to bear the weight; to sustain	15054	7
功率	gōng lǜ	rate of work; power (output)	15055	7
国有	guó yǒu	nationalized; public; government owned	15059	7
碰巧	pèng qiǎo	by chance; by coincidence; to happen to	15063	7
导向	dǎo xiàng	to be oriented towards; orientation	15065	7
欠缺	qiàn quē	to be deficient in; lapse; deficiency	15069	7
猩猩	xīng xing	orangutan; (slang) dialect speaker whose speech is corrupted by Standard Mandarin	15070	7
媒介	méi jiè	intermediary; vehicle; vector	15079	6
交替	jiāo tì	to replace; alternately; in turn	15079	7
把戏	bǎ xì	acrobatics; jugglery; trick; ploy	15086	6
迟疑	chí yí	to hesitate	15094	7
播种	bō zhòng	to grow (maize etc) from seed; to plant (maize etc) by sowing seed	15096	6
鲜艳	xiān yàn	bright-colored; gaily-colored	15101	5
报刊	bào kān	newspapers and periodicals; the press	15103	6
着重	zhuó zhòng	to put emphasis on; to stress	15109	7
惋惜	wǎn xī	to regret; to feel that it is a great pity; to feel sorry for sb	15115	7
外交官	wài jiāo guān	diplomat	15122	4
全年	quán nián	the whole year; all year long	15123	2
价位	jià wèi	price level	15123	7
缠绕	chán rào	twisting; to twine; to wind	15126	6
汇聚	huì jù	convergence; to come together	15129	7
撰写	zhuàn xiě	to write; to compose	15130	7
宣泄	xuān xiè	to drain (by leading off water); to unburden oneself; to divulge	15140	7
上岗	shàng gǎng	to take up one's post; to go on duty; to take up a job	15147	7
看不起	kàn bu qǐ	to look down upon; to despise	15152	4
教养	jiào yǎng	to educate; to bring up; to nurture; upbringing; breeding; culture	15158	7
透支	tòu zhī	(banking) to overdraw; to take out an overdraft; an overdraft	15162	7
造反	zào fǎn	to rebel; to revolt	15169	6
杂技	zá jì	acrobatics	15170	7
秃	tū	bald; blunt	15174	7
同年	tóng nián	the same year	15175	7
展览会	zhǎn lǎn huì	exhibition; show	15180	7
修订	xiū dìng	to revise	15186	7
液晶	yè jīng	liquid crystal	15199	7
挨打	ái dǎ	to take a beating; to get thrashed; to come under attack	15204	6
响亮	xiǎng liàng	loud and clear; resounding	15207	7
招手	zhāo shǒu	to wave; to beckon	15211	5
附带	fù dài	supplementary; incidentally; in parentheses	15212	7
咀嚼	jǔ jué	to chew; to think over	15219	6
土匪	tǔ fěi	bandit	15222	7
只得	zhǐ dé	to have no alternative but to; to be obliged to	15228	6
开发商	kāi fā shāng	developer (of real estate, a commercial product etc)	15238	7
更正	gēng zhèng	to correct; to make a correction	15240	6
优化	yōu huà	to optimize	15241	7
风水	fēng shuǐ	feng shui; geomancy	15242	7
磨难	mó nàn	a torment; a trial; tribulation	15243	7
幸存	xìng cún	to survive (a disaster)	15246	7
庄稼	zhuāng jia	farm crop	15246	7
乃至	nǎi zhì	and even; to go so far as to	15251	7
乞讨	qǐ tǎo	to beg; to go begging	15251	7
剧团	jù tuán	theatrical troupe	15253	7
耸	sǒng	to excite; to raise up; to shrug	15254	6
转折	zhuǎn zhé	shift in the trend of events; turnaround; plot shift in a book	15256	7
清洁工	qīng jié gōng	cleaner; janitor; garbage collector	15257	6
新颖	xīn yǐng	lit. new bud; fig. new and original	15260	7
跨国	kuà guó	transnational; multinational	15263	7
山路	shān lù	mountain road	15264	7
总和	zǒng hé	sum	15265	6
章程	zhāng chéng	rules; regulations; constitution	15269	6
传承	chuán chéng	to pass on (to future generations); passed on (from former times); a continued tradition	15271	7
劳累	láo lèi	tired; exhausted; worn out	15272	7
省钱	shěng qián	to save money	15273	6
刑法	xíng fǎ	criminal law	15273	7
口子	kǒu zi	hole; opening; cut	15274	7
小于	xiǎo yú	less than, <	15276	6
体质	tǐ zhì	constitution	15276	7
甭	béng	(contraction of 用) need not; please don't	15279	6
培训班	péi xùn bān	training class	15281	4
竹子	zhú zi	bamboo	15281	5
算数	suàn shù	to count numbers; to keep to one's word; to hold (i.e. to remain valid)	15281	6
阻拦	zǔ lán	to stop; to obstruct	15281	7
丛	cóng	cluster; collection; collection of books	15283	6
取笑	qǔ xiào	to tease; to make fun of	15306	7
子弟	zǐ dì	child; the younger generation	15306	7
多媒体	duō méi tǐ	multimedia	15310	6
丰富多彩	fēng fù duō cǎi	richly colorful	15312	7
动荡	dòng dàng	unrest (social or political); turmoil; upheaval	15320	7
稿子	gǎo zi	draft of a document; script; manuscript	15322	6
嗜好	shì hào	hobby; indulgence; habit	15322	7
沿途	yán tú	along the sides of the road; by the wayside	15332	7
腥	xīng	fishy (smell)	15338	7
外汇	wài huì	foreign (currency) exchange	15343	4
重播	chóng bō	to replay; to rerun; (agriculture) to reseed	15349	7
摘要	zhāi yào	summary; abstract	15351	6
唤起	huàn qǐ	to waken (to action); to rouse (the masses); to evoke (attention, recollection etc)	15352	7
和睦	hé mù	peaceful relations; harmonious	15353	7
天主教	tiān zhǔ jiào	Catholicism	15354	7
毅力	yì lì	perseverance; willpower	15355	7
去处	qù chù	place; destination	15356	7
慌乱	huāng luàn	frenetic; hurried	15359	7
爱戴	ài dài	to love and respect; love and respect	15369	6
打印机	dǎ yìn jī	printer	15370	6
功力	gōng lì	merit; efficacy; competence	15370	7
长处	cháng chù	good aspects; strong points	15374	3
仓促	cāng cù	all of a sudden; hurriedly	15377	6
霸道	bà dào	the Way of the Hegemon; despotic rule; rule by might	15377	6
王后	wáng hòu	queen	15380	6
诚挚	chéng zhì	sincere; cordial	15382	7
照常	zhào cháng	as usual	15387	7
粗鲁	cū lǔ	coarse; crude (in one's manner); boorish	15387	7
象棋	xiàng qí	Chinese chess	15393	5
瓷	cí	chinaware; porcelain; china	15394	7
升温	shēng wēn	to become hot; temperature rise; (fig.) to intensify	15396	7
堆积	duī jī	to pile up; to heap; accumulation	15402	6
工商	gōng shāng	industry and commerce	15403	6
奶粉	nǎi fěn	powdered milk	15404	6
慌张	huāng zhāng	flustered; agitated	15404	7
致富	zhì fù	to become rich	15406	7
无话可说	wú huà kě shuō	to have nothing to say (idiom)	15411	7
不起眼	bù qǐ yǎn	unremarkable; nothing out of the ordinary	15413	7
国籍	guó jí	nationality	15414	5
工作量	gōng zuò liàng	workload; volume of work	15414	7
凑合	còu he	to bring together; to make do in a bad situation; to just get by	15418	7
破旧	pò jiù	shabby	15419	7
顶多	dǐng duō	at most; at best	15420	7
印章	yìn zhāng	seal; signet; chop	15423	7
绿灯	lǜ dēng	green light (traffic signal); (fig.) permission to proceed	15424	7
承包	chéng bāo	to contract; to undertake (a job)	15426	7
职能	zhí néng	function; role	15427	5
气概	qì gài	lofty quality; mettle; spirit	15431	6
波浪	bō làng	wave	15431	6
半路	bàn lù	halfway; midway; on the way	15433	7
定金	dìng jīn	down payment; advance payment	15438	7
自学	zì xué	self-study; to study on one's own	15439	6
提防	dī fang	to guard against; to be vigilant; watch you don't (slip)	15445	7
黑手	hēi shǒu	(fig.) malign agent who manipulates from behind the scenes; hidden hand; (Tw) mechanic	15445	7
侵占	qīn zhàn	to invade and occupy (territory)	15452	7
观摩	guān mó	to observe and emulate; to study (esp. following sb's example)	15453	7
过道	guò dào	passageway; corridor; aisle	15454	7
相通	xiāng tōng	interlinked; connected; communicating	15457	7
得当	dé dàng	appropriate; suitable	15462	7
偏远	piān yuǎn	remote; far from civilization	15464	7
忙活	máng huo	to be really busy; pressing business	15465	7
一天到晚	yī tiān dào wǎn	all day long; the whole day	15466	7
修车	xiū chē	to repair a bike (car etc)	15468	6
带路	dài lù	to lead the way; to guide; to show the way; (fig.) to instruct	15469	7
精细	jīng xì	fine; meticulous; careful	15469	7
爬山	pá shān	to climb a mountain; to mountaineer; hiking	15470	2
行家	háng jiā	connoisseur; expert; veteran	15474	7
墨水	mò shuǐ	ink	15475	6
格局	gé jú	structure; pattern; layout	15477	7
晴朗	qíng lǎng	sunny and cloudless	15483	5
好心人	hǎo xīn rén	kindhearted person; good Samaritan	15490	7
那会儿	nà huì r	at that time (in the past or the future); also pr. [nèi huì r]	15502	2
父女	fù nǚ	father and daughter	15502	6
咽喉	yān hóu	throat	15508	7
敬爱	jìng ài	to respect and love; to hold in high esteem	15514	7
黑板	hēi bǎn	blackboard	15524	2
看护	kān hù	to nurse; to look after; to watch over	15524	7
轮子	lún zi	wheel; (derog.) Falun Gong practitioner	15530	4
礼堂	lǐ táng	assembly hall; auditorium	15531	6
点缀	diǎn zhuì	to decorate; to adorn; sprinkled	15531	7
空闲	kòng xián	idle; free time; leisure	15533	5
作物	zuò wù	crop	15534	7
抠	kōu	to dig out; to pick out (with one's fingers); to carve	15536	7
合乎	hé hū	to accord with; to conform to	15544	7
觉醒	jué xǐng	to awaken; to come to realize; awakened to the truth	15544	7
家禽	jiā qín	poultry; domestic fowl	15547	7
汽水	qì shuǐ	soda pop; carbonated soft drink	15548	4
岳父	yuè fù	wife's father, father-in-law	15555	7
选用	xuǎn yòng	to choose for some purpose; to select and use	15557	7
动身	dòng shēn	to go on a journey; to leave	15560	7
督促	dū cù	to supervise and urge completion of a task; to urge on	15561	7
绿茶	lǜ chá	green tea; (slang) (of a girl) seemingly innocent and charming but actually calculating and manipulative; a girl who has these qualities	15567	3
滞留	zhì liú	(of a person) to remain in (a place) (due to circumstances that prevent one leaving); to be stranded; (of sth that would typically dissipate, e.g. floodwater, pollutants) to remain; to linger	15567	7
颓废	tuí fèi	decadent; dispirited; depressed	15571	7
时而	shí ér	occasionally; from time to time	15579	6
盛开	shèng kāi	blooming; in full flower	15581	7
柱子	zhù zi	pillar	15583	6
周密	zhōu mì	careful; thorough; meticulous	15586	7
岁数	suì shu	age (number of years old)	15592	6
偷窥	tōu kuī	to peep; to peek; to act as voyeur	15593	7
郊外	jiāo wài	outskirts	15596	7
机智	jī zhì	quick-witted; resourceful	15602	7
农作物	nóng zuò wù	(farm) crops	15603	7
必不可少	bì bù kě shǎo	absolutely necessary; indispensable; essential	15604	7
新式	xīn shì	new style; latest type	15606	7
倘若	tǎng ruò	if; supposing; in case	15613	7
烟囱	yān cōng	chimney	15613	7
湿度	shī dù	humidity level	15617	7
素食	sù shí	vegetarian food; to eat a vegetarian diet	15617	7
指头	zhǐ tou	finger; toe	15618	6
报废	bào fèi	to scrap; to dispose of (sth worn-out or damaged)	15621	7
试点	shì diǎn	test point; to carry out trial; pilot scheme	15623	6
纺织	fǎng zhī	spinning and weaving	15626	7
丑恶	chǒu è	ugly; repulsive	15629	7
留学	liú xué	to study abroad	15630	3
闹事	nào shì	to cause trouble; to create a disturbance	15630	7
年薪	nián xīn	annual salary	15631	7
梯子	tī zi	ladder; stepladder	15634	7
讲课	jiǎng kè	teach; lecture	15636	6
剧目	jù mù	theatrical piece (play or opera); repertoire; list of plays or operas	15654	7
时差	shí chā	time difference; time lag; jet lag	15662	6
学分	xué fēn	course credit	15668	4
往年	wǎng nián	in former years; in previous years	15676	6
家用	jiā yòng	home-use; domestic; family expenses	15677	7
纪念馆	jì niàn guǎn	memorial hall; commemorative museum	15677	7
勺子	sháo zi	scoop; ladle	15680	5
准许	zhǔn xǔ	to allow; to grant; to permit	15685	7
盖子	gài zi	cover; lid; shell	15690	7
时时	shí shí	often; constantly	15697	6
看管	kān guǎn	to look after	15697	6
节能	jié néng	to save energy; energy-saving	15697	6
打车	dǎ chē	to take a taxi (in town); to hitch a lift	15698	1
简陋	jiǎn lòu	simple and crude	15698	7
重叠	chóng dié	to overlap; to superimpose; to telescope	15699	7
只管	zhǐ guǎn	solely engrossed in one thing; just (one thing, no need to worry about the rest); simply	15701	6
压倒	yā dǎo	to overwhelm; to overpower; overwhelming	15711	7
曰	yuē	to speak; to say	15711	7
嫌弃	xián qì	to regard with disdain; to shun	15715	7
便捷	biàn jié	convenient and fast	15719	7
基层	jī céng	basic level; grassroots unit; basement layer	15719	7
栽培	zāi péi	to grow; to cultivate; to train	15725	7
灌溉	guàn gài	to irrigate	15731	7
归结	guī jié	to sum up; to conclude; to put in a nutshell; conclusion; end (of a story etc)	15733	7
平日	píng rì	ordinary day; everyday; ordinarily	15735	7
能干	néng gàn	capable; competent	15736	4
参见	cān jiàn	to refer to; compare (cf.); to pay respect to	15738	7
出汗	chū hàn	to perspire; to sweat	15744	5
向导	xiàng dǎo	guide	15744	5
无家可归	wú jiā kě guī	homeless	15746	7
外卖	wài mài	(of a restaurant) to provide a takeout or home delivery meal; takeout (business); takeout (meal)	15748	2
锤子	chuí zi	hammer	15750	7
敷衍	fū yǎn	to elaborate (on a theme); to expound (the classics); perfunctory	15754	6
恳求	kěn qiú	to beg; to beseech; to entreat	15766	7
批发	pī fā	wholesale; bulk trade; distribution	15769	7
可贵	kě guì	to be treasured; praiseworthy	15774	7
勤劳	qín láo	hardworking; industrious; diligent	15777	7
松弛	sōng chí	to relax; relaxed; limp	15782	7
路途	lù tú	(lit. and fig.) road; path	15788	7
中旬	zhōng xún	middle third of a month	15789	7
运算	yùn suàn	to perform calculations; (mathematical) operation	15793	6
张贴	zhāng tiē	to post (a notice); to advertise	15794	7
湿润	shī rùn	moist	15795	7
外企	wài qǐ	foreign enterprise; company established in mainland China with direct investment from foreign entities or from investors in Taiwan, Macao or Hong Kong	15812	7
致辞	zhì cí	to express in words or writing; to make a speech (esp. short introduction, vote of thanks, afterword, funeral homily etc); to address (an audience)	15818	7
文盲	wén máng	illiterate	15821	7
更是	gèng shì	even more (so)	15824	6
用人	yòng rén	servant; to employ sb for a job; to manage people	15824	7
瓦解	wǎ jiě	to collapse; to disintegrate; to crumble; to disrupt; to break up	15829	6
腐朽	fǔ xiǔ	rotten; decayed; decadent	15832	7
深信	shēn xìn	to believe firmly	15833	7
据此	jù cǐ	according to this; on the ground of the above; (formally introduces reported speech in writing)	15841	7
厄运	è yùn	bad luck; misfortune; adversity	15845	7
多元化	duō yuán huà	diversification; pluralism; to diversify	15847	6
误差	wù chā	difference; error; inaccuracy	15847	7
风俗	fēng sú	social custom	15849	4
后遗症	hòu yí zhèng	(medicine) sequelae; residual effects; (fig.) repercussions	15852	7
力求	lì qiú	to make every effort to; striving to do one's best	15855	7
接力	jiē lì	relay	15869	7
忠心	zhōng xīn	good faith; devotion; loyalty	15871	6
消遣	xiāo qiǎn	to while the time away; amusement; pastime	15871	7
含糊	hán hu	ambiguous; vague; careless	15873	7
情谊	qíng yì	friendship; camaraderie	15880	7
造假	zào jiǎ	to counterfeit; to pass off a fake as genuine	15884	7
谎话	huǎng huà	lie	15885	7
虚幻	xū huàn	imaginary; illusory	15889	7
泻	xiè	to flow out swiftly; to flood; a torrent	15896	7
会诊	huì zhěn	consultation (medical); to meet for diagnosis; (by extension) consultation of different specialists	15904	7
攀登	pān dēng	to climb; to pull oneself up; to clamber	15910	6
沼泽	zhǎo zé	marsh; swamp; wetlands	15922	7
近年来	jìn nián lái	for the past few years	15924	7
诱发	yòu fā	to induce; to cause; to elicit	15926	7
油炸	yóu zhá	to deep fry	15944	5
颠簸	diān bǒ	to be jolted around (car on a bumpy road, boat on a rough sea, aircraft experiencing turbulence); (fig.) to undergo a rough experience	15953	6
歪曲	wāi qū	to distort; to misrepresent	15953	7
生平	shēng píng	life (a person's whole life); in one's entire life	15961	7
班主任	bān zhǔ rèn	teacher in charge of a class	15965	5
动不动	dòng bu dòng	(typically followed by 就) apt to (lose one's temper, catch a cold etc); at the drop of a hat	15977	7
口感	kǒu gǎn	mouthfeel; texture (of food)	15978	7
知识分子	zhī shi fèn zǐ	intellectual; intelligentsia; learned person	15978	7
念书	niàn shū	to read; to study	15989	7
公鸡	gōng jī	cock; rooster	15990	6
疑点	yí diǎn	a doubtful point	15992	7
突如其来	tū rú qí lái	to arise abruptly; to arrive suddenly; happening suddenly	15992	7
嗅觉	xiù jué	sense of smell	15998	7
固然	gù rán	admittedly (it's true that...)	15998	7
安眠药	ān mián yào	sleeping pill	16000	7
千方百计	qiān fāng bǎi jì	lit. thousand ways, a hundred plans (idiom); by every possible means	16008	7
招收	zhāo shōu	to hire; to recruit	16009	7
接班人	jiē bān rén	successor	16009	7
连夜	lián yè	that very night; through the night; for several nights in a row	16020	7
拐杖	guǎi zhàng	crutches; crutch; walking stick	16022	7
以至	yǐ zhì	down to; up to; to such an extent as to ...	16023	6
理科	lǐ kē	the sciences (as opposed to the humanities 科)	16024	7
军舰	jūn jiàn	warship; military naval vessel	16028	6
幻影	huàn yǐng	phantom; mirage	16031	7
醒悟	xǐng wù	to come to oneself; to come to realize; to come to see the truth	16036	7
协议书	xié yì shū	contract; protocol	16037	5
次日	cì rì	next day; the morrow	16038	7
胶带	jiāo dài	adhesive tape; magnetic tape	16042	5
落实	luò shí	practical; workable; to implement	16045	5
摆动	bǎi dòng	to sway; to swing; to move back and forth	16046	4
实况	shí kuàng	live (e.g. broadcast or recording); what is actually happening; scene	16049	7
禁不住	jīn bu zhù	can't help it; can't bear it	16061	7
田野	tián yě	field; open land	16069	5
接送	jiē sòng	to pick up and drop off; to ferry back and forth	16079	7
凄凉	qī liáng	mournful; miserable	16083	7
摧残	cuī cán	to ravage; to ruin	16091	6
汇集	huì jí	to collect; to compile; to converge	16093	7
抢夺	qiǎng duó	to plunder; to pillage; to forcibly take	16103	7
旨在	zhǐ zài	to have as its purpose; to be intended to; to aim to (do sth)	16107	7
界定	jiè dìng	definition; to delimit	16108	7
出发点	chū fā diǎn	starting point; (fig.) basis; motive	16115	7
螺丝	luó sī	screw	16116	7
平方米	píng fāng mǐ	square meter	16119	6
炉子	lú zi	stove; oven; furnace	16127	7
新陈代谢	xīn chén dài xiè	metabolism (biology); the new replaces the old (idiom)	16136	7
力争	lì zhēng	to work hard for; to do all one can; to contend strongly	16137	7
果园	guǒ yuán	orchard	16137	7
英明	yīng míng	wise; brilliant	16155	6
实话实说	shí huà shí shuō	to tell the truth; to tell it as it is	16161	7
类别	lèi bié	classification; category	16163	7
各式各样	gè shì gè yàng	(of) all kinds and sorts; various	16165	7
或多或少	huò duō huò shǎo	more or less	16166	7
捶	chuí	to beat (with a stick or one's fist); to thump; to pound	16170	7
爆竹	bào zhú	firecracker	16172	7
填充	tián chōng	to fill up; to stuff; to fill in a blank space	16183	7
法人	fǎ rén	legal person; corporation	16184	6
一动不动	yī dòng bù dòng	motionless	16188	7
诱饵	yòu ěr	bait	16190	7
顺心	shùn xīn	happy; satisfactory	16192	7
筛	shāi	(bound form) a sieve; to sieve; to sift; to filter; to eliminate through selection	16197	7
教材	jiào cái	teaching material	16199	3
相约	xiāng yuē	to agree (on a meeting place, date etc); to reach agreement; to make an appointment	16205	7
羞耻	xiū chǐ	(a feeling of) shame	16207	6
血栓	xuè shuān	blood clot; thrombus	16211	7
交情	jiāo qing	friendship; friendly relations	16213	7
洁净	jié jìng	clean; to cleanse	16213	7
连任	lián rèn	to continue in (a political) office; to serve for another term of office	16220	7
方便面	fāng biàn miàn	instant noodles	16225	2
应酬	yìng chou	to engage in social activities; to socialize; dinner party; banquet; social engagement	16229	7
涌现	yǒng xiàn	to emerge in large numbers; to spring up; to emerge prominently	16229	7
偏差	piān chā	bias; deviation	16233	7
稻草	dào cǎo	rice straw	16234	7
吝啬	lìn sè	stingy; mean; miserly	16240	6
惊动	jīng dòng	to alarm; to startle; to disturb	16243	6
片断	piàn duàn	section; fragment; segment	16243	6
凶狠	xiōng hěn	cruel; vicious; fierce and malicious	16248	7
陨石	yǔn shí	meteorite; aerolite	16248	7
急躁	jí zào	irritable; irascible; impetuous	16250	6
偏向	piān xiàng	partial towards sth; to prefer; to incline	16250	7
间隙	jiàn xì	interval; gap; clearance	16253	7
抗衡	kàng héng	to compete with; to vie with; to counter	16255	7
存折	cún zhé	passbook; bankbook	16257	7
担负	dān fù	to shoulder; to bear; to undertake	16260	7
狼狈	láng bèi	in a difficult situation; to cut a sorry figure; scoundrel! (derog.)	16266	7
俄语	é yǔ	Russian (language)	16273	7
在职	zài zhí	to be employed; to be in post; on-the-job	16273	7
违约	wéi yuē	to break a promise; to violate an agreement; to default (on a loan or contract)	16276	7
教育部	jiào yù bù	Ministry of Education	16284	6
躲藏	duǒ cáng	to conceal oneself; to go into hiding; to take cover	16284	7
联网	lián wǎng	to connect (or be connected) to a network; to network	16288	7
银幕	yín mù	movie screen	16291	7
无所事事	wú suǒ shì shì	to have nothing to do; to idle one's time away (idiom)	16294	7
客车	kè chē	coach; bus; passenger train	16300	6
盛行	shèng xíng	to be in vogue; to be popular; to be prevalent	16304	6
感触	gǎn chù	one's thoughts and feelings; emotional stirring; moved	16304	7
替身	tì shēn	stand-in; substitute; body double	16305	7
抒情	shū qíng	to express emotion; lyric	16306	7
不正之风	bù zhèng zhī fēng	unhealthy tendency	16308	7
东边	dōng bian	east; east side; eastern part	16314	1
包子	bāo zi	bao (steamed stuffed bun)	16315	1
真挚	zhēn zhì	sincere; sincerity	16317	7
开水	kāi shuǐ	boiled water; boiling water	16321	4
为首	wéi shǒu	head; be headed by	16331	6
交集	jiāo jí	(of diverse emotions) to occur simultaneously; to intermingle; common ground; points of commonality; overlap; connection; interaction; dealings	16337	7
糟蹋	zāo tà	to waste; to defile; to abuse	16341	6
打猎	dǎ liè	to go hunting	16343	7
痛心	tòng xīn	grieved; pained	16344	7
告辞	gào cí	to say goodbye; to take one's leave	16347	7
理睬	lǐ cǎi	to heed; to pay attention to	16350	7
效益	xiào yì	benefit; effectiveness; efficiency	16352	7
害虫	hài chóng	injurious insect; pest	16355	7
停滞	tíng zhì	stagnation; at a standstill; bogged down	16362	6
提炼	tí liàn	to extract (ore, minerals etc); to refine; to purify	16362	7
团圆	tuán yuán	to have a reunion	16364	7
待会儿	dāi huì r	in a moment; later; also pr. [dāi huǐ r] or [dāi hui r]	16373	6
摆平	bǎi píng	to be fair; to be impartial; to settle (a matter etc)	16373	7
屡	lǚ	time and again; repeatedly; frequently	16379	7
清静	qīng jìng	quiet; peaceful and quiet	16392	7
喘息	chuǎn xī	to gasp for breath; to take a breather	16397	7
转折点	zhuǎn zhé diǎn	turning point; breaking point	16397	7
恰巧	qià qiǎo	by chance; as chance would have it	16400	7
管教	guǎn jiào	to discipline; to teach; to guarantee	16412	7
合计	hé jì	to add up the total; to figure what sth amounts to; to consider	16414	7
小溪	xiǎo xī	brook; streamlet	16437	7
单打	dān dǎ	singles (in sports)	16439	6
专人	zhuān rén	specialist; person appointed for specific task	16448	7
饭馆	fàn guǎn	restaurant	16449	2
天分	tiān fèn	natural gift; talent	16449	7
棋子	qí zǐ	chess piece; (fig.) a pawn (used by others for their own purposes)	16454	7
重创	zhòng chuāng	to inflict heavy losses; to inflict serious damage	16454	7
频频	pín pín	repeatedly; again and again; continuously	16455	7
缅怀	miǎn huái	to commemorate; to recall fondly; to think of the past	16462	7
拆迁	chāi qiān	to demolish a building and relocate the inhabitants	16470	6
取而代之	qǔ ér dài zhī	(idiom) to replace; to supersede; to take its (or her etc) place	16470	7
后裔	hòu yì	descendant	16471	7
饱满	bǎo mǎn	full; plump	16473	7
处长	chù zhǎng	department head; section chief	16474	6
汹涌	xiōng yǒng	to surge up violently (of ocean, river, lake etc); turbulent	16474	7
稀罕	xī han	rare; uncommon; rare thing; rarity; to value as a rarity; to cherish	16474	7
一家人	yī jiā rén	household; the whole family	16475	7
坚持不懈	jiān chí bù xiè	to persevere unremittingly (idiom); to keep going until the end	16488	7
尖端	jiān duān	sharp pointed end; the tip; the cusp	16490	7
反动	fǎn dòng	reaction; reactionary	16500	6
气压	qì yā	atmospheric pressure; barometric pressure	16502	6
限定	xiàn dìng	to restrict to; to limit	16505	7
心里话	xīn li huà	(to express one's) true feelings; what is on one's mind; secret mind	16506	7
馒头	mán tou	steamed roll; steamed bun; steamed bread	16507	6
少不了	shǎo bu liǎo	cannot do without; to be unavoidable; are bound to be many	16510	7
念念不忘	niàn niàn bù wàng	to keep in mind constantly (idiom)	16511	7
乌云	wū yún	black cloud	16527	6
竟敢	jìng gǎn	to have the impertinence; to have the cheek to	16529	7
贝壳	bèi ké	shell; conch; cowry	16537	7
橙汁	chéng zhī	orange juice	16540	7
绷带	bēng dài	bandage (loanword)	16542	7
萧条	xiāo tiáo	bleak; desolate; (economics) in a slump; sluggish; depressed	16548	7
架势	jià shi	attitude; position (on an issue etc)	16551	7
书架	shū jià	bookshelf	16554	3
内地	nèi dì	inland; interior; hinterland	16557	6
先天	xiān tiān	embryonic period (contrasted with 后天 [hòu tiān]); inborn; innate	16558	7
无动于衷	wú dòng yú zhōng	aloof; indifferent; unconcerned	16560	6
记号	jì hao	mark; symbol; notation	16561	7
溜达	liū da	to stroll; to go for a walk	16564	7
参谋	cān móu	staff officer; to give advice	16567	7
外头	wài tou	outside; out	16569	6
保鲜	bǎo xiān	to keep fresh	16569	7
淌	tǎng	to drip; to trickle; to shed (tears)	16569	7
售票	shòu piào	to sell tickets	16573	7
感叹	gǎn tàn	to sigh (with feeling); to lament	16574	7
碑	bēi	a monument; an upright stone tablet; stele	16576	7
传记	zhuàn jì	biography	16580	7
吉祥	jí xiáng	lucky; auspicious; propitious	16584	6
求职	qiú zhí	to seek employment	16584	6
爽快	shuǎng kuai	refreshed; rejuvenated; frank and straightforward	16589	7
不择手段	bù zé shǒu duàn	by fair means or foul; by hook or by crook; unscrupulously	16590	6
下棋	xià qí	to play chess	16593	7
捧场	pěng chǎng	to cheer on (originally esp. as paid stooge); to root for sb; to sing sb's praises	16594	7
言辞	yán cí	words; expression; what one says	16596	7
倔强	jué jiàng	stubborn; obstinate; unbending	16602	7
血脉	xuè mài	blood vessels	16612	7
煤炭	méi tàn	coal	16613	7
名著	míng zhù	masterpiece	16615	7
枪毙	qiāng bì	to execute by firing squad; to shoot dead; fig. to discard	16619	7
瞧不起	qiáo bù qǐ	to look down upon; to hold in contempt	16626	7
大体	dà tǐ	in general; more or less; in rough terms; basically; on the whole; overall situation; the big picture; cadaver for dissection in training medical students	16631	7
充电器	chōng diàn qì	battery charger	16655	4
大惊小怪	dà jīng xiǎo guài	to make a fuss about nothing (idiom)	16657	7
渔民	yú mín	fisherman; fisher folk	16659	7
发愁	fā chóu	to worry; to fret; to be anxious	16670	7
财力	cái lì	financial resources	16674	7
散文	sǎn wén	prose; essay	16676	5
行李箱	xíng li xiāng	suitcase; baggage compartment; overhead bin	16680	3
核能	hé néng	nuclear energy	16681	7
史无前例	shǐ wú qián lì	unprecedented in history	16692	7
迁徙	qiān xǐ	to migrate; to move	16697	6
高峰期	gāo fēng qī	peak period; rush hour	16706	7
车速	chē sù	vehicle speed	16715	7
扎实	zhā shi	strong; solid; sturdy	16716	6
壁画	bì huà	mural (painting); fresco	16718	7
眼界	yǎn jiè	ken; scope	16720	7
缴费	jiǎo fèi	to pay a fee	16721	7
锈	xiù	to rust	16722	7
不客气	bù kè qi	you're welcome; don't mention it; impolite	16723	1
肖像	xiào xiàng	portrait (painting, photo etc); (in a general sense) representation of a person; likeness	16725	7
不景气	bù jǐng qì	slack; in a slump	16728	7
过问	guò wèn	to show an interest in; to get involved with	16732	6
小贩	xiǎo fàn	peddler; hawker	16732	7
得失	dé shī	gains and losses; success and failure; merits and demerits	16732	7
超前	chāo qián	to be ahead of one's time; to surpass or outdo one's predecessors; to be ahead of the pack	16737	7
解体	jiě tǐ	to break up into components; to disintegrate; to collapse	16739	7
响声	xiǎng shēng	noise	16743	6
窃取	qiè qǔ	to steal (usu. private information, intellectual property etc)	16744	7
不值	bù zhí	not worth	16754	6
祭祀	jì sì	to offer sacrifices to the gods or ancestors	16755	7
现成	xiàn chéng	ready-made; readily available	16759	7
相声	xiàng sheng	comic dialogue; sketch; crosstalk	16761	5
下山	xià shān	to go down a hill; (of the sun or moon) to set	16762	7
天平	tiān píng	scales (to weigh things)	16762	7
问世	wèn shì	to be published; to come out	16765	7
自信心	zì xìn xīn	self-confidence	16766	7
上流	shàng liú	upper class	16770	7
红包	hóng bāo	money wrapped in red as a gift; bonus payment; kickback	16771	4
吃力	chī lì	to entail strenuous effort; to toil at a task; strenuous	16781	5
赤字	chì zì	(financial) deficit; red letter	16781	7
公证	gōng zhèng	notarization; notarized; acknowledgement	16782	7
朴素	pǔ sù	plain and simple; unadorned; simple living	16787	7
国歌	guó gē	national anthem	16796	6
气色	qì sè	complexion	16801	6
辫子	biàn zi	plait; braid; pigtail	16801	7
口罩	kǒu zhào	mask (surgical etc)	16802	7
抵消	dǐ xiāo	to counteract; to cancel out; to offset	16811	7
别致	bié zhì	unusual; unique	16822	7
演艺圈	yǎn yì quān	show business	16822	7
赞叹	zàn tàn	to exclaim in admiration	16824	7
里程碑	lǐ chéng bēi	milestone	16826	7
师生	shī shēng	teachers and students	16827	6
倒车	dào chē	to reverse (a vehicle); to drive backwards	16831	4
健壮	jiàn zhuàng	robust; healthy; sturdy	16844	7
留神	liú shén	to take care; to be careful	16844	7
甜头	tián tou	sweet taste (of power, success etc); benefit	16846	7
搭建	dā jiàn	to build (esp. with simple materials); to knock together (a temporary shed); to rig up	16849	7
质地	zhì dì	texture; background (texture); grain	16862	7
成型	chéng xíng	to become shaped; to become formed	16863	7
后头	hòu tou	behind; the back; the rear	16864	4
椰子	yē zi	a coconut palm; a coconut	16865	7
游玩	yóu wán	to amuse oneself; to have fun; to go sightseeing	16867	6
公用	gōng yòng	public; for public use	16875	7
舞厅	wǔ tīng	dance hall; ballroom	16879	7
歼灭	jiān miè	to wipe out; to crush; to annihilate	16884	7
防治	fáng zhì	to prevent and cure; prevention and cure	16888	5
调试	tiáo shì	to debug; to adjust components during testing; debugging	16893	7
悔恨	huǐ hèn	remorse; repentance	16897	7
介于	jiè yú	between; intermediate; to lie between	16902	7
机灵	jī ling	clever; quick-witted	16909	7
两侧	liǎng cè	two sides; both sides	16912	6
品德	pǐn dé	moral character	16921	7
刊物	kān wù	publication	16925	7
白菜	bái cài	Chinese cabbage; pak choi	16930	3
端正	duān zhèng	upright; regular; proper	16934	7
风力	fēng lì	wind force; wind power	16936	7
互补	hù bǔ	complementary; to complement each other	16940	7
领略	lǐng lu:è	to have a taste of; to realize; to appreciate	16941	7
回扣	huí kòu	brokerage; a commission paid to a middleman; euphemism for a bribe	16947	7
次要	cì yào	secondary	16951	5
冷落	lěng luò	desolate; unfrequented; to treat sb coldly	16953	7
羽毛球	yǔ máo qiú	shuttlecock; badminton	16966	5
乐曲	yuè qǔ	musical composition	16970	6
安详	ān xiáng	serene	16971	6
执意	zhí yì	to be determined to; to insist on	16982	7
坛	tán	platform; rostrum; altar	16984	7
母鸡	mǔ jī	hen; don't know (humorous slang mimicking Cantonese 唔知, Jyutping: m4 zi1)	16985	6
官兵	guān bīng	(military) officers and soldiers; officers and men	16987	7
赛跑	sài pǎo	race (running); to race (running)	16992	7
片面	piàn miàn	unilateral; one-sided	16993	4
本科	běn kē	undergraduate course; undergraduate (attributive)	16998	4
杠杆	gàng gǎn	lever; pry bar; crowbar	17014	6
墓碑	mù bēi	gravestone; tombstone	17027	7
鞭炮	biān pào	firecrackers; string of small firecrackers	17033	7
涵盖	hán gài	to cover; to comprise; to include	17034	7
筐	kuāng	basket	17034	7
专制	zhuān zhì	autocracy; dictatorship	17036	7
放肆	fàng sì	wanton; unbridled; presumptuous	17039	7
清淡	qīng dàn	light (of food, not greasy or strongly flavored); insipid; slack (sales)	17042	7
新兴	xīn xīng	(of markets, industries, infectious diseases etc) rising; emerging; in the ascendant	17047	6
酒水	jiǔ shuǐ	beverage; drink	17047	6
灯笼	dēng lóng	lantern	17051	7
私事	sī shì	personal matters	17057	7
元老	yuán lǎo	senior figure; elder; doyen	17065	7
发炎	fā yán	to become inflamed; inflammation	17067	6
幸免	xìng miǎn	to avoid (an unpleasant fate)	17067	7
紧凑	jǐn còu	compact; terse; tight (schedule)	17071	7
饮用水	yǐn yòng shuǐ	drinking water; potable water	17077	7
押金	yā jīn	deposit; down payment	17113	5
低迷	dī mí	blurred (landscape etc); low (spirits); in a slump (economy)	17114	7
物价	wù jià	(commodity) prices	17118	5
不定	bù dìng	indefinite; indeterminate; (botany) adventitious	17123	7
公墓	gōng mù	public cemetery	17129	7
畔	pàn	(bound form) side; edge; boundary	17135	6
深思	shēn sī	to ponder; to consider	17135	7
发怒	fā nù	to get angry	17138	6
看得出	kàn de chū	can see; can tell	17140	7
稳重	wěn zhòng	steady; earnest; staid	17141	7
殿堂	diàn táng	palace; hall; temple buildings	17143	7
晚年	wǎn nián	one's later years	17146	7
仇人	chóu rén	foe; one's personal enemy	17149	7
球鞋	qiú xié	athletic shoes	17153	2
攻克	gōng kè	to capture; to take; to overcome	17154	6
沿岸	yán àn	coastal area; littoral or riparian	17154	7
年终	nián zhōng	end of the year	17158	7
汇合	huì hé	confluence; to converge; to join	17160	7
汇款	huì kuǎn	to remit money; remittance	17166	5
物证	wù zhèng	material evidence	17180	7
坐落	zuò luò	to be situated; to be located (of a building)	17181	7
狭小	xiá xiǎo	narrow	17182	7
一刹那	yī chà nà	a moment; an instant; in a flash	17189	7
涌入	yǒng rù	to come pouring in; influx	17190	7
瘫	tān	paralyzed	17190	7
草率	cǎo shuài	careless; negligent; sloppy	17191	6
隐约	yǐn yuē	vague; faint; indistinct	17193	7
霸占	bà zhàn	to occupy by force; to seize; to dominate	17196	7
呼救	hū jiù	to call for help	17198	7
相提并论	xiāng tí bìng lùn	to discuss two disparate things together (idiom); to mention on equal terms; to place on a par with; (often with negatives: impossible to mention X in the same breath as Y)	17200	7
农产品	nóng chǎn pǐn	agricultural produce	17202	5
笨拙	bèn zhuō	clumsy; awkward; stupid	17203	6
尤为	yóu wéi	especially	17205	7
序幕	xù mù	prologue	17209	7
抄袭	chāo xí	to plagiarize; to copy; to attack the flank or rear of an enemy	17210	7
常理	cháng lǐ	common sense; conventional reasoning and morals	17217	7
气泡	qì pào	bubble; blister (in metal); (of beverages) sparkling	17227	7
桑拿	sāng ná	sauna (loanword)	17234	7
热气	rè qì	steam; heat	17239	7
委婉	wěi wǎn	tactful; euphemistic; (of voice etc) suave	17242	7
坚韧	jiān rèn	tough and durable; tenacious	17246	7
防盗	fáng dào	to guard against theft; anti-theft	17252	7
不见得	bù jiàn de	not necessarily; not likely	17256	7
不解	bù jiě	to not understand; to be puzzled by; indissoluble	17259	7
阀门	fá mén	valve (mechanical)	17259	7
契机	qì jī	opportunity; turning point; juncture	17262	7
对得起	duì de qǐ	not to let sb down; to treat sb fairly; be worthy of	17263	7
独裁	dú cái	dictatorship	17264	6
齐心协力	qí xīn xié lì	to work with a common purpose (idiom); to make concerted efforts; to pull together; to work as one	17271	7
顺从	shùn cóng	obedient; to comply; to submit	17272	7
休想	xiū xiǎng	don't think (that); don't imagine (that)	17275	7
叹气	tàn qì	to sigh; to heave a sigh	17278	6
凿	záo	chisel; to bore a hole; to chisel or dig	17288	7
瓶颈	píng jǐng	neck of a bottle; (fig.) bottleneck; problem that impedes progress	17291	7
累计	lěi jì	to calculate the running total; cumulative; total	17303	7
止步	zhǐ bù	to halt; to stop; to go no farther	17306	7
水龙头	shuǐ lóng tóu	faucet; tap	17310	7
床位	chuáng wèi	bed (in hospital, hotel, train etc); berth; bunk	17311	7
征集	zhēng jí	to collect; to recruit	17311	7
见效	jiàn xiào	to have the desired effect	17312	7
赶不上	gǎn bù shàng	can't keep up with; can't catch up with; cannot overtake	17330	6
书桌	shū zhuō	desk	17331	5
措手不及	cuò shǒu bù jí	no time to deal with it (idiom); caught unprepared	17342	7
拓宽	tuò kuān	to broaden	17344	7
台灯	tái dēng	desk lamp; table lamp	17349	6
罢休	bà xiū	to give up; to abandon (a goal etc); to let sth go	17351	7
手帕	shǒu pà	handkerchief	17352	7
征收	zhēng shōu	to levy (a tax); to expropriate	17356	7
喘气	chuǎn qì	to breathe deeply; to pant; to gasp; to take a breather; to catch one's breath	17357	6
小费	xiǎo fèi	tip; gratuity	17358	6
稳健	wěn jiàn	firm; stable and steady	17364	7
社论	shè lùn	editorial (in a newspaper)	17368	7
确凿	què záo	definite; conclusive; undeniable	17369	7
历来	lì lái	always; throughout (a period of time); (of) all-time	17374	7
就任	jiù rèn	to take office; to assume a post	17375	7
西班牙语	xī bān yá yǔ	Spanish language	17382	6
忘不了	wàng bù liǎo	cannot forget	17402	7
淀粉	diàn fěn	starch; amylum (C6H10O5)n	17407	7
牵制	qiān zhì	to control; to curb; to restrict	17412	7
达标	dá biāo	to reach a set standard	17413	7
实惠	shí huì	tangible benefit; material advantages; cheap	17421	5
变迁	biàn qiān	changes; vicissitudes	17425	7
冤	yuān	injustice; grievance; wrong	17435	7
属性	shǔ xìng	attribute; property	17443	7
充沛	chōng pèi	abundant; plentiful; vigorous	17447	7
流利	liú lì	fluent	17449	2
简要	jiǎn yào	concise; brief	17452	7
自力更生	zì lì gēng shēng	regeneration through one's own effort (idiom); self-reliance	17454	7
交朋友	jiāo péng you	to make friends; (dialect) to start an affair with sb	17456	2
阶梯	jiē tī	flight of steps; (fig.) stepping stone; way to reach the goal of	17459	7
藏品	cáng pǐn	museum piece; collector's item; precious object	17462	7
毯子	tǎn zi	blanket	17479	7
梢	shāo	tip of branch	17485	6
桃花	táo huā	peach blossom; (fig.) love affair	17500	5
港湾	gǎng wān	bay serving as a harbor	17501	6
无理取闹	wú lǐ qǔ nào	to make trouble without reason (idiom); to be deliberately provocative	17505	6
中性	zhōng xìng	neutral	17507	7
忧愁	yōu chóu	to be worried	17511	7
不易	bù yì	not easy to do sth; difficult; unchanging	17513	5
跳伞	tiào sǎn	to parachute; to bail out; parachute jumping	17522	7
一路顺风	yī lù shùn fēng	to have a pleasant journey (idiom)	17523	2
核电站	hé diàn zhàn	nuclear power plant	17531	7
催促	cuī cù	to urge	17534	7
宽度	kuān dù	width	17535	5
晚报	wǎn bào	evening newspaper; (in a newspaper's name) Evening News	17540	2
轮船	lún chuán	steamship; steamer; steamboat	17543	4
头条	tóu tiáo	Toutiao, personalized content recommendation app (abbr. for 今日头条)	17548	7
唯独	wéi dú	only; just (i.e. it is only that...); all except	17552	7
自始至终	zì shǐ zhì zhōng	from start to finish (idiom)	17560	7
一帆风顺	yī fān fēng shùn	propitious wind throughout the journey (idiom); plain sailing; to go smoothly	17562	7
回升	huí shēng	to rise again after a fall; to pick up; rally (stock market etc)	17568	7
孝顺	xiào shùn	filial; dutiful; devoted to one's parents (and grandparents etc)	17571	7
宽广	kuān guǎng	wide; broad; extensive	17575	4
嘱咐	zhǔ fù	to tell; to exhort; injunction	17575	7
橡皮	xiàng pí	rubber; an eraser	17575	7
胸怀	xiōng huái	one's bosom (the seat of emotions); breast; broad-minded and open	17578	6
学说	xué shuō	theory; doctrine	17578	7
前头	qián tou	in front; at the head; ahead	17581	4
并购	bìng gòu	merger and acquisition (M and A); acquisition; to take over	17583	7
南边	nán bian	south; south side; southern part	17587	1
胡须	hú xū	beard	17602	5
经商	jīng shāng	to trade; to carry out commercial activities; in business	17606	7
年前	nián qián	by the end of the year; at the end of the year; shortly before New Year	17615	5
抵触	dǐ chù	to conflict; to contradict	17615	7
退休金	tuì xiū jīn	retirement pay; pension	17615	7
矛头	máo tóu	spearhead; barb; an attack or criticism	17616	7
避难	bì nàn	refuge; to take refuge; to seek asylum (political etc)	17616	7
太极	tài jí	the Absolute or Supreme Ultimate, the source of all things according to some interpretations of Chinese mythology	17618	7
唾液	tuò yè	saliva	17628	7
甘心	gān xīn	to be willing to; to resign oneself to	17629	7
元旦	yuán dàn	New Year's Day	17634	5
转眼	zhuǎn yǎn	in a flash; in the blink of an eye; to glance	17636	7
北边	běi biān	north; north side; northern part	17637	1
清真寺	qīng zhēn sì	mosque	17637	7
进修	jìn xiū	to undertake advanced studies; to take a refresher course	17658	7
媲美	pì měi	to match; is comparable with	17662	7
浓厚	nóng hòu	dense; thick (fog, clouds etc); to have a strong interest in	17664	7
盘算	pán suàn	to plot; to scheme; to calculate	17666	7
纽扣	niǔ kòu	button	17672	7
平坦	píng tǎn	level; even; smooth	17673	5
难听	nán tīng	unpleasant to hear; coarse; vulgar	17675	2
权衡	quán héng	to consider; to weigh (a matter); to balance (pros and cons)	17687	7
庄重	zhuāng zhòng	grave; solemn; dignified	17692	6
新潮	xīn cháo	modern; fashionable	17692	7
势必	shì bì	to be bound to; undoubtedly will	17695	7
刺绣	cì xiù	to embroider; embroidery	17696	7
钢笔	gāng bǐ	fountain pen	17703	5
药水	yào shuǐ	medicine in liquid form; bottled medicine; lotion	17705	2
学士	xué shì	bachelor's degree; person holding a university degree	17708	7
举重	jǔ zhòng	to lift weights; weight-lifting (sports)	17715	7
愈来愈	yù lái yù	more and more	17719	7
清凉	qīng liáng	cool; refreshing; (of clothing) skimpy	17723	7
刨	páo	to dig; to excavate; (coll.) to exclude	17726	7
裂痕	liè hén	crack; gap; split	17741	7
心想事成	xīn xiǎng shì chéng	to have one's wishes come true; wish you the best!	17746	7
集资	jí zī	to raise money; to accumulate funds	17748	7
公立	gōng lì	public (e.g. school, hospital)	17751	7
缩水	suō shuǐ	to shrink (in the wash); fig. to shrink (of profits etc)	17775	7
动工	dòng gōng	to start (a building project)	17779	7
遛	liù	to stroll; to walk (an animal)	17781	7
迟迟	chí chí	late (with a task etc); slow	17783	7
水壶	shuǐ hú	kettle; canteen; watering can	17784	7
演播室	yǎn bō shì	broadcasting studio	17796	7
花卉	huā huì	flowers and plants	17806	7
兴建	xīng jiàn	to build; to construct	17808	7
口令	kǒu lìng	oral command; a word of command (used in drilling troops or gymnasts); password (used by sentry)	17813	7
心肠	xīn cháng	heart; intention; one's inclination	17817	7
贬低	biǎn dī	to belittle; to disparage; to play down	17829	6
无故	wú gù	without cause or reason	17829	7
作对	zuò duì	to set oneself against; to oppose; to make a pair	17854	7
大幅度	dà fú dù	by a wide margin; substantial	17856	7
反问	fǎn wèn	to ask (a question) in reply; to answer a question with a question; rhetorical question	17873	6
国产	guó chǎn	domestically produced	17875	6
菩萨	pú sà	Bodhisattva (Buddhism)	17880	7
普及	pǔ jí	to spread extensively; to generalize; widespread	17888	3
就地	jiù dì	locally; on the spot	17889	7
亲朋好友	qīn péng hǎo yǒu	friends and family; kith and kin	17899	7
二手车	èr shǒu chē	second-hand car	17912	7
胆怯	dǎn qiè	timidity; timid; cowardly	17934	7
刺耳	cì ěr	ear-piercing	17939	7
狭隘	xiá ài	narrow; tight; narrow minded	17946	7
命题	mìng tí	proposition (logic, math.); to assign an essay topic	17947	7
狠心	hěn xīn	callous; heartless; to resolve (to do sth); firm resolve (as in 心)	17952	6
瘟疫	wēn yì	plague; pestilence	17960	7
早年	zǎo nián	many years ago; in the past; in one's early years	17977	7
山脉	shān mài	mountain range	17979	6
淡水	dàn shuǐ	potable water (water with low salt content); fresh water	17985	6
厚度	hòu dù	thickness	17989	7
罪魁祸首	zuì kuí huò shǒu	criminal ringleader, main offender (idiom); main culprit; fig. main cause of a disaster	18017	7
据悉	jù xī	according to reports; it is reported (that)	18018	7
款待	kuǎn dài	to entertain; to be hospitable to	18024	6
修长	xiū cháng	slender; lanky; tall and thin	18026	7
名次	míng cì	position in a ranking of names; place; rank	18029	6
汇率	huì lǜ	exchange rate	18037	4
惯性	guàn xìng	(physics) inertia; (fig.) force of habit; tendency to do things in the accustomed way	18045	7
工艺品	gōng yì pǐn	handicraft article; handiwork	18046	5
休养	xiū yǎng	to recuperate; to recover; to convalesce	18052	7
结冰	jié bīng	to freeze	18059	7
凉爽	liáng shuǎng	cool and refreshing	18060	7
庆贺	qìng hè	to congratulate; to celebrate	18065	7
标示	biāo shì	to indicate	18067	7
热水器	rè shuǐ qì	water heater	18075	6
昼夜	zhòu yè	day and night; period of 24 hours; continuously, without stop	18083	7
鼠标	shǔ biāo	mouse (computing)	18087	5
下意识	xià yì shí	subconscious mind	18088	7
匪徒	fěi tú	gangster; bandit	18089	6
返还	fǎn huán	restitution; return of something to its original owner; remittance	18090	7
发酵	fā jiào	to ferment; (fig.) (of trends, emotions or repercussions etc) to bubble away; to simmer; to develop	18094	7
同期	tóng qī	the corresponding time period (in a different year etc); concurrent; synchronous	18095	6
兼容	jiān róng	compatible	18105	7
界线	jiè xiàn	limits; bounds; dividing line	18105	7
祥和	xiáng hé	auspicious and peaceful	18109	7
和蔼	hé ǎi	kindly; nice; amiable	18111	7
奥秘	ào mì	secret; mystery	18113	7
繁重	fán zhòng	heavy; burdensome; heavy-duty	18136	7
钻研	zuān yán	to study meticulously; to delve into	18148	7
友人	yǒu rén	friend	18153	7
采矿	cǎi kuàng	mining	18159	7
通俗	tōng sú	common; everyday; average	18163	7
烘	hōng	to bake; to heat by fire; to set off by contrast	18172	6
大宗	dà zōng	large amount; staple; influential family of long standing	18180	7
伙食	huǒ shí	food; meals	18184	7
常年	cháng nián	all year round; for years on end; average year	18186	6
地下水	dì xià shuǐ	groundwater	18186	7
辞退	cí tuì	to dismiss; to discharge; to fire	18196	7
口碑	kǒu bēi	public praise; public reputation; commonly held opinions	18199	7
衬托	chèn tuō	to set off	18202	7
抢眼	qiǎng yǎn	eye-catching	18207	7
精简	jīng jiǎn	to simplify; to reduce	18207	7
快车	kuài chē	express (train, bus etc)	18209	6
搁置	gē zhì	to shelve; to set aside	18213	7
无边	wú biān	without boundary; not bordered	18215	6
远见	yuǎn jiàn	foresight; discernment; vision	18215	7
反之	fǎn zhī	on the other hand...; conversely...	18222	6
蔑视	miè shì	to loathe; to despise; contempt	18227	6
感染力	gǎn rǎn lì	infectiousness (of a disease); appeal; power; impact (of an image, marketing message, performance etc)	18227	7
航运	háng yùn	shipping; transport	18229	7
山峰	shān fēng	(mountain) peak	18234	6
真是的	zhēn shi de	Really! (interj. of annoyance or frustration)	18236	7
争气	zhēng qì	to work hard for sth; to resolve on improvement; determined not to fall short	18239	7
敬重	jìng zhòng	to respect deeply; to revere; to esteem	18242	7
外行	wài háng	layman; amateur	18243	7
祸害	huò hài	disaster; harm; scourge	18243	7
后盾	hòu dùn	support; backing	18244	7
方方面面	fāng fāng miàn miàn	all sides; all aspects; multifaceted	18245	7
本钱	běn qián	capital; (fig.) asset; advantage; the means (to do sth)	18266	7
诧异	chà yì	flabbergasted; astonished	18266	7
女孩儿	nǚ hái r	erhua variant of 女孩; girl	18271	1
外援	wài yuán	foreign aid; external aid; (sports) foreign player	18275	7
无济于事	wú jì yú shì	(idiom) to no avail; of no use	18284	7
力所能及	lì suǒ néng jí	as far as one's capabilities extend (idiom); to the best of one's ability; within one's powers	18286	7
透彻	tòu chè	penetrating; thorough; incisive	18296	7
民工	mín gōng	migrant worker (who moved from a rural area of China to a city to find work); temporary worker enlisted on a public project	18297	6
遇上	yù shàng	to come across (sb); to run into	18309	7
当之无愧	dāng zhī wú kuì	fully deserving, without any reservations (idiom); entirely worthy (of a title, honor etc)	18312	7
俗话	sú huà	common saying; proverb	18314	7
中医	zhōng yī	traditional Chinese medical science; a doctor trained in Chinese medicine	18327	2
水利	shuǐ lì	water conservancy; irrigation works	18333	7
奖赏	jiǎng shǎng	reward; prize; award	18337	6
真假	zhēn jiǎ	genuine or fake; true or false	18340	7
坏处	huài chu	harm; troubles	18345	2
源源不断	yuán yuán bù duàn	a steady flow (idiom); an unending stream	18347	7
受罪	shòu zuì	to endure; to suffer; hardships	18362	6
湖泊	hú pō	lake	18372	7
托付	tuō fù	to entrust	18375	7
列举	liè jǔ	a list; to list; to enumerate	18380	7
波及	bō jí	to spread to; to involve; to affect	18382	7
求证	qiú zhèng	to seek proof; to seek confirmation	18393	7
素描	sù miáo	sketch	18393	7
公事	gōng shì	work-related matters; documents	18399	7
烘干	hōng gān	to dry over a stove	18403	7
益处	yì chu	benefit	18403	7
详尽	xiáng jìn	thorough and detailed; exhaustive; the tedious details in full	18410	7
请示	qǐng shì	to ask for instructions	18413	6
年初	nián chū	beginning of the year	18414	3
虚荣	xū róng	vanity	18427	6
焰火	yàn huǒ	fireworks	18440	7
索性	suǒ xìng	you might as well (do it); simply; just	18443	7
彻夜	chè yè	the whole night	18457	7
整治	zhěng zhì	to bring under control; to regulate; to restore to good condition	18458	6
渊源	yuān yuán	origin; source; relationship	18462	7
并列	bìng liè	to stand side by side; to be juxtaposed	18468	7
下功夫	xià gōng fu	see 夫	18471	7
民歌	mín gē	folk song	18474	6
乘务员	chéng wù yuán	attendant on an airplane, train, boat etc	18480	6
交界	jiāo jiè	common boundary; common border	18485	7
写照	xiě zhào	portrayal	18487	7
天文	tiān wén	astronomy	18488	5
鼓动	gǔ dòng	to urge (an activity that may be beneficial, harmful or neutral); to encourage; to agitate; to instigate; to incite; to beat; to flap (wings, a fan etc)	18489	7
科普	kē pǔ	(attributive) popular science; (coll.) to explain in layperson's terms	18500	7
解围	jiě wéi	to lift a siege; to help sb out of trouble or embarrassment	18501	7
倒卖	dǎo mài	to resell at a profit; to speculate	18504	7
这就是说	zhè jiù shì shuō	in other words; that is to say	18506	6
喜庆	xǐ qìng	jubilation; festive	18509	7
基准	jī zhǔn	(surveying) datum; standard; criterion; benchmark	18513	7
岸上	àn shàng	ashore; on the riverbank	18516	5
朗读	lǎng dú	to read aloud	18517	5
警钟	jǐng zhōng	alarm bell	18522	7
朗诵	lǎng sòng	to read aloud with expression; to recite; to declaim	18524	7
显赫	xiǎn hè	illustrious; celebrated	18526	7
窍门	qiào mén	a trick; an ingenious method; know-how	18531	7
燕子	yàn zi	swallow	18534	7
如愿以偿	rú yuàn yǐ cháng	to have one's wish fulfilled	18537	7
就医	jiù yī	to receive medical treatment	18539	7
熄火	xī huǒ	(of fire, lamp etc) to go out; to put out (fire); (fig.) to die down	18547	7
前年	qián nián	the year before last	18549	2
缴纳	jiǎo nà	to pay (taxes etc)	18554	7
强加	qiáng jiā	to impose; to force upon	18555	7
歌颂	gē sòng	to sing the praises of; to extol; to eulogize	18555	7
急忙	jí máng	hastily	18562	4
迁就	qiān jiù	to yield; to adapt to; to accommodate to (sth)	18562	7
团员	tuán yuán	member; group member	18564	7
推论	tuī lùn	to infer; inference; corollary	18566	6
空隙	kòng xì	crack; gap between two objects; gap in time between two events	18570	7
试题	shì tí	exam question; test topic	18577	3
怨言	yuàn yán	complaint	18582	7
陈列	chén liè	to display; to exhibit	18588	7
一连	yī lián	in a row; in succession; running	18593	7
查处	chá chǔ	to investigate and handle (a criminal case)	18600	7
拉拢	lā lǒng	to rope in; fig. to involve sb; to entice	18605	7
告示	gào shi	announcement	18615	7
世代	shì dài	for many generations; generation; era	18618	7
干事	gàn shi	administrator; executive secretary	18618	7
造福	zào fú	to benefit (e.g. the people)	18627	7
不懈	bù xiè	untiring; unremitting; indefatigable	18634	7
宽阔	kuān kuò	expansive; wide; width	18637	6
拨通	bō tōng	to get through to sb on the phone	18642	7
叫好	jiào hǎo	to applaud; to cheer	18648	7
药方	yào fāng	prescription	18652	7
寓意	yù yì	moral (of a story); lesson to be learned; implication	18653	7
泄密	xiè mì	to leak secrets	18653	7
高调	gāo diào	high-sounding speech; bombast; high-profile	18658	7
结账	jié zhàng	to pay the bill; to settle accounts; also written 结帐	18659	5
烹调	pēng tiáo	to cook	18661	7
投掷	tóu zhì	to throw sth a long distance; to hurl; to throw at	18662	6
顺势	shùn shì	to take advantage; to seize an opportunity; in passing	18662	7
词典	cí diǎn	dictionary; also written 辞典	18663	2
上调	shàng tiáo	to raise (prices); to adjust upwards	18670	7
售价	shòu jià	selling price	18675	7
挂念	guà niàn	concerned	18676	7
放水	fàng shuǐ	to turn on the water; to let water out; (sports) to throw a game	18677	7
遍地	biàn dì	everywhere; all over	18679	6
电讯	diàn xùn	telecommunications; telecom	18682	7
期中	qī zhōng	interim; midterm	18698	4
坝	bà	dam; dike; embankment	18700	7
世界观	shì jiè guān	worldview; world outlook; Weltanschauung	18701	6
算账	suàn zhàng	(accounting) to balance the books; to do the accounts; (fig.) to settle an account; to get one's revenge	18722	7
解析	jiě xī	to analyze; to resolve; (math.) analysis	18722	7
绿地	lǜ dì	green area (e.g. urban park or garden)	18730	7
网址	wǎng zhǐ	website; web address; URL	18736	4
积极性	jī jí xìng	zeal; initiative; enthusiasm	18743	3
少儿	shào ér	child	18747	6
愚昧	yú mèi	ignorant; uneducated; ignorance	18748	6
一言不发	yī yán bù fā	to not say a word (idiom)	18750	7
诸如此类	zhū rú cǐ lèi	things like this (idiom); and so on; and the rest; etc	18755	7
路况	lù kuàng	road condition(s) (e.g. surface, traffic flow etc)	18760	7
机动车	jī dòng chē	motor vehicle	18763	6
皮球	pí qiú	ball (made of rubber, leather etc)	18764	6
门路	mén lù	way of doing sth; the right social connection	18772	7
字迹	zì jì	handwriting	18775	7
推移	tuī yí	(of time) to elapse or pass; (of a situation) to develop or evolve	18780	7
死心	sǐ xīn	to give up; to admit failure; to drop the matter	18782	7
犹豫不决	yóu yù bù jué	hesitancy; indecision; to waver	18782	7
燃气	rán qì	fuel gas (coal gas, natural gas, methane etc)	18804	7
洽谈	qià tán	to discuss	18806	7
人文	rén wén	humanities; human affairs; culture	18807	7
口才	kǒu cái	eloquence	18810	7
周旋	zhōu xuán	to mix with others; to socialize; to deal with	18812	7
脱口而出	tuō kǒu ér chū	to blurt out; to let slip (an indiscreet remark)	18812	7
颈椎	jǐng zhuī	cervical vertebra; the seven cervical vertebrae in the neck of humans and most mammals	18820	6
遗物	yí wù	remnant	18820	7
伊斯兰教	yī sī lán jiào	Islam	18822	7
专著	zhuān zhù	monograph; specialized text	18827	7
消沉	xiāo chén	depressed; bad mood; low spirit	18836	7
仅次于	jǐn cì yú	second only to ...; ranking behind only ...	18839	7
通畅	tōng chàng	unobstructed; clear; (of writing or thinking) coherent; fluent	18843	7
肆无忌惮	sì wú jì dàn	absolutely unrestrained; unbridled; without the slightest scruple	18846	6
历时	lì shí	to last; to take (time); period	18847	7
纵横	zòng héng	lit. warp and weft in weaving; vertically and horizontal; length and breadth; criss-crossed	18852	6
载体	zài tǐ	carrier (chemistry); vector (epidemiology); vehicle or medium	18861	7
吸管	xī guǎn	(drinking) straw; pipette; eyedropper	18880	4
个案	gè àn	individual case; special case	18891	7
茎	jīng	stalk; stem	18899	7
千克	qiān kè	kilogram	18907	2
成家	chéng jiā	to settle down and get married (of a man); to become a recognized expert	18911	7
调和	tiáo hé	harmonious; to mediate; to reconcile; mediation	18915	6
油腻	yóu nì	greasy food; oily food; (of food) greasy; oily; fatty; (neologism c. 2017) (of a middle-aged man) obnoxious; pretentious; vulgar	18917	6
迟缓	chí huǎn	slow; sluggish	18935	6
稀奇	xī qí	rare; strange	18938	7
神色	shén sè	expression; look	18956	6
迎面	yíng miàn	directly; head-on (collision); in one's face (of wind)	18956	6
威信	wēi xìn	prestige; reputation; trust	18966	7
五星级	wǔ xīng jí	five-star (hotel)	18967	7
一目了然	yī mù liǎo rán	obvious at a glance (idiom)	18968	7
举足轻重	jǔ zú qīng zhòng	to play a critical role (idiom); influential	18971	6
火速	huǒ sù	at top speed; at a tremendous lick	18971	7
大纲	dà gāng	synopsis; outline; program	18973	5
亮丽	liàng lì	bright and beautiful	18974	7
舒畅	shū chàng	happy; entirely free from worry	18978	7
应有尽有	yīng yǒu jìn yǒu	everything that should be here is here (idiom); all one can think of is on hand; to have all one needs	18982	7
验收	yàn shōu	to inspect and accept; acceptance	18985	7
原材料	yuán cái liào	raw and semifinished materials	18996	7
威风	wēi fēng	might; awe-inspiring authority; impressive	19000	7
镶嵌	xiāng qiàn	to inlay; to embed; to set (e.g. a jewel in a ring)	19000	7
无忧无虑	wú yōu wú lǜ	carefree and without worries (idiom)	19001	7
气派	qì pài	impressive; stylish; magnificent	19011	7
固有	gù yǒu	intrinsic to sth; inherent; native	19015	6
似曾相识	sì céng xiāng shí	déjà vu (the experience of seeing exactly the same situation a second time); seemingly familiar; apparently already acquainted	19017	7
朴实	pǔ shí	plain; simple; guileless	19018	7
问路	wèn lù	to ask for directions; to ask the way (to some place)	19022	2
呼啸	hū xiào	to whistle; to scream; to whiz	19025	6
担子	dàn zi	carrying pole and the loads on it; burden; task	19039	7
喧闹	xuān nào	to make a noise; noisy	19046	7
斯文	sī wén	refined; educate; cultured	19058	6
随处可见	suí chù kě jiàn	can be seen everywhere	19060	7
下边	xià bian	under; the underside; below	19063	1
节假日	jié jià rì	public holiday	19063	6
俗话说	sú huà shuō	as the proverb says; as they say...	19063	7
对白	duì bái	dialogue (in a movie or a play)	19070	7
礼节	lǐ jié	etiquette	19082	6
调侃	tiáo kǎn	to ridicule; to tease; to mock	19087	7
一心一意	yī xīn yī yì	concentrating one's thoughts and efforts; single-minded; bent on	19090	7
胶水	jiāo shuǐ	glue	19095	5
并存	bìng cún	to exist at the same time; to coexist	19101	6
本着	běn zhe	based on...; in conformance with..; taking as one's main principle	19101	7
败坏	bài huài	to ruin; to corrupt; to undermine	19110	6
骨干	gǔ gàn	diaphysis (long segment of a bone); fig. backbone	19116	7
机舱	jī cāng	cabin of a plane	19118	7
荣获	róng huò	be honored with	19118	7
叫作	jiào zuò	to call; to be called	19120	2
健美	jiàn měi	healthy and beautiful; to do fitness exercises	19121	7
官僚主义	guān liáo zhǔ yì	bureaucracy	19123	7
乞求	qǐ qiú	to beg	19132	7
标致	biāo zhi	beautiful (of woman); pretty	19135	7
巫婆	wū pó	witch; sorceress; female shaman	19139	7
从业	cóng yè	to practice (a trade)	19141	7
预赛	yù sài	preliminary competition; to hold preliminary heats	19145	7
下级	xià jí	low ranking; low level; underclass	19150	7
窗台	chuāng tái	window sill; window ledge	19155	4
资历	zī lì	qualifications; experience; seniority	19166	7
举例	jǔ lì	to give an example	19170	7
冲撞	chōng zhuàng	to collide; jerking motion; to impinge	19174	7
贬值	biǎn zhí	to become devaluated; to devaluate; to depreciate	19175	7
奠定	diàn dìng	to establish; to fix; to settle	19177	7
含蓄	hán xù	to contain; to hold; (of a person or style etc) reserved	19178	7
热气球	rè qì qiú	hot air balloon	19181	7
挟持	xié chí	to seize	19182	7
增值	zēng zhí	to appreciate (financially); to increase in value; value-added (accountancy)	19210	6
鲁莽	lǔ mǎng	hot-headed; impulsive; reckless	19225	7
用功	yòng gōng	diligent; industrious (in one's studies); to study hard	19231	7
倚	yǐ	to lean on; to rely upon	19232	7
打喷嚏	dǎ pēn tì	to sneeze	19233	5
理事	lǐ shì	member of council; (literary) to take care of matters	19238	7
搁浅	gē qiǎn	to be stranded (of ship); to run aground; fig. to run into difficulties and stop	19247	7
杜绝	dù jué	to put an end to	19250	7
招标	zhāo biāo	to invite bids	19253	7
停业	tíng yè	to cease trading (temporarily or permanently); to close down	19262	7
高龄	gāo líng	elderly	19274	7
国庆节	guó qìng jié	PRC National Day (October 1st)	19292	5
红火	hóng huǒ	prosperous	19299	7
检讨	jiǎn tǎo	to examine or inspect; self-criticism; review	19301	7
哀求	āi qiú	to entreat; to implore; to plead	19304	7
拟定	nǐ dìng	to draw up; to draft; to formulate	19304	7
目瞪口呆	mù dèng kǒu dāi	dumbstruck (idiom); stupefied; stunned	19310	7
派别	pài bié	group; sect; clique; faction; school	19318	7
审美	shěn měi	esthetics; appreciating the arts; taste	19332	7
才干	cái gàn	ability; competence	19342	6
总计	zǒng jì	(grand) total	19345	7
裁缝	cái féng	to make an item of clothing; to tailor	19354	6
宏大	hóng dà	great; grand	19357	6
共计	gòng jì	to sum up to; to total	19358	5
时事	shí shì	current trends; the present situation; how things are going	19360	5
长跑	cháng pǎo	long-distance running	19365	6
化肥	huà féi	fertilizer	19371	7
门铃	mén líng	doorbell	19371	7
雄厚	xióng hòu	substantial; robust; ample; abundant	19383	7
回忆录	huí yì lù	memoir	19388	7
贴切	tiē qiè	close-fitting; closest (translation)	19402	7
饱和	bǎo hé	saturated; filled to capacity	19403	7
扩建	kuò jiàn	to extend (a building, an airport runway etc)	19417	7
松树	sōng shù	pine; pine tree	19425	4
一成不变	yī chéng bù biàn	(idiom) immutable; impervious to change; set in stone	19445	7
养殖	yǎng zhí	to cultivate; cultivation; to further	19446	7
私有	sī yǒu	private; privately-owned	19459	7
涂抹	tú mǒ	to paint; to smear; to apply (makeup etc)	19465	6
伤残	shāng cán	disabled; maimed; crippled	19467	7
牡丹	mǔ dan	Mutan township in Pingtung County 屏东县, Taiwan	19467	7
诀窍	jué qiào	secret; trick; knack	19470	7
中外	zhōng wài	Sino-foreign; Chinese-foreign; home and abroad	19472	6
省略	shěng lu:è	to leave out; an omission	19480	7
凉快	liáng kuai	nice and cold; pleasantly cool	19483	2
庸俗	yōng sú	vulgar; tacky; tawdry	19483	7
次序	cì xù	sequence; order	19485	6
零花钱	líng huā qián	pocket money; allowance	19487	7
自由自在	zì yóu zì zài	free and easy (idiom); carefree; leisurely	19488	7
靠拢	kào lǒng	to draw close to	19503	7
绝技	jué jì	consummate skill; supreme feat; tour-de-force	19510	7
瘸	qué	lame	19513	6
特快	tè kuài	express (train, delivery etc)	19517	6
腮	sāi	cheek	19518	6
背诵	bèi sòng	to recite; to repeat from memory	19524	7
疏通	shū tōng	to unblock; to dredge; to clear the way	19535	7
空荡荡	kōng dàng dàng	empty; deserted	19536	7
愈演愈烈	yù yǎn yù liè	ever more critical; problems get more and more intense	19539	7
周转	zhōu zhuǎn	to rotate; to circulate (cash, stock etc); turnover	19545	6
万无一失	wàn wú yī shī	surefire; absolutely safe (idiom)	19546	7
荒凉	huāng liáng	desolate	19554	7
容颜	róng yán	mien; complexion	19563	7
关税	guān shuì	customs duty; tariff	19564	7
工商界	gōng shāng jiè	industry; the world of business	19576	7
趋于	qū yú	to tend towards	19589	7
吉普	jí pǔ	Jeep (car brand)	19594	7
一经	yī jīng	as soon as; once (an action has been completed)	19599	7
嘈杂	cáo zá	noisy; clamorous	19603	6
耕地	gēng dì	arable land; to plow land	19605	7
衔接	xián jiē	to link up; to connect; to join	19609	7
凭证	píng zhèng	proof; certificate; receipt	19610	7
错位	cuò wèi	to be wrongly positioned; to be dislocated; to be misplaced; (medicine) to be in malposition; (fig.) erroneous; eccentric	19619	7
测算	cè suàn	to take measurements and calculate	19628	7
四面八方	sì miàn bā fāng	in all directions; all around; far and near	19629	7
息息相关	xī xī xiāng guān	closely bound up (idiom); intimately related	19632	7
供暖	gōng nuǎn	to supply heating (in a building); heating	19635	7
闺女	guī ˙nu:	maiden; unmarried woman; (coll.) daughter	19654	7
名利	míng lì	fame and profit	19661	7
兜售	dōu shòu	to hawk; to peddle	19665	7
跳槽	tiào cáo	to change jobs; job-hopping	19676	7
梅花	méi huā	plum blossom; clubs ♣ (a suit in card games); wintersweet (dialect)	19695	6
祖宗	zǔ zōng	ancestor; forebear	19716	7
剔除	tī chú	to reject; to discard; to get rid of	19717	7
汉字	hàn zì	Chinese character; Japanese: kanji; Korean: hanja	19725	1
园林	yuán lín	gardens; park; landscape garden	19734	5
近视	jìn shì	shortsighted; nearsighted; myopia	19748	6
队形	duì xíng	formation	19755	7
惨痛	cǎn tòng	bitter; painful; deeply distressed	19765	7
取缔	qǔ dì	to suppress; to crack down on; to prohibit	19774	7
牢骚	láo sāo	discontent; complaint; to complain	19777	6
美观	měi guān	pleasing to the eye; beautiful; artistic	19793	7
多样	duō yàng	diverse; diversity; manifold	19807	4
总而言之	zǒng ér yán zhī	in short; in a word; in brief	19808	7
实事求是	shí shì qiú shì	lit. to seek truth from facts (idiom); fig. to be practical and realistic	19818	7
午睡	wǔ shuì	to take a nap; siesta	19822	2
波澜	bō lán	billows; great waves (fig. of a story with great momentum)	19825	7
夹子	jiā zi	clip; clamp; tongs	19836	5
单方面	dān fāng miàn	unilateral	19838	7
顽皮	wán pí	naughty	19839	6
无可奈何	wú kě nài hé	have no way out; have no alternative	19845	7
伺机	sì jī	to wait for an opportunity; to watch for one's chance	19846	7
抡	lūn	to swing (one's arms, a heavy object); to wave (a sword, one's fists); to fling (money)	19852	7
定为	dìng wèi	set to	19856	7
滔滔不绝	tāo tāo bù jué	unceasing torrent (idiom); talking non-stop; gabbling forty to the dozen	19862	7
录音机	lù yīn jī	(tape) recording machine; tape recorder	19867	6
夹杂	jiā zá	to mix together (disparate substances); to mingle; a mix	19874	6
雪上加霜	xuě shàng jiā shuāng	(idiom) to make matters even worse; to add insult to injury	19891	7
轻型	qīng xíng	light (machinery, aircraft etc)	19892	7
谜团	mí tuán	riddle; enigma; unpredictable situation	19898	7
弊端	bì duān	systemic problem (sometimes refers specifically to corrupt practices)	19905	7
出厂	chū chǎng	to leave the factory (of finished goods)	19911	7
灾区	zāi qū	disaster area; stricken region	19915	5
推卸	tuī xiè	to avoid (esp. responsibility); to shift (the blame); to pass the buck	19919	7
家喻户晓	jiā yù hù xiǎo	understood by everyone (idiom); well known; a household name	19921	7
药片	yào piàn	a (medicine) pill or tablet	19934	2
学年	xué nián	academic year	19939	4
职业病	zhí yè bìng	occupational disease	19943	7
特邀	tè yāo	special invitation	19944	7
售货员	shòu huò yuán	salesperson	19954	4
继而	jì ér	then; afterwards	19956	7
谜底	mí dǐ	answer to a riddle	19958	7
感慨	gǎn kǎi	to sigh with sorrow, regret etc; rueful; deeply moved	19967	7
应邀	yìng yāo	at sb's invitation; on invitation	19976	7
绝招	jué zhāo	unique skill; unexpected tricky move (as a last resort); masterstroke	19991	7
惊慌失措	jīng huāng shī cuò	to lose one's head out of fear (idiom)	20000	7
送行	sòng xíng	to see someone off; to throw someone a send-off party	20004	6
过境	guò jìng	to pass through a country's territory; transit	20011	7
冷门	lěng mén	a neglected branch (of arts, science, sports etc); fig. a complete unknown who wins a competition	20016	7
岳母	yuè mǔ	wife's mother, mother-in-law	20019	7
长江	cháng jiāng	Yangtze River, or Chang Jiang	20034	4
留念	liú niàn	to keep as a souvenir; to recall fondly	20051	7
大面积	dà miàn jī	large area; (fig.) (of a problem) (occurring) on a massive scale	20060	7
初一	chū yī	first day of lunar month; New Year's Day; first year in junior middle school	20062	3
大款	dà kuǎn	very wealthy person	20068	7
萌芽	méng yá	to sprout (lit. or fig.); to bud; to germinate	20071	7
奶茶	nǎi chá	milk tea	20075	3
楷模	kǎi mó	model; example	20079	7
一把手	yī bǎ shǒu	working hand; member of a work team; participant; the boss (short form of 手)	20084	7
彩电	cǎi diàn	color TV	20090	7
稳妥	wěn tuǒ	dependable	20098	7
不慎	bù shèn	incautious; inattentive	20102	7
减免	jiǎn miǎn	to reduce or waive (taxes, punishment, rent, tuition etc)	20109	7
转载	zhuǎn zǎi	to forward (a shipment); to reprint sth published elsewhere; Taiwan pr. [zhuǎn zài]	20118	7
就餐	jiù cān	to dine	20128	7
印证	yìn zhèng	to confirm; to corroborate; to verify; proof; evidence	20138	7
吸纳	xī nà	to take in; to absorb; to admit	20140	7
破除	pò chú	to eliminate; to do away with; to get rid of	20142	7
可想而知	kě xiǎng ér zhī	it is obvious that...; as one can well imagine...	20154	7
启事	qǐ shì	announcement (written, on billboard, letter, newspaper or website); to post information; a notice	20158	5
心酸	xīn suān	to feel sad	20160	7
摄取	shè qǔ	to absorb (nutrients etc); to assimilate; intake	20161	6
折射	zhé shè	to refract; refraction; to reflect (in the figurative sense: to show the nature of)	20161	7
预兆	yù zhào	omen; sign (of sth yet to occur); prior indication	20165	7
暂且	zàn qiě	for now; for the time being; temporarily	20166	6
劝告	quàn gào	to advise; to urge; to exhort	20177	7
稠	chóu	dense; crowded; thick	20182	7
马虎	mǎ hu	careless; sloppy; negligent	20190	7
旺季	wàng jì	busy season; peak period	20197	7
压榨	yā zhà	to press; to squeeze; to extract juice, oil etc by squeezing	20212	6
及早	jí zǎo	at the earliest possible time; as soon as possible	20217	7
领事	lǐng shì	consul	20219	7
日复一日	rì fù yī rì	day after day	20223	7
记忆犹新	jì yì yóu xīn	to remain fresh in one's memory (idiom)	20223	7
音节	yīn jié	syllable	20226	2
莲子	lián zǐ	lotus seed	20235	7
风浪	fēng làng	wind and waves; rough waters; (fig.) hardship	20255	7
儒学	rú xué	Confucianism	20258	7
双边	shuāng biān	bilateral	20258	7
合身	hé shēn	well-fitting (of clothes)	20268	6
考量	kǎo liáng	to consider; to give serious consideration to sth; consideration	20278	7
扫除	sǎo chú	to sweep; to clean with a brush; to sweep away (often fig.)	20281	7
专柜	zhuān guì	sales counter dedicated to a certain kind of product (e.g. alcohol)	20297	7
猛然	měng rán	suddenly; abruptly	20301	7
总量	zǒng liàng	total; overall amount	20305	6
略微	lu:è wēi	a little bit; slightly	20310	7
不得而知	bù dé ér zhī	unknown; unable to find out	20317	7
停放	tíng fàng	to park (a car etc); to moor (a boat etc); to leave sth (in a place)	20324	7
韵味	yùn wèi	implicit charm in rhyme or sound; hinted appeal; interest	20325	7
默默无闻	mò mò wú wén	obscure and unknown (idiom); an outsider without any reputation; a nobody; an unknown quantity	20335	7
隔阂	gé hé	misunderstanding; estrangement; (language etc) barrier	20336	7
电灯	diàn dēng	electric light	20337	4
荧屏	yíng píng	fluorescent screen; TV screen	20338	6
柿子	shì zi	persimmon	20350	7
当即	dāng jí	at once; on the spot	20351	7
冰雹	bīng báo	hail; hailstone	20357	6
耐性	nài xìng	patience	20357	7
口语	kǒu yǔ	colloquial speech; spoken language; vernacular language	20368	4
疙瘩	gē da	swelling or lump on skin; pimple; knot; lump; preoccupation; problem	20368	6
顺路	shùn lù	by the way; while out doing sth else; conveniently	20368	7
把柄	bǎ bǐng	handle; (fig.) information that can be used against sb	20374	7
有效期	yǒu xiào qī	period of validity; sell-by date	20380	7
久违	jiǔ wéi	(haven't done sth) for a long time; a long time since we last met	20391	7
务实	wù shí	pragmatic; dealing with concrete issues	20393	7
情理	qíng lǐ	reason; sense	20406	6
面目全非	miàn mù quán fēi	nothing remains the same (idiom); change beyond recognition	20409	7
暗地里	àn dì li	secretly; inwardly; on the sly	20436	7
风气	fēng qì	general mood; atmosphere; common practice	20442	7
中级	zhōng jí	middle level (in a hierarchy)	20452	2
座谈	zuò tán	to have an informal discussion	20453	7
依托	yī tuō	to rely on; to depend on; support	20466	7
境遇	jìng yù	circumstance	20467	7
荒诞	huāng dàn	beyond belief; incredible; preposterous	20491	7
陡	dǒu	steep; precipitous; abrubtly	20491	7
有序	yǒu xù	regular; orderly; successive	20495	7
推算	tuī suàn	to calculate; to reckon; to extrapolate (in calculation)	20499	7
周折	zhōu zhé	twists and turns; vicissitude; complication	20500	6
流域	liú yù	river basin; valley; drainage area	20502	7
卷子	juǎn zi	steamed roll; spring roll	20510	7
启迪	qǐ dí	to edify; enlightenment	20510	7
劳务	láo wù	service (work done for money); services (as in "goods and services")	20517	7
不言而喻	bù yán ér yù	it goes without saying; it is self-evident	20519	6
屯	tún	to station (soldiers); to store up; village	20522	7
筹办	chóu bàn	to arrange; to make preparations	20530	7
爱惜	ài xī	to cherish; to treasure; to use sparingly	20535	7
相等	xiāng děng	equal; equally; equivalent	20539	5
僧人	sēng rén	monk	20566	7
画展	huà zhǎn	art exhibition	20576	7
抱负	bào fù	aspiration; ambition	20578	7
首次	shǒu cì	first; first time; for the first time	20591	6
膳食	shàn shí	meals; food	20604	7
勇往直前	yǒng wǎng zhí qián	to advance bravely	20605	7
下海	xià hǎi	to go out to sea; to enter the sea (to swim etc); (fig.) to take the plunge (e.g. leave a secure job, or enter prostitution etc)	20606	7
扎根	zhā gēn	to take root	20613	7
山寨	shān zhài	fortified hill village; mountain stronghold (esp. of bandits); (fig.) knockoff (goods)	20616	7
豆浆	dòu jiāng	soy milk	20620	7
悬殊	xuán shū	widely different; large disparity	20622	7
稀少	xī shǎo	sparse; rare	20630	7
一点点	yī diǎn diǎn	a little bit	20631	2
名贵	míng guì	famous and valuable; rare; precious	20646	7
启蒙	qǐ méng	to instruct the young; to initiate; to awake sb from ignorance	20648	7
耳目一新	ěr mù yī xīn	a pleasant change; a breath of fresh air; refreshing	20652	7
焦躁	jiāo zào	fretful; impatient	20658	7
枢纽	shū niǔ	hub (e.g. of traffic network); hinge; pivot	20660	7
针锋相对	zhēn fēng xiāng duì	to oppose each other with equal harshness (idiom); tit for tat; measure for measure	20666	7
勘探	kān tàn	to explore; to survey; to prospect (for oil etc)	20671	7
枯竭	kū jié	used up; dried up; exhausted (of resources)	20673	6
生怕	shēng pà	to fear; afraid; extremely nervous	20681	7
答辩	dá biàn	to reply (to an accusation); to defend one's dissertation	20688	7
比重	bǐ zhòng	proportion; specific gravity	20691	5
止咳	zhǐ ké	to suppress coughing	20692	7
受灾	shòu zāi	disaster-stricken; to be hit by a natural calamity	20703	5
使唤	shǐ huan	to order sb around; (coll.) to handle (a draught animal, tool, machine etc); Taiwan pr. [shǐ huàn]	20706	7
近代	jìn dài	the not-very-distant past; modern times, excluding recent decades; (in the context of Chinese history) the period from the Opium Wars until the May 4th Movement (mid-19th century to 1919)	20713	4
胡同	hú tòng	lane; alley	20715	5
流转	liú zhuǎn	to be on the move; to roam or wander; to circulate (of goods or capital)	20716	7
有朝一日	yǒu zhāo yī rì	one day; sometime in the future	20719	7
包庇	bāo bì	to shield; to harbor; to cover up	20727	6
粗略	cū lu:è	rough (not precise or accurate); cursory	20727	7
眼色	yǎn sè	signal made with one's eyes; meaningful glance	20729	7
公顷	gōng qǐng	hectare	20731	7
弱势	ruò shì	vulnerable; weak	20733	7
提心吊胆	tí xīn diào dǎn	(saying) to be very scared and on edge	20737	7
垫子	diàn zi	cushion; mat; pad	20740	7
插图	chā tú	illustration	20743	7
衍生	yǎn shēng	to give rise to; to derive; derivative	20747	7
轻蔑	qīng miè	scornful; disdainful; contemptuous; pejorative; disdain; contempt	20749	7
情怀	qíng huái	feelings; mood	20753	7
谦逊	qiān xùn	humble; modest; unpretentious	20754	7
利害	lì hai	terrible; formidable; serious	20755	7
倡议	chàng yì	to suggest; to initiate; proposal	20762	7
谋求	móu qiú	to seek; to strive for	20764	7
灰心	huī xīn	to lose heart; to be discouraged	20767	7
变故	biàn gù	an unforeseen event; accident; misfortune	20768	6
凑巧	còu qiǎo	fortuitously; luckily; as chance has it	20770	7
免不了	miǎn bù liǎo	unavoidable; can't be avoided	20777	7
人均	rén jūn	per capita	20794	7
天长地久	tiān cháng dì jiǔ	enduring while the world lasts (idiom); eternal	20808	7
芬芳	fēn fāng	perfume; fragrant	20812	7
投射	tóu shè	to throw (a projectile); to cast (light)	20816	7
存心	cún xīn	deliberately	20829	7
熨	yù	reconciled; smooth	20839	6
诬陷	wū xiàn	to entrap; to frame; to plant false evidence against sb	20844	6
凉鞋	liáng xié	sandal	20869	6
疗养	liáo yǎng	to get well; to heal; to recuperate	20874	4
落成	luò chéng	to complete a construction project	20880	6
中型	zhōng xíng	medium sized	20887	7
浓郁	nóng yù	rich; strong; heavy (fragrance)	20892	7
论述	lùn shù	treatise; discourse; exposition	20892	7
脱节	tuō jié	to come apart	20901	7
不由得	bù yóu de	can't help; cannot but	20909	7
辞典	cí diǎn	dictionary (variant of 词典)	20918	5
沉淀	chén diàn	to settle; to precipitate; sedimentation	20934	7
难处	nán chu	trouble; difficulty; problem	20936	7
黑心	hēi xīn	ruthless and lacking in conscience; vicious mind full of hatred and jealousy; black core (flaw in pottery)	20944	7
荆棘	jīng jí	thistles and thorns; brambles; thorny undergrowth	20954	7
雌雄	cí xióng	male and female	20990	6
赔钱	péi qián	to lose money; to pay for damages	20993	7
蕴藏	yùn cáng	to hold in store; to contain (untapped reserves etc)	20995	7
本期	běn qī	the current period; this term (usually in finance)	20997	6
拐弯	guǎi wān	to go round a curve; to turn a corner; fig. a new direction	21000	7
河畔	hé pàn	riverside; river plain	21001	7
日趋	rì qū	(increasing) day by day; (more critical) with every passing day; gradually	21011	7
特产	tè chǎn	special local product; (regional) specialty	21019	7
破例	pò lì	to make an exception	21021	6
霞	xiá	rose-tinted sky or clouds at sunrise or sunset	21021	6
阅历	yuè lì	to experience; experience	21027	7
灵巧	líng qiǎo	deft; nimble; ingenious	21037	7
走投无路	zǒu tóu wú lù	to be at an impasse (idiom); in a tight spot; at the end of one's rope	21040	7
指教	zhǐ jiào	to give advice or comments	21045	7
能人	néng rén	capable person; Homo habilis, extinct species of upright East African hominid	21063	7
淡化	dàn huà	to water down; to play down; to trivialize	21065	7
遮盖	zhē gài	to hide; to cover (one's tracks)	21080	7
利索	lì suo	nimble	21085	7
银牌	yín pái	silver medal	21103	3
兴高采烈	xìng gāo cǎi liè	happy and excited (idiom); in high spirits; in great delight	21103	7
红茶	hóng chá	black tea	21109	3
大熊猫	dà xióng māo	giant panda (Ailuropoda melanoleuca)	21111	5
残缺	cán quē	badly damaged; shattered	21126	7
乡镇	xiāng zhèn	village; township	21128	6
有条不紊	yǒu tiáo bù wěn	regular and thorough (idiom); methodically arranged	21130	6
兴旺	xīng wàng	prosperous; thriving; to prosper	21132	6
大街小巷	dà jiē xiǎo xiàng	great streets and small alleys (idiom); everywhere in the city	21134	7
退步	tuì bù	to do less well than before; to make a concession; setback	21136	5
第一手	dì yī shǒu	first-hand	21139	7
着落	zhuó luò	whereabouts; place to settle; reliable source (of funds etc)	21158	7
岔	chà	fork in road; bifurcation; branch in road, river, mountain range etc	21163	6
赶赴	gǎn fù	to hurry; to rush	21163	7
相比之下	xiāng bǐ zhī xià	by comparison	21165	7
配送	pèi sòng	to put together an order and deliver it (i.e. 配货 and 送货); to deliver (goods)	21165	7
装卸	zhuāng xiè	to load or unload; to transfer; to assemble and disassemble	21173	6
乡亲	xiāng qīn	fellow countryman (from the same village); local people; villager	21178	7
出具	chū jù	to issue (document, certificate etc); to provide	21185	7
凶恶	xiōng è	fierce; ferocious; fiendish	21192	7
根基	gēn jī	foundation	21199	7
养老院	yǎng lǎo yuàn	nursing home	21201	7
生锈	shēng xiù	to rust; to grow rusty; to corrode	21204	6
隐性	yǐn xìng	hidden; crypto-; recessive (gene)	21205	7
请进	qǐng jìn	"please come in"	21213	1
霍乱	huò luàn	cholera	21218	7
打磨	dǎ mó	to polish; to burnish; to shine	21236	7
空难	kōng nàn	air crash; aviation accident or incident	21236	7
手续费	shǒu xù fèi	service charge; processing fee; commission	21239	6
梳子	shū zi	comb	21250	7
俘获	fú huò	to capture (enemy property or personnel); capture (physics: absorption of subatomic particle by an atom or nucleus)	21258	7
木匠	mù jiàng	carpenter	21260	7
邮编	yóu biān	postal code; zip code	21261	7
封建	fēng jiàn	system of enfeoffment; feudalism; feudal	21265	7
窘迫	jiǒng pò	poverty-stricken; very poor; hard-pressed	21280	7
通红	tōng hóng	very red; red through and through; to blush (deep red)	21285	6
常态	cháng tài	normal state	21293	7
世故	shì gu	sophisticated; worldly-wise	21308	7
推选	tuī xuǎn	to elect; to choose	21310	7
扫兴	sǎo xìng	to spoil things; to dampen spirits; to feel deflated; to be dispirited	21314	7
中华	zhōng huá	China (alternate formal name)	21349	6
深奥	shēn ào	profound; abstruse; recondite	21352	7
出息	chū xi	future prospects; profit; to mature	21358	7
逞强	chěng qiáng	to show off; to try to be brave	21363	7
扩充	kuò chōng	to expand	21367	6
没落	mò luò	to decline; to wane	21378	7
恩惠	ēn huì	favor; grace	21381	7
一丝不苟	yī sī bù gǒu	not one thread loose (idiom); strictly according to the rules; meticulous; not one hair out of place	21385	6
够呛	gòu qiàng	unbearable; terrible; enough	21389	7
严寒	yán hán	bitter cold; severe winter	21390	6
旁观	páng guān	spectator; non-participant	21396	7
扭头	niǔ tóu	to turn one's head; to turn around	21398	7
雄伟	xióng wěi	grand; imposing; magnificent	21406	5
寒假	hán jià	winter vacation	21410	4
崇敬	chóng jìng	to revere; to venerate; high esteem	21423	6
磁盘	cí pán	(computer) disk	21432	7
沧桑	cāng sāng	great changes; ups and downs; vicissitudes	21433	7
劝阻	quàn zǔ	to advise against; to dissuade	21438	7
注释	zhù shì	to annotate; to add a comment; explanatory note; annotation	21479	6
屹立	yì lì	to tower; to stand straight (of person's bearing)	21479	7
沉稳	chén wěn	steady; calm; unflustered	21483	7
惊心动魄	jīng xīn dòng pò	(idiom) heart-stopping; hair-raising; breathtaking	21494	7
单薄	dān bó	weak; frail; thin	21499	7
失业率	shī yè lǜ	unemployment rate	21507	7
矮小	ǎi xiǎo	short and small; low and small; undersized	21508	4
一味	yī wèi	blindly; invariably	21515	7
和气	hé qi	friendly; polite; amiable	21572	7
跟上	gēn shàng	to catch up with; to keep pace with	21572	7
座右铭	zuò yòu míng	motto; maxim	21583	7
插嘴	chā zuǐ	to interrupt (sb talking); to butt in; to cut into a conversation	21594	7
力图	lì tú	to try hard to; to strive to	21610	6
敬酒	jìng jiǔ	to toast; to propose a toast	21610	7
公仆	gōng pú	public servant	21626	7
袖手旁观	xiù shǒu páng guān	to watch with folded arms (idiom); to look on without lifting a finger	21626	7
力不从心	lì bù cóng xīn	less capable than desirable (idiom); not as strong as one would wish; the spirit is willing but the flesh is weak	21629	7
拘束	jū shù	to restrict; to restrain; constrained	21629	7
飙升	biāo shēng	to rise rapidly; to soar	21633	7
缩影	suō yǐng	miniature version of sth; microcosm; epitome	21636	7
人民币	rén mín bì	Renminbi (RMB); Chinese Yuan (CNY)	21641	3
完备	wán bèi	faultless; complete; perfect	21641	7
老头儿	lǎo tóu r	see 老头子	21642	3
停泊	tíng bó	to anchor; anchorage; mooring (of a ship)	21647	7
闲话	xián huà	casual conversation; chat; gossip	21656	6
差点儿	chà diǎn r	erhua variant of 差点; almost; nearly	21664	5
较劲	jiào jìn	to match one's strength with; to compete; more competitive	21666	7
粗心	cū xīn	careless; thoughtless	21668	4
公职	gōng zhí	civil service; public office; government job	21674	7
修路	xiū lù	to repair a road	21675	7
划船	huá chuán	to row a boat; rowing boat; rowing (sport)	21694	3
自理	zì lǐ	to take care of oneself; to provide for oneself	21709	7
盖章	gài zhāng	to affix a seal; to stamp (a document); to sign off on sth	21728	6
直观	zhí guān	direct observation; directly perceived through the senses; intuitive	21729	7
格格不入	gé gé bù rù	(idiom) inharmonious; incompatible	21750	7
打搅	dǎ jiǎo	to disturb; to trouble; to bother	21755	7
游船	yóu chuán	pleasure boat; cruise ship	21760	7
刷子	shuā zi	brush; scrub	21763	4
古迹	gǔ jì	places of historic interest; historical sites	21766	7
照办	zhào bàn	to follow the rules; to do as instructed; to play by the book	21771	7
合情合理	hé qíng hé lǐ	reasonable and fair (idiom)	21777	7
豁出去	huō chu qu	to throw caution to the wind; to press one's luck; to go for broke	21778	7
效仿	xiào fǎng	see 仿效	21781	7
百分比	bǎi fēn bǐ	percentage	21781	7
和平共处	hé píng gòng chǔ	peaceful coexistence of nations, societies etc	21788	7
恩人	ēn rén	a benefactor; a person who has significantly helped sb else	21790	6
发起人	fā qǐ rén	proposer; initiator; founding member	21812	7
恭敬	gōng jìng	deferential; respectful	21818	6
海藻	hǎi zǎo	seaweed; marine alga; kelp	21822	7
紧缩	jǐn suō	(economics) to reduce; to curtail; to cut back	21833	7
功臣	gōng chén	minister who has given outstanding service	21834	7
上火	shàng huǒ	to get angry; to suffer from excessive internal heat (TCM)	21836	7
成问题	chéng wèn tí	to be a problem; problematic; questionable	21838	7
起跑线	qǐ pǎo xiàn	the starting line (of a race); scratch line (in a relay race)	21839	7
水落石出	shuǐ luò shí chū	as the water recedes, the rocks appear (idiom); the truth comes to light	21841	7
发源地	fā yuán dì	place of origin; birthplace; source	21846	7
顺理成章	shùn lǐ chéng zhāng	logical; only to be expected; rational and clearly structured (of text)	21854	7
托运	tuō yùn	to consign (goods); to check through (baggage)	21871	6
继父	jì fù	stepfather	21872	7
焕发	huàn fā	to shine; to glow; to irradiate	21881	7
恩赐	ēn cì	favor; to give charity to sb out of pity	21883	7
唾沫	tuò mo	spittle; saliva	21892	6
遭殃	zāo yāng	to suffer a calamity	21901	7
纵观	zòng guān	to survey comprehensively; an overall survey	21904	7
难点	nán diǎn	difficulty	21905	7
招揽	zhāo lǎn	to attract (customers); to drum up (trade)	21908	7
追悼会	zhuī dào huì	memorial service; funeral service	21919	7
助威	zhù wēi	to cheer for; to encourage; to boost the morale of	21943	7
转学	zhuǎn xué	to change schools; to transfer to another college	21954	7
调剂	tiáo jì	to adjust; to balance; to make up a medical prescription	21962	6
原装	yuán zhuāng	genuine; intact in original packaging (not locally assembled and packaged)	21967	7
还款	huán kuǎn	repayment; to pay back money	21972	7
开明	kāi míng	enlightened; open-minded; enlightenment	21973	6
靶子	bǎ zi	target	21978	7
产地	chǎn dì	source (of a product); place of origin; manufacturing location	21983	7
气馁	qì něi	to be discouraged	21983	7
零星	líng xīng	fragmentary; random; bits and pieces	21996	6
奔赴	bēn fù	to rush to; to hurry to	21998	7
补习	bǔ xí	to take extra lessons in a cram school or with a private tutor	22013	6
滨海	bīn hǎi	Binhai (place name); Binhai New District, subprovincial district of Tianjin; Binhai county in Yancheng 盐城, Jiangsu	22018	7
口哨	kǒu shào	whistle	22040	7
舰艇	jiàn tǐng	warship; naval vessel	22056	6
受惊	shòu jīng	startled	22069	7
来年	lái nián	next year; the coming year	22086	7
孤零零	gū líng líng	lone; isolated and without help; all alone	22095	7
探亲	tàn qīn	to go home to visit one's family	22096	7
卖弄	mài nong	to show off; to make a display of	22135	7
比试	bǐ shì	to have a competition; to measure with one's hand or arm; to make a gesture of measuring	22158	7
大名鼎鼎	dà míng dǐng dǐng	grand reputation; renowned; famous	22163	7
根治	gēn zhì	to bring under permanent control; to effect a radical cure	22172	7
好家伙	hǎo jiā huo	my God!; oh boy!; man!	22176	7
就近	jiù jìn	nearby; in a close neighborhood	22192	7
国宝	guó bǎo	national treasure	22205	7
多方面	duō fāng miàn	many-sided; in many aspects	22207	6
老实说	lǎo shí shuō	honestly speaking; to be frank, ...	22207	7
研讨	yán tǎo	discussion	22210	7
一事无成	yī shì wú chéng	to have achieved nothing; to be a total failure; to get nowhere	22215	7
翻天覆地	fān tiān fù dì	sky and the earth turning upside down (idiom); fig. complete confusion; everything turned on its head	22219	7
逐年	zhú nián	year after year; with each passing year; over the years	22226	7
着凉	zháo liáng	to catch cold; Taiwan pr. [zhāo liáng]	22241	5
条理	tiáo lǐ	arrangement; order; tidiness	22242	6
火候	huǒ hou	heat control; (fig.) mastery; (fig.) crucial moment	22245	7
波折	bō zhé	twists and turns	22248	7
见义勇为	jiàn yì yǒng wéi	to see what is right and act courageously (idiom, from Analects); to stand up bravely for the truth; acting heroically in a just cause	22262	7
品行	pǐn xíng	behavior; moral conduct	22266	7
合资	hé zī	joint venture	22291	7
顺应	shùn yìng	to comply; to conform to; in tune with; adapting to; to adjust to	22301	7
紧缺	jǐn quē	in short supply; scarce	22336	7
两岸	liǎng àn	bilateral; both shores; both sides	22338	5
挖苦	wā kǔ	to speak sarcastically; to make cutting remarks; also pr. [wā ku]	22351	7
怨气	yuàn qì	grievance; resentment; complaint	22352	7
苦练	kǔ liàn	to train hard; to practice diligently; hard work	22352	7
焦距	jiāo jù	focal length; focal distance	22367	7
洋溢	yáng yì	brimming with; steeped in	22369	7
立方	lì fāng	cube (math.)	22390	7
难为情	nán wéi qíng	embarrassed	22432	7
泥潭	ní tán	quagmire	22435	7
何苦	hé kǔ	why bother?; is it worth the trouble?	22438	7
巴不得	bā bu de	(coll.) to be eager for; to long for; to look forward to	22440	7
大体上	dà tǐ shàng	overall; in general terms	22444	7
补课	bǔ kè	to make up missed lesson; to reschedule a class	22453	6
宝库	bǎo kù	treasure-house; treasury; treasure-trove (often fig., book of treasured wisdom)	22455	7
忌讳	jì huì	taboo; to avoid as taboo; to abstain from	22458	7
宏观	hóng guān	macro-; macroscopic; holistic	22460	7
保修	bǎo xiū	to promise to keep sth in good repair; guarantee; warranty	22465	7
神态	shén tài	appearance; manner; bearing	22467	7
省事	xǐng shì	perceptive; understanding; (archaic) to handle administrative work	22484	7
首创	shǒu chuàng	to create; original creation; to be the first to do sth	22495	7
导火索	dǎo huǒ suǒ	fuse (for explosive)	22497	7
磨合	mó hé	to break in; to wear in	22505	7
喜事	xǐ shì	happy occasion; wedding	22506	7
交响乐	jiāo xiǎng yuè	symphony	22508	7
形形色色	xíng xíng sè sè	all kinds of; all sorts of; every (different) kind of	22513	7
投奔	tóu bèn	to seek shelter; to seek asylum	22518	7
飘扬	piāo yáng	to wave; to flutter; to fly	22536	6
瓜子	guā zǐ	melon seed; seeds of pumpkin, watermelon or sunflower etc, roasted and flavored, consumed as a snack	22538	7
晕车	yùn chē	to be carsick	22555	6
旱	hàn	drought	22556	7
谈起	tán qǐ	to mention; to speak of; to talk about	22560	7
画册	huà cè	picture album	22582	7
调控	tiáo kòng	to regulate; to control	22584	7
日前	rì qián	the other day; a few days ago	22586	7
指手画脚	zhǐ shǒu huà jiǎo	to gesticulate while talking (idiom); to explain by waving one's hands; to criticize or give orders summarily	22588	7
开发区	kāi fā qū	development zone	22592	7
春节	chūn jié	Spring Festival (Chinese New Year)	22596	2
辞呈	cí chéng	(written) resignation	22608	7
泄气	xiè qì	to leak (gas); to be discouraged; to despair	22620	7
嘲弄	cháo nòng	to tease; to poke fun at; to make fun of	22630	7
倾销	qīng xiāo	to dump (goods, products)	22639	7
来龙去脉	lái lóng qù mài	the rise and fall of the terrain (idiom); (fig.) the whole sequence of events; causes and effects	22644	7
身不由己	shēn bù yóu jǐ	without the freedom to act independently (idiom); involuntary; not of one's own volition; in spite of oneself	22648	7
不平	bù píng	uneven; injustice; unfairness	22650	7
相传	xiāng chuán	to pass on; to hand down; tradition has it that ...	22657	7
登机牌	dēng jī pái	boarding pass	22658	5
难说	nán shuō	hard to tell (i.e. hard to judge or hard to predict); cannot bring oneself to say it	22659	7
纪实	jì shí	record of actual events; documentary (factual rather than fictional)	22660	7
层出不穷	céng chū bù qióng	more and more emerge; innumerable succession; breeding like flies (idiom)	22670	7
市场经济	shì chǎng jīng jì	market economy	22676	7
独唱	dú chàng	(in singing) solo; to solo	22679	7
就座	jiù zuò	to take a seat	22691	7
由来	yóu lái	origin	22702	7
穴位	xué wèi	acupuncture point; location of a grave	22704	7
硬朗	yìng lǎng	robust; healthy	22706	7
绕行	rào xíng	to take a circular (or circuitous) route; to do a circuit; (of a planet) to orbit	22711	7
不怎么样	bù zěn me yàng	not up to much; very indifferent; nothing great about it	22737	6
开场白	kāi chǎng bái	prologue of play; opening remarks; preamble (of speeches, articles etc)	22740	7
母语	mǔ yǔ	native language; mother tongue; (linguistics) parent language	22744	6
交纳	jiāo nà	to pay (taxes or dues)	22744	7
告状	gào zhuàng	to tell on sb; to complain (to a teacher, a superior etc); to bring a lawsuit	22767	7
过半	guò bàn	over fifty percent; more than half	22772	7
立交桥	lì jiāo qiáo	overpass; flyover	22789	7
百科全书	bǎi kē quán shū	encyclopedia	22806	7
请柬	qǐng jiǎn	invitation card; written invitation	22818	7
说白了	shuō bái le	to speak frankly	22831	7
吃苦	chī kǔ	to bear hardships	22843	7
楼道	lóu dào	corridor; passageway (in storied building)	22887	6
不难	bù nán	Not difficult	22888	7
绿化	lǜ huà	to make green with plants; to reforest; (Internet slang) Islamization	22891	6
惊天动地	jīng tiān dòng dì	world-shaking (idiom)	22897	7
通车	tōng chē	to open to traffic (e.g. new bridge, rail line etc); (of a locality) to have a transportation service; (Tw) to commute	22923	7
珍视	zhēn shì	to place great importance on; to treasure	22928	7
鲜美	xiān měi	delicious; tasty	22932	7
中药	zhōng yào	traditional Chinese medicine	22936	5
长短	cháng duǎn	length; accident; mishap; right and wrong; good and bad; merits and demerits	22940	6
胆小鬼	dǎn xiǎo guǐ	coward	22942	5
稿件	gǎo jiàn	piece of writing submitted for publication; manuscript; article	22943	6
起劲	qǐ jìn	energetic; vigorous; enthusiastic	22948	7
症结	zhēng jié	hard lump in the abdomen (in Chinese medicine); crux of an issue; main point in an argument	22958	7
断断续续	duàn duàn xù xù	intermittent; off and on; discontinuous	22968	7
水槽	shuǐ cáo	sink	22977	7
滞后	zhì hòu	to lag behind	22998	7
仿制	fǎng zhì	to copy; to imitate; to make by imitating a model	22999	7
本分	běn fèn	(to play) one's part; one's role; one's duty	23007	7
统筹	tǒng chóu	an overall plan; to plan an entire project as a whole	23019	7
文雅	wén yǎ	elegant; refined	23023	7
一干二净	yī gān èr jìng	thoroughly (idiom); completely; one and all	23050	7
尼龙	ní lóng	nylon (loanword)	23052	7
笛子	dí zi	bamboo flute	23092	7
年限	nián xiàn	age limit; fixed number of years	23094	7
送别	sòng bié	to farewell	23101	7
华裔	huá yì	ethnic Chinese; non-Chinese citizen of Chinese ancestry	23110	7
趁早	chèn zǎo	as soon as possible; at the first opportunity; the sooner the better	23121	7
劲头	jìn tóu	enthusiasm; zeal; vigor	23123	7
寒暄	hán xuān	to exchange conventional greetings; to exchange pleasantries	23133	6
时隔	shí gé	separated in time (usu. followed by a quantity of time)	23141	7
继母	jì mǔ	stepmother	23153	7
威望	wēi wàng	prestige	23156	6
伯父	bó fù	father's elder brother; term of respect for older man	23161	7
意料之外	yì liào zhī wài	(idiom) contrary to expectation; unexpected	23162	7
超车	chāo chē	to overtake (another car)	23188	7
抹杀	mǒ shā	to erase; to cover traces; to obliterate evidence	23195	6
盆地	pén dì	(geography) basin; depression	23207	6
无可厚非	wú kě hòu fēi	see 非	23211	7
基本功	jī běn gōng	basic skills; fundamentals	23233	7
算盘	suàn pán	abacus; plan; scheme	23240	7
声调	shēng diào	tone; note; a tone (on a Chinese syllable)	23243	5
适量	shì liàng	appropriate amount	23250	7
刺骨	cì gǔ	piercing; cutting; bone-chilling	23267	7
麻辣	má là	hot and numbing	23271	7
叮嘱	dīng zhǔ	to warn repeatedly; to urge; to exhort again and again	23273	7
馋	chán	gluttonous; greedy; to have a craving	23290	7
再接再厉	zài jiē zài lì	to continue the struggle (idiom); to persist; unremitting efforts	23317	6
参展	cān zhǎn	to exhibit at or take part in a trade show etc	23321	6
盒饭	hé fàn	meal in a partitioned box	23326	5
全长	quán cháng	overall length; span	23343	7
遮挡	zhē dǎng	to shelter; to shelter from	23348	6
刁难	diāo nàn	to be hard on sb; to deliberately make things difficult; Taiwan pr. [diāo nán]	23363	7
领事馆	lǐng shì guǎn	consulate	23364	7
外籍	wài jí	foreign (i.e. of foreign nationality)	23378	7
航天员	háng tiān yuán	astronaut	23387	7
不以为然	bù yǐ wéi rán	not to accept as correct (idiom); to object; to disapprove; to take exception to	23388	7
翻番	fān fān	to double; to increase by a certain number of times	23388	7
猖狂	chāng kuáng	savage; furious	23389	7
国画	guó huà	traditional Chinese painting	23390	7
倔	juè	gruff; surly	23393	7
好玩儿	hǎo wán r	erhua variant of 好玩; amusing; fun	23411	1
哆嗦	duō suo	to tremble; to shiver; uncontrolled shaking of the body	23415	7
振兴	zhèn xīng	Zhengxing district of Dandong city 丹东市, Liaoning	23419	7
奋勇	fèn yǒng	dauntless; to summon up courage and determination; using extreme force of will	23421	7
壮丽	zhuàng lì	magnificence; magnificent; majestic	23422	7
沸沸扬扬	fèi fèi yáng yáng	bubbling and gurgling; hubbubing; abuzz	23423	7
贫富	pín fù	poor and rich	23427	7
毫米	háo mǐ	millimeter	23449	4
疲惫不堪	pí bèi bù kān	exhausted; fatigued to the extreme	23457	7
诉苦	sù kǔ	to grumble; to complain; grievance	23488	7
土生土长	tǔ shēng tǔ zhǎng	locally born and bred; indigenous; home-grown	23491	7
家常	jiā cháng	the daily life of a family	23508	6
生疏	shēng shū	unfamiliar; strange; out of practice	23514	6
敦促	dūn cù	to press; to urge; to hasten	23516	7
迸发	bèng fā	to burst forth	23536	6
写字楼	xiě zì lóu	office building	23538	6
孝敬	xiào jìng	to show filial respect; to give presents (to one's elders or superiors); to support one's aged parents	23538	7
素养	sù yǎng	(personal) accomplishment; attainment in self-cultivation	23559	7
每逢	měi féng	every time; on each occasion; whenever	23571	7
出任	chū rèn	to take up a post; to start in a new job	23581	7
人工智能	rén gōng zhì néng	artificial intelligence (AI)	23584	7
出道	chū dào	to start one's career; (of an entertainer) to make one's debut	23584	7
鸟巢	niǎo cháo	bird's nest; nickname for Beijing 2008 Olympic stadium	23612	7
接二连三	jiē èr lián sān	one after another (idiom); in quick succession	23620	7
独身	dú shēn	unmarried; single	23623	7
雨衣	yǔ yī	raincoat	23626	6
共性	gòng xìng	overall character	23643	7
一概	yī gài	all; without any exceptions; categorically	23649	7
亲和力	qīn hé lì	(personal) warmth; approachability; accessibility	23658	7
保质期	bǎo zhì qī	shelf life; expiration date	23667	7
供奉	gòng fèng	to consecrate; to enshrine and worship; an offering (to one's ancestors)	23678	7
尾气	wěi qì	exhaust; emissions	23681	7
状元	zhuàng yuán	top scorer in the palace examination (highest rank of the Imperial examination system); top scorer in college entrance examination 考; (fig.) the most brilliantly talented person in the field	23703	7
节俭	jié jiǎn	frugal; economical	23719	7
悦耳	yuè ěr	sweet-sounding; beautiful (of sound)	23721	7
内行	nèi háng	expert; adept; experienced	23722	7
激化	jī huà	to intensify	23722	7
池子	chí zi	pond; bathhouse pool; dance floor of a ballroom	23725	5
屡次	lǚ cì	repeatedly; time and again	23740	7
声势	shēng shì	fame and power; prestige; influence	23742	6
报考	bào kǎo	to enter oneself for an examination	23743	6
窟窿	kū long	hole; pocket; cavity	23746	7
错综复杂	cuò zōng fù zá	tangled and complicated (idiom)	23747	7
魄力	pò lì	courage; daring; boldness	23747	7
逾期	yú qī	to be overdue; to fail to meet a deadline; to be behind in doing sth	23749	7
风貌	fēng mào	style; manner; ethos	23784	7
供求	gōng qiú	supply and demand (economics)	23788	7
年迈	nián mài	old; aged	23794	7
睡袋	shuì dài	sleeping bag	23812	7
神气	shén qì	expression; manner; vigorous	23813	7
厘米	lí mǐ	centimeter	23825	4
不屑一顾	bù xiè yī gù	to disdain as beneath contempt (idiom)	23826	6
勤快	qín kuài	diligent; hardworking	23842	7
冷气	lěng qì	air conditioning (Tw)	23852	6
佳肴	jiā yáo	fine food; delicacies; delicious food	23853	6
精妙	jīng miào	exquisite; fine and delicate (usu. of works of art)	23856	7
生硬	shēng yìng	stiff; harsh	23872	7
国情	guó qíng	the characteristics and circumstances particular to a country; current state of a country	23878	7
供不应求	gōng bù yìng qiú	supply does not meet demand	23912	7
话费	huà fèi	call charge	23912	7
乖巧	guāi qiǎo	clever (child); smart; lovable	23913	7
邻国	lín guó	bordering country; neighbor country; neighboring countries	23913	7
避暑	bì shǔ	to be away for the summer holidays; to spend a holiday at a summer resort; to prevent sunstroke	23952	7
元宵节	yuán xiāo jié	Lantern Festival, the final event of the Spring Festival 春节, on 15th of first month of the lunar calendar	23963	7
绝缘	jué yuán	to have no contact with; to be cut off from; (electricity) to insulate	23966	7
照应	zhào ying	to look after; to take care of; to attend to	23973	6
万万	wàn wàn	absolutely; wholly	23985	7
看热闹	kàn rè nao	to enjoy watching a bustling scene; to go where the crowds are	23986	7
苗头	miáo tou	first signs; development (of a situation)	23988	7
浩劫	hào jié	calamity; catastrophe; apocalypse	24002	7
缤纷	bīn fēn	vast and various; rich and diverse	24038	7
段落	duàn luò	phase; time interval; paragraph	24046	7
作息	zuò xī	to work and rest	24065	6
留学生	liú xué shēng	student studying abroad; (foreign) exchange student	24084	2
喧哗	xuān huá	hubbub; clamor; to make a racket	24091	7
热腾腾	rè téng téng	steaming hot; (fig.) bustling; hectic	24091	7
畅谈	chàng tán	to talk freely; to discuss without inhibition	24091	7
文具	wén jù	stationery; item of stationery (pen, pencil, eraser, pencil sharpener etc)	24111	7
富含	fù hán	to contain in great quantities; rich in	24113	7
日用品	rì yòng pǐn	articles for daily use	24114	5
不了了之	bù liǎo liǎo zhī	to settle a matter by leaving it unsettled; to end up with nothing definite	24145	7
祭奠	jì diàn	to offer sacrifices (to one's ancestors); to hold or attend a memorial service	24155	7
换位	huàn wèi	to swap places; (logic) conversion; (car maintenance) to rotate (tires)	24157	7
整数	zhěng shù	whole number; integer (math.); round figure	24165	7
第一线	dì yī xiàn	front line; forefront	24169	7
传人	chuán rén	to teach; to impart; a disciple	24176	7
交费	jiāo fèi	to pay a fee	24178	3
铜牌	tóng pái	bronze medal; bronze plaque bearing a business name or logo etc	24178	6
赞许	zàn xǔ	to praise; to laud	24179	7
饶恕	ráo shù	to forgive; to pardon; to spare	24201	7
蓬勃	péng bó	vigorous; flourishing; full of vitality	24205	7
竣工	jùn gōng	to complete a project	24208	7
水温	shuǐ wēn	water temperature	24215	7
涵义	hán yì	content; meaning; connotation	24231	7
扇子	shàn zi	fan	24273	5
占卜	zhān bǔ	to divine	24286	7
燃放	rán fàng	to light; to set off (firecrackers etc)	24304	7
甚至于	shèn zhì yú	so much (that); even (to the extent that)	24305	7
客运	kè yùn	passenger transportation; (Tw) intercity bus	24357	7
民俗	mín sú	popular custom	24358	7
夜校	yè xiào	evening school; night school	24385	7
轮换	lún huàn	to rotate; to take turns	24389	7
棱角	léng jiǎo	edge and corner; protrusion; sharpness (of a protrusion)	24425	7
贮藏	zhù cáng	to store up; to hoard; deposits	24432	7
切身	qiè shēn	direct; concerning oneself; personal	24467	7
全文	quán wén	entire text; full text	24504	7
相依为命	xiāng yī wéi mìng	mutually dependent for life (idiom); to rely upon one another for survival; interdependent	24505	7
赞不绝口	zàn bù jué kǒu	to praise without cease (idiom); praise sb to high heaven	24518	7
服气	fú qì	to be convinced; to accept	24524	6
俗语	sú yǔ	common saying; proverb; colloquial speech	24526	7
标榜	biāo bǎng	to flaunt; to advertise; to parade	24532	7
玄机	xuán jī	profound theory (in Daoism and Buddhism); mysterious principles	24532	7
衣裳	yī shang	(coll.) clothes	24542	6
吞咽	tūn yàn	to swallow; to gulp	24549	6
鞭策	biān cè	to spur on; to urge on; to encourage sb (e.g. to make progress)	24553	7
境外	jìng wài	outside (a country's) borders	24563	7
姑且	gū qiě	for the time being; tentatively	24572	6
拜见	bài jiàn	to pay a formal visit; to call to pay respects; to meet one's senior or superior	24574	7
敢情	gǎn qing	actually; as it turns out; indeed	24600	7
成语	chéng yǔ	Chinese set expression, typically of 4 characters, often alluding to a story or historical quotation; idiom; proverb	24609	5
攻读	gōng dú	to major (in a field); to study a specialty to obtain a higher degree	24619	7
归纳	guī nà	to sum up; to summarize; to conclude from facts	24633	7
不免	bù miǎn	inevitably	24642	5
慈祥	cí xiáng	kindly; benevolent (often of older person)	24694	7
过硬	guò yìng	to have perfect mastery of sth; to be up to the mark	24705	7
怠慢	dài màn	to slight; to neglect	24707	7
荡漾	dàng yàng	to ripple; to undulate; also written 荡漾	24710	7
形影不离	xíng yǐng bù lí	inseparable (as form and shadow)	24715	7
揣测	chuǎi cè	to guess; to conjecture	24740	7
正月	zhēng yuè	first month of the lunar year	24741	6
把关	bǎ guān	to guard a pass; to check on sth	24750	7
用得着	yòng de zháo	to be able to use; useable; to have a use for; (in a question) to be necessary to	24751	6
茅台酒	máo tái jiǔ	maotai (a Chinese liquor)	24755	7
苦力	kǔ lì	bitter work; hard toil; (loanword) coolie, unskilled Chinese laborer in colonial times	24764	7
哺乳	bǔ rǔ	breastfeeding; to suckle; to nurse	24766	6
光碟	guāng dié	optical disc; compact disc; CD	24774	7
恍然大悟	huǎng rán dà wù	to suddenly realize; to suddenly see the light	24790	7
谢绝	xiè jué	to refuse politely	24810	6
双打	shuāng dǎ	doubles (in sports)	24817	6
遇险	yù xiǎn	to get into difficulties; to meet with danger	24828	7
不相上下	bù xiāng shàng xià	equally matched; about the same	24846	7
少林寺	shào lín sì	Shaolin Temple, Buddhist monastery famous for its kung fu monks	24852	7
红润	hóng rùn	ruddy; rosy; florid	24863	7
未知数	wèi zhī shù	unknown quantity	24868	7
爆满	bào mǎn	filled to capacity (of theater, stadium, gymnasium etc)	24881	7
退票	tuì piào	to bounce (a check); to return a ticket; ticket refund	24894	6
骨气	gǔ qì	unyielding character; courageous spirit; integrity	24898	7
冒昧	mào mèi	bold; presumptuous; to take the liberty of	24924	7
庙会	miào huì	temple fair	24933	7
下期	xià qī	next period (week, month or quarter etc)	24943	7
枣	zǎo	(bound form) jujube; Chinese date (Zizyphus jujuba)	24961	7
退让	tuì ràng	to move aside; to get out of the way; to back down	24961	7
一系列	yī xì liè	a series of; a string of	24973	7
文科	wén kē	liberal arts; humanities	24983	7
伯伯	bó bo	father's elder brother; uncle	24986	7
辽阔	liáo kuò	vast; extensive	25015	7
酿造	niàng zào	to brew; to make (wine, vinegar, soybean paste etc) by fermentation	25051	7
翻来覆去	fān lái fù qù	to toss and turn (sleeplessly); again and again	25055	7
操劳	cāo láo	to work hard; to look after	25088	7
试用期	shì yòng qī	trial period; probationary period	25091	7
礁石	jiāo shí	reef	25109	7
筹措	chóu cuò	to raise (money)	25118	7
不像话	bù xiàng huà	unreasonable; shocking; outrageous	25125	7
兼任	jiān rèn	to hold several jobs at once; concurrent post; working part-time	25167	7
差额	chā é	balance (financial); discrepancy (in a sum or quota); difference	25169	7
亚运会	yà yùn huì	Asian Games	25188	4
要强	yào qiáng	eager to excel; eager to get ahead in life; strong-minded	25212	7
食宿	shí sù	board and lodging; room and board	25212	7
逊色	xùn sè	inferior (often in the combination 毫无逊色, not in the least inferior)	25216	7
起到	qǐ dào	(in an expression of the form 起到…用) to have (a (motivating etc) effect); to play (a (stabilizing etc) role)	25234	5
虚心	xū xīn	open-minded; humble	25241	5
果酱	guǒ jiàng	jam	25242	6
敌视	dí shì	hostile; malevolence; antagonism	25245	6
凉水	liáng shuǐ	cool water; unboiled water	25250	3
出丑	chū chǒu	shameful; scandalous; to be humiliated	25263	7
野餐	yě cān	picnic; to have a picnic	25267	7
阴天	yīn tiān	cloudy day; overcast sky	25274	2
着力	zhuó lì	to put effort into sth; to try really hard	25274	7
笨重	bèn zhòng	heavy; cumbersome; unwieldy	25279	7
起哄	qǐ hòng	to heckle; rowdy jeering; to create a disturbance	25283	6
纲领	gāng lǐng	program (i.e. plan of action); guiding principle	25287	7
归根到底	guī gēn dào dǐ	after all; in the final analysis; ultimately	25289	7
耗时	hào shí	time-consuming; to take a period of (x amount of time)	25298	7
空想	kōng xiǎng	daydream; fantasy; to fantasize	25325	7
立功	lì gōng	to render meritorious service (one the three imperishables 朽); to make worthy contributions; to distinguish oneself	25337	7
珍稀	zhēn xī	rare; precious and uncommon	25346	6
眼红	yǎn hóng	to covet; envious; jealous	25358	7
高铁	gāo tiě	high speed rail	25367	4
遗愿	yí yuàn	final wishes of the departed	25369	7
下调	xià diào	to demote; to pass down to a lower unit	25370	7
野营	yě yíng	to camp; field lodgings	25370	7
富足	fù zú	rich; plentiful	25371	7
特例	tè lì	special case; isolated example	25371	7
不料	bù liào	unexpectedly; to one's surprise	25376	6
共同体	gòng tóng tǐ	community	25376	7
热泪盈眶	rè lèi yíng kuàng	eyes brimming with tears of excitement (idiom); extremely moved	25380	6
挎	kuà	to carry (esp. slung over the arm, shoulder or side)	25388	7
半途而废	bàn tú ér fèi	to give up halfway (idiom); leave sth unfinished	25389	7
前边	qián bian	front; the front side; in front of	25408	1
熏陶	xūn táo	to seep in; to influence; to nurture	25457	7
西医	xī yī	Western medicine; a doctor trained in Western medicine	25471	2
后顾之忧	hòu gù zhī yōu	fears of trouble in the rear (idiom); family worries (obstructing freedom of action); worries about the future consequences; often in negative expressions, meaning "no worries about anything"	25479	7
埋没	mái mò	to engulf; to bury; to overlook	25479	7
无不	wú bù	none lacking; none missing; everything is there	25506	7
拄	zhǔ	to lean on; to prop on	25510	7
外贸	wài mào	foreign trade	25516	7
根深蒂固	gēn shēn dì gù	deep-rooted (problem etc)	25542	7
闭塞	bì sè	to stop up; to close up; hard to get to	25567	6
救灾	jiù zāi	to relieve disaster; to help disaster victims	25577	5
小孩儿	xiǎo hái r	erhua variant of 小孩; child	25607	1
笔试	bǐ shì	written examination; paper test (for an applicant)	25608	6
评论员	píng lùn yuán	commentator	25625	7
循序渐进	xún xù jiàn jìn	in sequence, step by step (idiom); to make steady progress incrementally	25628	7
刹那	chà nà	an instant (Sanskrit: ksana); split second; the twinkling of an eye	25638	6
公费	gōng fèi	at public expense	25640	7
猎犬	liè quǎn	hound; hunting dog	25647	7
造价	zào jià	construction cost	25685	7
沿海	yán hǎi	coastal	25696	6
升学	shēng xué	to enter the next grade school	25711	6
分寸	fēn cun	propriety; appropriate behavior; proper speech or action	25716	7
忠贞	zhōng zhēn	loyal and dependable	25720	7
个儿	gè r	size; height; stature	25731	5
污蔑	wū miè	to slander; to smear; to tarnish	25744	6
谜语	mí yǔ	riddle; conundrum	25753	7
多功能	duō gōng néng	multifunctional; multifunction	25765	7
苦笑	kǔ xiào	to force a smile; a bitter laugh	25766	7
按理说	àn lǐ shuō	it is reasonable to say that...	25769	7
休眠	xiū mián	to be dormant (biology); inactive (volcano); to hibernate (computing)	25787	7
照例	zhào lì	as a rule; as usual; usually	25802	7
心安理得	xīn ān lǐ dé	to have a clear conscience; to have no qualms about sth	25820	7
船舶	chuán bó	shipping; boats	25827	7
衰弱	shuāi ruò	weak; feeble	25831	7
合算	hé suàn	worthwhile; to be a good deal; to be a bargain	25834	6
不翼而飞	bù yì ér fēi	to disappear without trace; to vanish all of a sudden; to spread fast	25860	7
免职	miǎn zhí	to relieve sb of his post; to sack; to demote	25860	7
无微不至	wú wēi bù zhì	in every possible way (idiom); meticulous	25869	7
吹捧	chuī pěng	to flatter; to laud sb's accomplishments; adulation	25897	7
球拍	qiú pāi	racket	25915	6
篇幅	piān fu	length (of a piece of writing); space occupied on a printed page	25962	7
牵头	qiān tóu	to lead (an animal by the head); to take the lead; to coordinate (a combined operation)	25971	7
表率	biǎo shuài	example; model	25988	7
徐徐	xú xú	slowly; gently	25996	7
一晃	yī huǎng	(of passing time) in an instant; (of a sight) in a flash	26016	7
污秽	wū huì	nasty; sordid; filthy	26017	7
没辙	méi zhé	at one's wit's end; unable to find a way out	26032	7
秀丽	xiù lì	pretty; beautiful	26034	7
司空见惯	sī kōng jiàn guàn	a common occurrence (idiom)	26048	7
民警	mín jǐng	civil police; PRC police	26049	6
风风雨雨	fēng fēng yǔ yǔ	trials and tribulations; ups and downs	26049	7
耐用	nài yòng	durable	26052	6
下旬	xià xún	last third of the month	26057	7
内向	nèi xiàng	reserved (personality); introverted; (economics etc) domestic-oriented	26068	7
兴致勃勃	xìng zhì bó bó	to become exhilarated (idiom); in high spirits; full of zest	26094	6
游人	yóu rén	a tourist	26098	6
纵然	zòng rán	even if; even though	26104	7
喜怒哀乐	xǐ nù āi lè	four types of human emotions, namely: happiness 欢喜, anger 愤怒, sorrow 哀 and joy 快乐	26105	7
并行	bìng xíng	to proceed in parallel; side by side (of two processes, developments, thoughts etc)	26109	7
骏马	jùn mǎ	fine horse; steed	26109	7
兴隆	xīng lóng	prosperous; thriving; flourishing	26149	6
查获	chá huò	to track down and seize (a criminal suspect, contraband etc)	26153	6
鉴赏	jiàn shǎng	to appreciate (as a connoisseur)	26154	7
挂钩	guà gōu	to couple; to link; to hook together; (fig.) (preceded by 与 + {entity}) to establish contact (with {entity}); (Tw) to collude (with {entity}); (fig.) to link (marketing efforts with production etc); to peg (welfare payments to inflation etc); to tie (remuneration to performance etc)	26160	7
独立自主	dú lì zì zhǔ	independent and autonomous (idiom); self-determination; to act independently; to maintain control over one's own affairs	26162	7
灼热	zhuó rè	burning hot; scorching	26169	7
闭幕	bì mù	the curtain falls; lower the curtain; to come to an end (of a meeting)	26178	5
壮烈	zhuàng liè	brave; heroic	26193	6
微观	wēi guān	micro-; subatomic	26198	7
过意不去	guò yì bù qù	to feel very apologetic	26199	7
缆车	lǎn chē	cable car	26207	7
嫁妆	jià zhuang	dowry	26214	7
倾家荡产	qīng jiā dàng chǎn	to lose a family fortune (idiom)	26223	7
不亦乐乎	bù yì lè hū	lit. isn't that a joy? (quote from Confucius); fig. (jocular) extremely; awfully	26229	7
挨家挨户	āi jiā āi hù	to go from house to house	26236	7
清明节	qīng míng jié	Qingming or Pure Brightness Festival or Tomb Sweeping Day, celebration for the dead (in early April)	26237	6
佳节	jiā jié	festive day; holiday	26246	7
松绑	sōng bǎng	to untie; (fig.) to ease restrictions	26251	7
伤脑筋	shāng nǎo jīn	to be a real headache; to find sth a real headache; to beat one's brains	26254	7
月票	yuè piào	monthly ticket	26277	7
无精打采	wú jīng dǎ cǎi	dispirited and downcast (idiom); listless; in low spirits; washed out	26282	7
瓜分	guā fēn	to partition; to divide up	26284	7
电动车	diàndòngchē	Electric vehicle	26291	4
文人	wén rén	scholar; literati	26292	7
叉子	chā zi	fork	26304	5
无穷无尽	wú qióng wú jìn	endless; boundless; infinite	26310	6
冗长	rǒng cháng	long and tedious; redundant; superfluous	26319	7
红薯	hóng shǔ	sweet potato	26326	7
边远	biān yuǎn	far from the center; remote; outlying	26329	7
寓言	yù yán	fable	26341	7
椭圆	tuǒ yuán	oval; ellipse; elliptic	26348	6
爱不释手	ài bù shì shǒu	(idiom) to like sth so much that one is reluctant to put it down; to find sth utterly irresistible	26355	7
补考	bǔ kǎo	to sit for a makeup exam; to resit an exam; makeup exam	26371	6
误区	wù qū	mistaken ideas; misconceptions; the error of one's ways	26395	7
气魄	qì pò	spirit; boldness; positive outlook	26408	7
底子	dǐ zi	base; foundation; bottom	26414	7
摇摇欲坠	yáo yáo yù zhuì	tottering; on the verge of collapse	26421	7
艳丽	yàn lì	gorgeous; garish and beautiful	26439	7
辛酸	xīn suān	pungent (taste); bitter; fig. sad	26445	7
海运	hǎi yùn	shipping by sea	26466	7
一声不吭	yī shēng bù kēng	to not say a word	26480	7
粘贴	zhān tiē	to stick; to affix; to adhere	26487	5
封顶	fēng dǐng	to put a roof (on a building); to cap the roof (finishing a building project); fig. to put a ceiling (on spending, prize, ambition etc)	26487	7
长足	cháng zú	remarkable (progress, improvement, expansion etc)	26492	7
上班族	shàng bān zú	office workers (as social group)	26506	6
斟酌	zhēn zhuó	to consider; to deliberate; to fill up a cup to the brim	26512	6
功底	gōng dǐ	training in the basic skills; knowledge of the fundamentals	26517	7
盛产	shèng chǎn	to produce in abundance; to be rich in	26534	6
听讲	tīng jiǎng	to attend a lecture; to listen to a talk	26538	2
退却	tuì què	to retreat; to shrink back	26542	7
凯歌	kǎi gē	triumphal hymn; victory song; paean	26552	7
引人入胜	yǐn rén rù shèng	to enchant; fascinating	26589	7
凸显	tū xiǎn	to present clearly; to give prominence to; to magnify	26590	7
急功近利	jí gōng jìn lì	seeking instant benefit (idiom); shortsighted vision, looking only for fast return	26592	6
商贩	shāng fàn	trader; peddler	26598	7
铲子	chǎn zi	shovel; spade; trowel	26598	7
以身作则	yǐ shēn zuò zé	to set an example (idiom); to serve as a model	26601	7
赤道	chì dào	equator (of the earth or a celestial body); celestial equator	26607	6
考生	kǎo shēng	exam candidate; student whose name has been put forward for an exam	26644	2
丘陵	qiū líng	hills	26657	7
咬牙切齿	yǎo yá qiè chǐ	(idiom) to gnash one's teeth; to fume with rage	26671	6
地势	dì shì	terrain; topography relief	26674	6
要领	yào lǐng	main aspects; essentials; gist	26676	7
附和	fù hè	to agree; to go along with; to echo (what sb says)	26677	7
历代	lì dài	successive generations; successive dynasties; past dynasties	26680	6
外币	wài bì	foreign currency	26687	6
发扬光大	fā yáng guāng dà	to develop and promote; to carry forward; to bring to great height of development	26690	7
失传	shī chuán	(of skills etc) to die out; lost; extinct	26721	7
无足轻重	wú zú qīng zhòng	insignificant	26725	7
订立	dìng lì	to conclude (treaty, contract, agreement etc); to set up (a rule etc)	26730	7
味精	wèi jīng	monosodium glutamate (MSG)	26745	7
亏本	kuī běn	to make a loss	26758	7
两口子	liǎng kǒu zi	husband and wife	26774	7
合作社	hé zuò shè	cooperative; workers' or agricultural producers' cooperative etc	26855	7
炒股	chǎo gǔ	(coll.) to speculate in stocks	26869	6
竹竿	zhú gān	bamboo; bamboo pole	26873	7
纬度	wěi dù	latitude	26877	7
勾画	gōu huà	to sketch out; to delineate	26891	7
换言之	huàn yán zhī	in other words	26895	7
胸有成竹	xiōng yǒu chéng zhú	(idiom) to have a well thought out plan in mind	26904	7
居高临下	jū gāo lín xià	lit. to be in a high location, overlooking the scene below (idiom); fig. to occupy a commanding position; to assume a haughty attitude	26950	7
粽子	zòng zi	glutinous rice and choice of filling wrapped in leaves and steamed or boiled	26967	7
铺路	pū lù	to pave (with paving stones); to lay a road; (fig.) to lay the groundwork (for sth)	26972	7
选修	xuǎn xiū	(at a school) to take as an elective; an elective; elective (subject)	26976	5
胜出	shèng chū	to come out on top; to win (in an election, contest etc); success	26979	7
老汉	lǎo hàn	old man; I (an old man referring to himself)	26984	7
疏导	shū dǎo	to dredge; to open up a path for; to remove obstructions	26988	7
指南针	zhǐ nán zhēn	compass	26990	7
收复	shōu fù	to recover (lost territory etc); to recapture	26991	7
伯母	bó mǔ	wife of father's elder brother; aunt; (polite form of address for a woman who is about the age of one's mother)	27007	7
串门	chuàn mén	to call on sb; to drop in; to visit sb's home	27035	7
触觉	chù jué	sense of touch; tactile sensation	27054	7
伸缩	shēn suō	to lengthen and shorten; flexible; adjustable	27067	7
山川	shān chuān	mountains and rivers; landscape	27081	7
长征	cháng zhēng	expedition; long journey	27081	7
养生	yǎng shēng	to maintain good health; to raise a child or animal; curing (of concrete etc)	27107	7
侧重	cè zhòng	to place particular emphasis on	27115	7
挑拨	tiǎo bō	to incite disharmony; to instigate	27120	6
拙劣	zhuō liè	clumsy; botched	27134	7
产值	chǎn zhí	value of output; output value	27135	7
深化	shēn huà	to deepen; to intensify	27143	6
赡养	shàn yǎng	to support; to provide support for; to maintain	27145	7
深入人心	shēn rù rén xīn	to enter deeply into people's hearts; to have a real impact on the people (idiom)	27174	7
触目惊心	chù mù jīng xīn	lit. shocks the eye, astonishes the heart (idiom); shocking; horrible to see; a ghastly sight	27190	7
阿拉伯语	ā lā bó yǔ	Arabic (language)	27202	7
洗衣粉	xǐ yī fěn	laundry detergent; washing powder	27239	6
孪生	luán shēng	(adj.) twin	27245	7
异想天开	yì xiǎng tiān kāi	to imagine the wildest thing; to indulge in fantasy	27249	7
晃荡	huàng dang	to rock; to sway; to shake	27257	7
巴结	bā jie	to fawn on; to curry favor with; to make up to	27264	6
与日俱增	yǔ rì jù zēng	to increase steadily; to grow with each passing day	27300	7
韧性	rèn xìng	toughness	27310	7
姥爷	lǎo ye	maternal grandfather (dialectal)	27327	7
教条	jiào tiáo	doctrine; dogma; creed	27332	7
支流	zhī liú	tributary (river)	27337	6
哭笑不得	kū xiào bù dé	lit. not to know whether to laugh or cry (idiom); both funny and extremely embarrassing; between laughter and tears	27338	7
心病	xīn bìng	anxiety; sore point; secret worry	27340	7
钳子	qián zi	pliers; pincers; tongs	27353	7
操练	cāo liàn	drill; practice	27364	6
心慌	xīn huāng	to be flustered; (dialect) irregular heart-beat	27384	7
兢兢业业	jīng jīng yè yè	(idiom) conscientious; assiduous	27396	7
波涛	bō tāo	great waves; billows	27414	7
殷勤	yīn qín	politely; solicitously; eagerly attentive	27419	7
毅然	yì rán	firmly; resolutely; without hesitation	27444	7
景区	jǐng qū	scenic area	27449	7
菜市场	cài shì chǎng	food market	27462	7
争先恐后	zhēng xiān kǒng hòu	striving to be first and fearing to be last (idiom); outdoing one another	27476	7
赫然	hè rán	with astonishment; with a shock; awe-inspiringly	27483	7
威慑	wēi shè	to cower by military force; deterrence	27484	7
雷同	léi tóng	mirroring others; identical	27498	7
出风头	chū fēng tou	to push oneself forward; to seek fame; to be in the limelight	27500	7
毫升	háo shēng	milliliter	27507	4
输家	shū jiā	loser (as opposed to winner 赢家)	27508	7
正气	zhèng qì	healthy atmosphere; moral spirit; unyielding integrity; probity; (TCM) vital energy (resistance to diseases)	27510	6
盛情	shèng qíng	great kindness; magnificent hospitality	27521	6
中庸	zhōng yōng	golden mean (Confucianism); (literary) (of person) mediocre; ordinary	27576	7
阎王	yán wáng	(Buddhism) Yama, the King of Hell; (fig.) cruel and tyrannical person	27587	7
省会	shěng huì	provincial capital	27605	6
小康	xiǎo kāng	moderately affluent; well-off; a period of peace and prosperity	27618	7
叫板	jiào bǎn	to signal the musicians (in Chinese opera, by prolonging a spoken word before attacking a song); (coll.) to challenge	27620	7
异口同声	yì kǒu tóng shēng	different mouths, same voice; to speak in unison (idiom)	27668	7
成才	chéng cái	to make sth of oneself; to become a person who is worthy of respect	27672	7
揣摩	chuǎi mó	to analyze; to try to figure out; to try to fathom	27678	7
乐谱	yuè pǔ	a musical score; sheet music	27699	6
公安局	gōng ān jú	public security bureau (government office similar in function to a police station)	27713	7
袖珍	xiù zhēn	pocket-sized; pocket (book etc)	27717	6
密不可分	mì bù kě fēn	inextricably linked (idiom); inseparable	27738	7
剪彩	jiǎn cǎi	to cut the ribbon (at a launching or opening ceremony)	27750	6
五花八门	wǔ huā bā mén	myriad; all kinds of; all sorts of	27751	7
火辣辣	huǒ là là	painful heat; scorching; painful heat	27799	7
季军	jì jūn	third in a race; bronze medalist	27804	6
取经	qǔ jīng	to journey to India on a quest for the Buddhist scriptures; to learn by studying another's experience	27807	7
口吃	kǒu chī	to stammer; to stutter; Taiwan pr. [kǒu jí]	27809	7
目不转睛	mù bù zhuǎn jīng	unable to take one's eyes off (idiom); to gaze steadily; to stare	27819	7
常务	cháng wù	routine; everyday business; daily operation (of a company)	27826	6
连绵	lián mián	continuous; unbroken; uninterrupted	27852	7
场馆	chǎng guǎn	sporting venue; arena	27863	6
惩处	chéng chǔ	to punish; to administer justice	27875	7
暴利	bào lì	sudden huge profits	27880	7
原汁原味	yuán zhī yuán wèi	original; authentic	27889	7
乳制品	rǔ zhì pǐn	dairy products	27890	6
苦心	kǔ xīn	painstaking effort; to take a lot of trouble; laborious at pains	27893	7
一揽子	yī lǎn zi	all-inclusive; undiscriminating	27919	7
卫视	wèi shì	satellite TV (abbr. for 卫星电视)	27956	7
浮躁	fú zào	fickle and impatient; restless; giddy	27975	7
精疲力竭	jīng pí lì jié	spirit weary, strength exhausted (idiom); spent; drained; washed out	27998	7
廉洁	lián jié	incorruptible; unbribable; honest	28006	7
柳树	liǔ shù	willow	28007	7
欢声笑语	huān shēng xiào yǔ	cheers and laughter	28045	7
舵手	duò shǒu	helmsman	28050	7
分外	fèn wài	exceptionally; not one's responsibility or job	28084	7
烤鸭	kǎo yā	roast duck	28090	5
考场	kǎo chǎng	exam room	28097	6
边疆	biān jiāng	border area; borderland; frontier	28113	7
陡峭	dǒu qiào	precipitous	28114	6
酷似	kù sì	to strikingly resemble	28114	7
质朴	zhì pǔ	simple; plain; unadorned	28126	7
亏待	kuī dài	to treat sb unfairly	28145	6
酒楼	jiǔ lóu	restaurant	28158	7
辩证	biàn zhèng	to investigate; dialectical	28181	6
推敲	tuī qiāo	to think over	28185	7
驮	duò	load carried by a pack animal	28188	7
广义	guǎng yì	broad sense; general sense	28194	7
隐情	yǐn qíng	sth one wishes to keep secret; ulterior motive; a subject best avoided	28207	7
易拉罐	yì lā guàn	pull-top can; easy-open can (with ring-pull)	28228	7
接班	jiē bān	to take over (from those working the previous shift); to take over (in a leadership role etc); to succeed sb	28231	7
肥沃	féi wò	fertile	28240	7
淡季	dàn jì	off season; slow business season	28264	7
浓重	nóng zhòng	dense; thick; strong	28270	7
日新月异	rì xīn yuè yì	daily renewal, monthly change (idiom); every day sees new developments; rapid progress	28296	7
推辞	tuī cí	to decline (an appointment, invitation etc)	28333	7
志气	zhì qì	ambition; resolve; backbone	28346	7
水灾	shuǐ zāi	flood; flood damage	28359	5
打雷	dǎ léi	to rumble with thunder; clap of thunder	28360	4
提纲	tí gāng	outline; synopsis; notes	28361	5
生命线	shēng mìng xiàn	lifeline	28405	7
夜以继日	yè yǐ jì rì	night and day (idiom); continuous strenuous effort	28406	7
郊游	jiāo yóu	to go for an outing; to go on an excursion	28410	7
高科技	gāo kē jì	high tech; high technology	28429	6
圆珠笔	yuán zhū bǐ	ballpoint pen	28444	6
反差	fǎn chā	contrast; discrepancy	28447	7
茂盛	mào shèng	lush	28450	7
贤惠	xián huì	variant of 贤慧	28468	6
励志	lì zhì	to pursue a goal with determination; inspirational; motivational	28471	7
骇人听闻	hài rén tīng wén	shocking; horrifying; atrocious	28491	7
晶莹	jīng yíng	sparkling and translucent	28494	7
便道	biàn dào	pavement; sidewalk; shortcut	28502	7
追悼	zhuī dào	to mourn; to pay last respects	28513	6
呼应	hū yìng	to conform (with); to echo; to correlate well	28524	7
两手	liǎng shǒu	one's two hands; two prongs (of a strategy); both aspects, eventualities etc	28543	6
出土	chū tǔ	to dig up; to appear in an excavation; unearthed	28546	7
好客	hào kè	hospitality; to treat guests well; to enjoy having guests	28557	7
不服	bù fú	not to accept sth; to want to have sth overruled or changed; to refuse to obey or comply	28565	7
挂号	guà hào	to register (at a hospital etc); to send by registered mail	28577	7
自相矛盾	zì xiāng máo dùn	to contradict oneself; self-contradictory; inconsistent	28620	7
自满	zì mǎn	complacent; self-satisfied	28624	6
罢免	bà miǎn	to remove sb from their post; to dismiss	28683	7
圣贤	shèng xián	a sage; wise and holy man; virtuous ruler	28718	7
脊梁	jǐ liáng	backbone; spine; Taiwan pr. [jǐ liang]	28720	7
求学	qiú xué	to seek knowledge; to study; to attend college	28724	7
棍棒	gùn bàng	club; staff; stick	28739	6
赶忙	gǎn máng	to hurry; to hasten; to make haste	28753	6
踌躇	chóu chú	to hesitate	28755	6
城乡	chéng xiāng	city and countryside	28758	6
居民楼	jū mín lóu	apartment building; residential tower	28791	7
读音	dú yīn	pronunciation; literary (rather than colloquial) pronunciation of a Chinese character	28795	2
两栖	liǎng qī	amphibious; dual-talented; able to work in two different lines	28797	7
帘子	lián zi	curtain	28809	7
衰减	shuāi jiǎn	to weaken; to attenuate	28810	7
宽厚	kuān hòu	tolerant; generous; magnanimous	28840	7
祖传	zǔ chuán	passed on from ancestors; handed down from generation to generation	28840	7
五颜六色	wǔ yán liù sè	multicolored; every color under the sun	28844	4
浏览器	liú lǎn qì	browser (software)	28853	7
艰苦奋斗	jiān kǔ fèn dòu	to struggle arduously	28881	7
急转弯	jí zhuǎn wān	to make a sudden turn	28882	7
拍板	pāi bǎn	clapper-board; auctioneer's hammer; to beat time with clappers	28922	7
相对而言	xiāng duì ér yán	relatively speaking; comparatively speaking	28925	7
拜年	bài nián	to pay a New Year call; to wish sb a Happy New Year	28932	7
古今中外	gǔ jīn zhōng wài	at all times and in all places (idiom)	28984	7
计策	jì cè	stratagem	28994	7
挺拔	tǐng bá	tall and straight	28996	6
惊诧	jīng chà	to be surprised; to be amazed; to be stunned	29028	7
夜市	yè shì	night market	29040	7
谈不上	tán bu shàng	to be out of the question	29056	7
抚养费	fǔ yǎng fèi	child support payment (after a divorce)	29072	7
水稻	shuǐ dào	rice; paddy	29081	7
牧民	mù mín	herdsman	29102	7
接轨	jiē guǐ	railtrack connection; to integrate into sth; to dock	29120	7
腐化	fǔ huà	to rot; to decay; to become corrupt	29148	7
贫乏	pín fá	impoverished; lacking; deficient	29155	6
出访	chū fǎng	to go and visit in an official capacity or for investigation	29179	6
蚊帐	wén zhàng	mosquito net	29214	7
温度计	wēn dù jì	thermometer; thermograph	29216	7
用法	yòng fǎ	usage	29232	6
作客	zuò kè	to live somewhere as a visitor; to stay with sb as a guest; to sojourn	29234	7
安居乐业	ān jū lè yè	to live in peace and work happily (idiom)	29270	6
隔开	gé kāi	to separate	29275	4
妨害	fáng hài	to jeopardize; to be harmful to; to undermine	29334	7
耍赖	shuǎ lài	to act shamelessly; to refuse to acknowledge that one has lost the game, or made a promise etc; to act dumb	29362	7
持之以恒	chí zhī yǐ héng	to pursue unremittingly (idiom); to persevere	29365	7
中小学	zhōng xiǎo xué	middle and elementary school	29379	2
家境	jiā jìng	family financial situation; family circumstances	29399	7
慌忙	huāng máng	in a great rush; in a flurry	29421	5
彬彬有礼	bīn bīn yǒu lǐ	refined and courteous; urbane	29487	7
药材	yào cái	medicinal ingredient	29493	7
拉动	lā dòng	to pull; (fig.) to stimulate (economic activity); to motivate (people to do sth)	29495	7
秀美	xiù měi	elegant; graceful	29506	7
教学楼	jiào xué lóu	teaching block; school building	29517	1
出主意	chū zhǔ yi	to come up with ideas; to make suggestions; to offer advice	29537	7
树荫	shù yīn	shade of a tree; Taiwan pr. [shù yìn]	29574	7
恼羞成怒	nǎo xiū chéng nù	to fly into a rage out of humiliation; to be ashamed into anger (idiom)	29606	7
模特儿	mó tè r	(fashion) model (loanword)	29610	4
自私自利	zì sī zì lì	everything for self and selfish profit (idiom); with no regard for others; selfish; mercenary	29615	7
喜出望外	xǐ chū wàng wài	to be pleased beyond one's expectations (idiom); overjoyed at the turn of events	29648	7
股民	gǔ mín	stock investor; share trader	29691	7
笼统	lǒng tǒng	general; broad; sweeping	29692	7
果树	guǒ shù	fruit tree	29710	6
吃喝玩乐	chī hē wán lè	to eat, drink and be merry (idiom); to abandon oneself to a life of pleasure	29716	7
了却	liǎo què	to resolve; to settle	29733	7
网友	wǎng yǒu	online friend; Internet user	29751	1
比比皆是	bǐ bǐ jiē shì	can be found everywhere	29754	7
光缆	guāng lǎn	optical cable	29769	7
名胜	míng shèng	a place famous for its scenery or historical relics; scenic spot	29771	6
主食	zhǔ shí	staple food	29792	7
落差	luò chā	drop in elevation; (fig.) gap (in wages, expectations etc); disparity	29794	7
建树	jiàn shù	to make a contribution; to establish; to found	29803	7
马戏	mǎ xì	circus	29823	7
刻不容缓	kè bù róng huǎn	to brook no delay; to demand immediate action	29831	6
斧子	fǔ zi	axe; hatchet	29863	7
这样一来	zhè yàng yī lái	thus; if this happens then	29867	7
急迫	jí pò	urgent; pressing; imperative	29873	7
长期以来	cháng qī yǐ lái	for a long time	29889	7
剪子	jiǎn zi	clippers; scissors; shears	29894	5
海量	hǎi liàng	huge volume	29897	7
跳高	tiào gāo	high jump (athletics)	29918	3
惹祸	rě huò	to stir up trouble; to invite disaster	29923	6
聘任	pìn rèn	to appoint (to a position); appointed	29941	7
扫墓	sǎo mù	to sweep a grave (and pay one's respects to the dead person)	29945	7
容光焕发	róng guāng huàn fā	face glowing (idiom); looking radiant; all smiles	29949	7
预售	yù shòu	to sell in advance	29955	7
弄虚作假	nòng xū zuò jiǎ	to practice fraud (idiom); by trickery	29962	7
管理费	guǎn lǐ fèi	management fee	29984	7
改版	gǎi bǎn	to revise the current edition; revised edition	29989	7
物美价廉	wù měi jià lián	good quality and cheap; a bargain	29995	6
喜糖	xǐ táng	sweet given on a happy occasion (esp. wedding)	30010	7
下坠	xià zhuì	(of objects) to fall; to drop; to droop	30023	7
自费	zì fèi	at one's own expense; self-funded	30053	7
集邮	jí yóu	stamp collecting; philately	30092	7
探求	tàn qiú	to seek; to pursue; to investigate	30109	7
侍候	shì hòu	to serve; to wait upon	30125	7
得不偿失	dé bù cháng shī	the gains do not make up for the losses (idiom)	30150	7
年画	nián huà	New Year (Spring Festival) picture	30151	7
蓝领	lán lǐng	blue-collar; blue-collar worker	30180	6
出山	chū shān	to leave the mountain (of a hermit); to come out of obscurity to a government job; to take a leading position	30185	7
贯通	guàn tōng	to link up; to thread together	30186	7
家电	jiā diàn	household electric appliance	30196	6
翠绿	cuì lǜ	greenish-blue; emerald green	30218	7
试行	shì xíng	to try out; to test	30221	7
优胜劣汰	yōu shèng liè tài	survival of the fittest (idiom)	30236	6
审定	shěn dìng	to examine sth and make a decision; to screen; to evaluate	30256	7
好容易	hǎo róng yì	(idiomatic usage) with great difficulty; to have a hard time (convincing sb, relinquishing sth etc); (literal usage) so easy	30322	6
陪葬	péi zàng	to be buried with or next to dead person (of deceased's partner, or of funerary objects)	30323	7
重合	chóng hé	to match up; to coincide	30332	7
耐人寻味	nài rén xún wèi	thought-provoking; worth thinking over; to provide food for thought	30346	7
天经地义	tiān jīng dì yì	lit. heaven's law and earth's principle (idiom); fig. right and proper; right and unalterable; a matter of course	30356	7
茂密	mào mì	dense (of plant growth); lush	30360	7
纯朴	chún pǔ	variant of 淳朴	30382	7
艰险	jiān xiǎn	difficult and dangerous; hardships and perils	30408	7
久仰	jiǔ yǎng	honorific: I've long looked forward to meeting you.; It's an honor to meet you at last.	30424	7
卧铺	wò pù	a bed (on a train); a couchette	30450	6
中国画	zhōng guó huà	Chinese painting	30455	7
抄写	chāo xiě	to copy; to transcribe	30463	4
恰如其分	qià rú qí fèn	(idiom) appropriate; apt; just right	30471	7
请帖	qǐng tiě	invitation card; written invitation	30508	7
寥寥无几	liáo liáo wú jǐ	just a very few (idiom); tiny number; not many at all; You count them on your fingers.	30527	7
工序	gōng xù	working procedure; process	30562	7
课文	kè wén	text	30576	1
佐料	zuǒ liào	condiments; seasoning	30583	7
夸耀	kuā yào	to brag about; to flaunt	30687	7
猜谜	cāi mí	to answer a riddle; to guess (i.e. form an opinion without much evidence)	30752	7
拜会	bài huì	(often used in the context of diplomacy) to meet with; to pay a visit to; to call on	30764	7
一举两得	yī jǔ liǎng dé	one move, two gains (idiom); two birds with one stone	30782	6
温习	wēn xí	to review (a lesson etc)	30799	7
伸张	shēn zhāng	to uphold (e.g. justice or virtue); to promote	30806	7
压岁钱	yā suì qián	money given to children as a gift on Chinese New Year's Eve	30823	6
老字号	lǎo zì hào	shop, firm, or brand of merchandise with a long-established reputation	30827	7
须知	xū zhī	key information; instructions; it must be borne in mind	30839	6
聋哑	lóng yǎ	deaf and dumb	30845	6
熙熙攘攘	xī xī rǎng rǎng	bustling with activity (idiom)	30846	7
道教	dào jiào	Taoism; Daoism (Chinese system of beliefs)	30866	6
香油	xiāng yóu	sesame oil; perfumed oil	30870	7
僵化	jiāng huà	to become rigid	30898	7
平价	píng jià	reasonably priced; inexpensive; to keep prices down	30948	7
解说员	jiě shuō yuán	commentator	30960	5
司长	sī zhǎng	bureau chief	31027	6
滑梯	huá tī	(children's) sliding board; a slide	31034	7
死心塌地	sǐ xīn tā dì	to be hell-bent on; dead set on sth; unswerving	31068	7
无可奉告	wú kě fèng gào	(idiom) "no comment"	31077	7
簇拥	cù yōng	to crowd around; to escort	31080	7
网点	wǎng diǎn	(computing) node in a network; (commerce) sales outlet; branch	31135	7
撤换	chè huàn	to dismiss and replace (sb); to replace (sb or sth)	31152	7
搀	chān	to take by the arm and assist; to mix; to blend	31166	7
欢聚	huān jù	to get together socially; to celebrate; party	31178	7
出毛病	chū máo bìng	a problem appears; to break down	31186	7
大棚	dà péng	greenhouse; polytunnel	31236	7
概况	gài kuàng	general situation; summary	31253	7
耳熟能详	ěr shú néng xiáng	what's frequently heard can be repeated in detail (idiom)	31301	7
起程	qǐ chéng	to set out; to leave	31328	7
顾不得	gù bu de	unable to change sth; unable to deal with	31355	7
讥笑	jī xiào	to sneer	31406	7
清脆	qīng cuì	sharp and clear; crisp; melodious	31431	7
瞻仰	zhān yǎng	to revere; to admire	31432	7
耸立	sǒng lì	to stand tall; to tower aloft	31433	7
掉队	diào duì	to fall behind; to drop out	31436	7
商贾	shāng gǔ	merchant	31449	7
恩情	ēn qíng	kindness; affection; grace	31449	7
治学	zhì xué	scholarship; high-level study; to do scholarly research	31458	7
大同小异	dà tóng xiǎo yì	virtually the same; differing only on small points	31466	7
磋商	cuō shāng	to consult; to discuss seriously; to negotiate	31471	7
折合	zhé hé	to convert into; to amount to; to be equivalent to	31485	7
伶俐	líng lì	clever; witty; intelligent	31514	6
礼拜天	lǐ bài tiān	Sunday	31517	5
奸诈	jiān zhà	treachery; devious; a rogue	31529	7
开垦	kāi kěn	to clear a wild area for cultivation; to put under the plow	31554	7
一应俱全	yī yīng jù quán	with everything needed available	31560	7
西餐	xī cān	Western-style food	31561	2
豁	huō	opening; stake all; sacrifice	31567	7
主题歌	zhǔ tí gē	theme song	31573	7
学堂	xué táng	college; school (old)	31575	7
太极拳	tài jí quán	shadowboxing or Taiji, T'aichi or T'aichichuan; traditional form of physical exercise or relaxation; a martial art	31592	7
书柜	shū guì	bookcase	31619	5
防疫	fáng yì	to prevent epidemics	31623	7
素不相识	sù bù xiāng shí	to be total strangers (idiom)	31683	7
重中之重	zhòng zhōng zhī zhòng	of the utmost importance; of highest priority	31683	7
谋害	móu hài	to conspire to murder; to plot against sb's life	31751	7
面面俱到	miàn miàn jù dào	(idiom) take care of everything; handle everything	31752	7
呼风唤雨	hū fēng huàn yǔ	to call the wind and summon the rain (idiom); to exercise magical powers; fig. to stir up troubles	31838	7
括号	kuò hào	parentheses; brackets	31869	4
精打细算	jīng dǎ xì suàn	meticulous planning and careful accounting (idiom)	31904	7
一筹莫展	yī chóu mò zhǎn	to be unable to find a solution; to be at wits' end	31915	7
只见	zhǐ jiàn	to see (the same thing) over and over again; to see, to one's surprise, (sth happen suddenly)	31932	5
砂糖	shā táng	granulated sugar	31940	7
潜移默化	qián yí mò huà	imperceptible influence; to influence secretly	31990	7
富强	fù qiáng	rich and powerful	32018	7
目中无人	mù zhōng wú rén	to consider everyone else beneath one (idiom); so arrogant that no-one else matters; condescending; to go about with one's nose in the air	32144	7
函授	hán shòu	to teach by correspondence	32146	7
历届	lì jiè	all previous (meetings, sessions etc)	32173	7
痴心	chī xīn	infatuation	32193	7
竞相	jìng xiāng	competitive; eagerly; to vie	32224	7
衣架	yī jià	clothes hanger; clothes rack	32226	3
无所作为	wú suǒ zuò wéi	attempting nothing and accomplishing nothing (idiom); without any initiative or drive; feckless	32252	7
纲要	gāng yào	outline; essential points	32270	7
豪迈	háo mài	bold; open-minded; heroic	32272	6
成群结队	chéng qún jié duì	making up a group, forming a troupe (idiom); in large numbers; as a large crowd	32277	7
上进心	shàng jìn xīn	motivation; ambition	32278	6
气功	qì gōng	qigong, a traditional Chinese system of cultivating vital energy 气 through coordinated breathing, movement and meditation	32300	6
争光	zhēng guāng	to win an honor; to strive to win a prize	32316	7
旭日	xù rì	the rising sun	32316	7
园地	yuán dì	garden area	32332	6
外向	wài xiàng	extroverted (personality); (economics etc) export-oriented	32377	6
呜咽	wū yè	to sob; to whimper	32446	7
回落	huí luò	to fall back; to return to low level after a rise (in water level, price etc)	32453	7
此起彼伏	cǐ qǐ bǐ fú	up here, down there (idiom); to rise and fall in succession; no sooner one subsides, the next arises; repeating continuously	32474	7
宽泛	kuān fàn	wide-ranging	32491	7
汪洋	wāng yáng	vast body of water	32495	7
灵机一动	líng jī yī dòng	a bright idea suddenly occurs (idiom); to hit upon an inspiration; to be struck by a brainwave	32503	7
聚精会神	jù jīng huì shén	to concentrate one's attention (idiom)	32588	7
划时代	huà shí dài	epoch-marking	32601	7
驰名	chí míng	famous	32609	7
踏上	tà shàng	to set foot on; to step on or into	32613	7
外文	wài wén	foreign language (written)	32623	3
公婆	gōng pó	husband's parents; parents-in-law	32691	6
因人而异	yīn rén ér yì	varying from person to person (idiom); different for each individual	32691	7
短处	duǎn chù	shortcoming; defect; fault	32713	3
滋长	zī zhǎng	to grow (usually of abstract things); to yield; to develop	32742	6
旷课	kuàng kè	to play truant; to cut classes	32748	7
亭子	tíng zi	pavilion	32764	6
不利于	bù lìyú	is harmful to	32766	7
稍候	shāo hòu	to wait a moment	32771	7
义工	yì gōng	volunteer worker; volunteer work	32774	7
蕴涵	yùn hán	to contain; to accumulate; to embrace	32795	7
难能可贵	nán néng kě guì	rare and precious; valuable; remarkable	32815	6
不约而同	bù yuē ér tóng	to agree by chance (idiom); taking the same action without prior consultation	32822	7
旱灾	hàn zāi	drought	32835	7
古朴	gǔ pǔ	simple and unadorned (of art, architecture etc)	32851	7
出难题	chū nán tí	to raise a tough question	32878	7
酸甜苦辣	suān tián kǔ là	sour, sweet, bitter and spicy hot; fig. the joys and sorrows of life	32890	5
一路平安	yī lù píng ān	to have a pleasant journey; Bon voyage!	32899	2
亡羊补牢	wáng yáng bǔ láo	lit. to mend the pen after sheep are lost (idiom); fig. to act belatedly; better late than never	32906	7
哺育	bǔ yù	to feed; (fig.) to nurture; to foster	32916	7
按说	àn shuō	in the ordinary course of events; ordinarily; normally	32917	7
欣欣向荣	xīn xīn xiàng róng	(idiom) flourishing; thriving	32921	7
心急如焚	xīn jí rú fén	to burn with impatience; torn with anxiety	32937	7
官吏	guān lì	bureaucrat; official	32971	7
次品	cì pǐn	substandard products; defective; seconds	33111	6
千家万户	qiān jiā wàn hù	every family (idiom)	33124	7
备课	bèi kè	(of a teacher) to prepare lessons	33147	7
走后门	zǒu hòu mén	lit. to enter by the back door; fig. to gain influence by pull or unofficial channels; back door or under the counter connections	33149	7
守株待兔	shǒu zhū dài tù	lit. to guard a tree-stump, waiting for rabbits (idiom); to wait idly for opportunities; to trust to chance rather than show initiative	33204	7
改为	gǎi wéi	to change into	33250	7
落户	luò hù	to settle; to set up home	33298	7
怜惜	lián xī	to take pity on; to feel tenderness toward	33311	7
师长	shī zhǎng	military division level commander; teacher	33317	7
出神	chū shén	spellbound; entranced; lost in thought	33360	6
惨白	cǎn bái	deathly pale	33380	7
碧绿	bì lǜ	dark green	33401	7
让座	ràng zuò	to give up one's seat for sb	33457	6
不辞而别	bù cí ér bié	to leave without saying good-bye	33466	7
清明	qīng míng	clear and bright; sober and calm; (of a government or administration) well ordered	33512	7
常温	cháng wēn	room temperature; ordinary temperatures	33525	7
骤然	zhòu rán	suddenly; abruptly	33542	7
哗然	huá rán	in uproar; commotion; causing a storm of protest	33564	7
忙乱	máng luàn	rushed and muddled	33607	7
便条	biàn tiáo	(informal) note	33655	5
美中不足	měi zhōng bù zú	everything is fine except for one small defect (idiom); the fly in the ointment	33676	7
不假思索	bù jiǎ sī suǒ	(idiom) to act without taking time to think; to react instantly; to fire from the hip	33772	7
豁达	huò dá	optimistic; sanguine; generous	33799	7
防盗门	fáng dào mén	security door	33898	7
见外	jiàn wài	to treat sb with the formal courtesy accorded to a host or a guest	33911	7
烦闷	fán mèn	moody; gloomy	33920	7
借条	jiè tiáo	receipt for a loan; IOU	33973	7
前无古人	qián wú gǔ rén	(idiom) unprecedented; unheard of	33975	7
朝代	cháo dài	dynasty; reign (of a king)	33998	7
朝夕相处	zhāo xī xiāng chǔ	to spend all one's time together (idiom)	34005	7
诞辰	dàn chén	birthday	34026	7
碍事	ài shì	to be in the way; to be a hindrance; (usu. in the negative) to be of consequence; to matter	34045	7
混浊	hùn zhuó	turbid; muddy; dirty	34085	7
闭幕式	bì mù shì	closing ceremony	34114	5
短促	duǎn cù	short in time; fleeting; brief	34131	6
僻静	pì jìng	lonely; secluded	34171	7
小曲	xiǎo qǔ	popular song; folk tune; ballad	34172	7
稻谷	dào gǔ	unhusked rice; paddy	34191	6
纵深	zòng shēn	depth (from front to rear); depth (into a territory); span (of time)	34239	7
萌发	méng fā	to sprout; to shoot; to bud	34285	7
堤坝	dī bà	dam; dike	34295	7
月初	yuè chū	start of month; early in the month	34296	7
风和日丽	fēng hé rì lì	moderate wind, beautiful sun (idiom); fine sunny weather, esp. in springtime	34338	7
学艺	xué yì	to learn a skill or art	34339	7
洗涤剂	xǐ dí jì	cleaning agent; detergent	34376	7
家家户户	jiā jiā hù hù	each and every family (idiom); every household	34377	7
连年	lián nián	successive years; over many years	34385	6
大有可为	dà yǒu kě wéi	with great prospects for the future (idiom); well worth doing	34481	7
偏方	piān fāng	folk remedy; home remedy	34502	7
底蕴	dǐ yùn	inside information; concrete details	34522	7
增收	zēng shōu	to increase revenue; to increase income by (x amount); to levy (a surcharge, tax increase etc)	34528	7
畜牧	xù mù	to raise animals	34533	6
依依不舍	yī yī bù shě	reluctant to part (idiom); broken-hearted at having to leave	34544	7
可乘之机	kě chéng zhī jī	an opportunity that someone (usually a villain or adversary) can exploit	34562	7
统筹兼顾	tǒng chóu jiān gù	an overall plan taking into account all factors	34565	6
一鼓作气	yī gǔ zuò qì	in a spurt of energy	34580	7
害臊	hài sào	to be bashful; to feel ashamed	34581	7
东张西望	dōng zhāng xī wàng	to look in all directions (idiom); to glance around	34585	7
络绎不绝	luò yì bù jué	(idiom) continuously; in an endless stream	34597	7
物流	wù liú	distribution (business); logistics	34629	7
厂长	chǎng zhǎng	factory director	34641	5
挂失	guà shī	to report the loss of something	34670	7
硕果	shuò guǒ	major achievement; great work; triumphant success	34691	7
空儿	kòng r	spare time; free time	34728	3
秧歌	yāng ge	Yangge, a popular rural folk dance	34752	7
红眼	hóng yǎn	to become infuriated; to see red; envious	34758	7
畏缩	wèi suō	to cower; to flinch; to quail	34781	7
多心	duō xīn	oversensitive; suspicious	34807	7
杂乱无章	zá luàn wú zhāng	disordered and in a mess (idiom); all mixed up and chaotic	34808	7
举世闻名	jǔ shì wén míng	world-famous (idiom)	34810	7
愁眉苦脸	chóu méi kǔ liǎn	to look anxious (idiom); to look miserable	34813	7
粗心大意	cū xīn dà yì	negligent; careless; inadvertent	34849	7
争分夺秒	zhēng fēn duó miǎo	lit. fight minutes, snatch seconds (idiom); a race against time; making every second count	34909	7
文娱	wén yú	cultural recreation; entertainment	34927	6
龙舟	lóng zhōu	dragon boat; imperial boat	34927	7
车号	chē hào	vehicle number (license plate number, taxi number, bus number, train car number)	34947	6
垂头丧气	chuí tóu sàng qì	hanging one's head dispiritedly (idiom); dejected; crestfallen	34963	7
弊病	bì bìng	malady; evil; malpractice	34995	7
不敢当	bù gǎn dāng	lit. I dare not (accept the honor); fig. I don't deserve your praise; you flatter me	35004	5
任重道远	rèn zhòng dào yuǎn	a heavy load and a long road; fig. to bear heavy responsibilities through a long struggle (cf Confucian Analects, 8.7)	35050	6
化纤	huà xiān	synthetic fiber	35059	7
东道主	dōng dào zhǔ	host; official host (e.g. venue for games or a conference)	35077	7
壮胆	zhuàng dǎn	to get one’s courage up; to embolden	35084	7
清真	qīng zhēn	Islamic; Muslim; halal (of food)	35108	6
世袭	shì xí	succession; inheritance; hereditary	35110	7
农历	nóng lì	the traditional Chinese calendar; the lunar calendar	35140	7
不一会儿	bù yīhuǐr5	Take a short while	35153	2
珍重	zhēn zhòng	precious; extremely valuable; (honorific) Please take good care of yourself!	35184	7
夸夸其谈	kuā kuā qí tán	to talk big; to sound off; bombastic	35198	7
下乡	xià xiāng	to go to the countryside	35280	7
铜矿	tóng kuàng	copper mine; copper ore	35317	6
举世瞩目	jǔ shì zhǔ mù	to receive worldwide attention	35345	7
宁肯	nìng kěn	would rather...; it would be better...; would prefer	35373	6
弘扬	hóng yáng	to enhance; to promote; to enrich	35386	7
走漏	zǒu lòu	to leak (information, secrets etc); to smuggle and evade tax; to suffer shrinkage (partial loss of goods due to theft etc)	35406	6
同人	tóng rén	people from the same workplace or profession; co-worker; colleague	35408	7
刚毅	gāng yì	resolute; steadfast; stalwart	35426	7
螺丝钉	luó sī dīng	screw	35456	6
化险为夷	huà xiǎn wéi yí	to turn peril into safety (idiom); to avert disaster	35462	7
联欢	lián huān	to have a get-together; celebration; party	35542	7
俊俏	jùn qiào	attractive and intelligent; charming; elegant	35572	7
桃树	táo shù	peach tree	35576	5
刮风	guā fēng	to be windy	35620	7
走过场	zǒu guò chǎng	to go through the motions	35620	7
成心	chéng xīn	intentional; deliberate; on purpose	35628	6
扣人心弦	kòu rén xīn xián	to excite; to thrill; exciting	35633	7
光明磊落	guāng míng lěi luò	open and candid (idiom); straightforward and upright	35648	7
阅览室	yuè lǎn shì	reading room	35678	5
千钧一发	qiān jūn yī fà	a thousand pounds hangs by a thread (idiom); imminent peril; a matter of life or death	35703	7
酌情	zhuó qíng	to use discretion; to take circumstances into account; to make allowances pertinent to a situation	35706	7
千变万化	qiān biàn wàn huà	countless changes; constant permutation	35836	7
朝气蓬勃	zhāo qì péng bó	full of youthful energy (idiom); vigorous; energetic; a bright spark	35838	7
一个劲儿	yī gè jìn r	erhua variant of 一个劲; continuously	35871	7
斩钉截铁	zhǎn dīng jié tiě	lit. to chop the nail and slice the iron (idiom); fig. resolute and decisive; unhesitating; categorical	35900	6
搞鬼	gǎo guǐ	to make mischief; to play tricks	35904	7
诚心诚意	chéng xīn chéng yì	earnestly and sincerely (idiom); with all sincerity	35928	7
瑰宝	guī bǎo	gem; (fig.) rare and valuable item; gem	35933	7
立方米	lì fāng mǐ	cubic meter (unit of volume)	35946	7
月饼	yuè bǐng	mooncake (esp. for the Mid-Autumn Festival)	35984	5
公开信	gōng kāi xìn	open letter	35990	7
预习	yù xí	to prepare a lesson	36044	3
说不上	shuō bu shàng	to be unable to say or tell; to not be worth mentioning	36064	7
天伦之乐	tiān lún zhī lè	family love and joy; domestic bliss	36076	6
带头人	dài tóu rén	leader	36083	7
一技之长	yī jì zhī cháng	proficiency in a particular field (idiom); skill in a specialized area (idiom)	36099	7
欠条	qiàn tiáo	IOU; certificate of indebtedness	36112	7
乌黑	wū hēi	jet-black; dark	36237	6
见闻	jiàn wén	what one has seen and heard; knowledge; one's experience	36267	6
同舟共济	tóng zhōu gòng jì	cross a river in the same boat (idiom); fig. having common interests; obliged to collaborate towards common goals	36268	7
自强不息	zì qiáng bù xī	to strive unremittingly; self-improvement	36274	7
堆砌	duī qì	lit. to pile up (bricks); to pack; fig. to pad out (writing with fancy phrases)	36363	7
序言	xù yán	preface; introductory remarks; preamble	36371	6
尺子	chǐ zi	ruler (measuring instrument)	36385	4
旗袍	qí páo	Chinese-style dress; cheongsam	36388	7
说情	shuō qíng	to intercede; to plead for sb else	36421	7
见多识广	jiàn duō shí guǎng	experienced and knowledgeable (idiom)	36443	6
精益求精	jīng yì qiú jīng	to perfect sth that is already outstanding (idiom); constantly improving	36451	7
终年	zhōng nián	entire year; throughout the year; age at death	36457	6
耻笑	chǐ xiào	to sneer at sb; to ridicule	36480	7
跑龙套	pǎo lóng tào	to play a small role	36523	7
从容不迫	cóng róng bù pò	calm; unruffled	36570	7
稠密	chóu mì	dense	36571	7
长达	cháng dá	to extend as long as; to lengthen out to	36584	7
洪亮	hóng liàng	loud and clear; resonant	36631	7
峰回路转	fēng huí lù zhuǎn	the mountain road twists around each new peak (idiom); (of a mountain road) twisting and turning; fig. an opportunity has come unexpectedly	36686	7
嬉笑	xī xiào	to be laughing and playing; to giggle	36701	7
鹤立鸡群	hè lì jī qún	a crane in a flock of chicken (idiom); way above the common; manifestly superior	36715	7
风沙	fēng shā	sand blown by wind; sandstorm	36742	7
大大咧咧	dà dà liē liē	carefree; offhand; casual	36835	7
高新技术	gāo xīn jì shù	high tech; high technology	36865	7
标点	biāo diǎn	punctuation; a punctuation mark; to punctuate	36947	5
喜洋洋	xǐ yáng yáng	radiant with joy	36979	7
假使	jiǎ shǐ	if; in case; suppose	36984	7
讲学	jiǎng xué	to lecture (on branch of learning)	36991	7
学子	xué zǐ	(literary) student; scholar	37016	7
羽绒服	yǔ róng fú	down-filled garment	37036	5
籍贯	jí guàn	one's native place; place of ancestry; registered birthplace	37051	6
工整	gōng zhěng	fine work; carefully and neatly done	37070	7
荷花	hé huā	lotus	37141	7
提速	tí sù	to increase the specified cruising speed; to pick up speed; to speed up	37206	7
口试	kǒu shì	oral examination; oral test	37233	6
变幻莫测	biàn huàn mò cè	to change unpredictably; unpredictable; erratic	37275	7
请坐	qǐng zuò	please, have a seat	37277	1
求医	qiú yī	to seek medical treatment; to see a doctor	37285	7
理直气壮	lǐ zhí qì zhuàng	in the right and self-confident (idiom); bold and confident with justice on one's side; to have the courage of one's convictions; just and forceful	37289	7
称心如意	chèn xīn rú yì	(idiom) after one's own heart; gratifying; satisfactory; everything one could wish	37311	6
由此可见	yóu cǐ kě jiàn	from this, it can be seen that...	37325	7
毛笔	máo bǐ	writing brush	37393	5
沿线	yán xiàn	along the line (e.g. railway); the region near the line	37401	7
水货	shuǐ huò	smuggled goods; unauthorized goods	37424	7
勉励	miǎn lì	to encourage	37429	6
树梢	shù shāo	the tip of a tree; treetop	37468	7
矿藏	kuàng cáng	mineral resources	37530	7
豆制品	dòu zhì pǐn	legume-based product; soybean product	37535	5
火暴	huǒ bào	variant of 爆	37646	7
综上所述	zōng shàng suǒ shù	to summarize; to sum up	37654	7
旋涡	xuán wō	spiral; whirlpool; eddy	37673	7
一年到头	yī nián dào tóu	all year round	37724	7
漠然	mò rán	indifferent; apathetic; cold	37792	7
半年	bàn nián	half a year	37795	1
一言一行	yī yán yī xíng	every word and action (idiom)	37817	7
沉甸甸	chén diàn diàn	heavy	37849	7
半边天	bàn biān tiān	half the sky; women of the new society; womenfolk	37858	7
足智多谋	zú zhì duō móu	resourceful; full of stratagems	37859	7
似是而非	sì shì ér fēi	apparently right but actually wrong; specious (idiom)	37874	7
人次	rén cì	person-times; visits; classifier for number of people participating	37900	7
改邪归正	gǎi xié guī zhèng	to mend one's ways (idiom); to turn over a new leaf	37930	7
劳驾	láo jià	excuse me	37933	5
敬而远之	jìng ér yuǎn zhī	to show respect from a distance (idiom); to remain at a respectful distance	37994	7
占线	zhàn xiàn	busy (telephone line)	38012	5
磁卡	cí kǎ	magnetic card; IC Card (telephone)	38115	7
柏树	bǎi shù	cypress tree; Taiwan pr. [bó shù]	38128	7
贺电	hè diàn	congratulatory telegram	38140	7
娇气	jiāo qì	delicate; squeamish; finicky	38277	7
农民工	nóng mín gōng	migrant worker (who moved from a rural area of China to a city to find work)	38309	7
凹凸	āo tū	concave or convex; bumps and holes; uneven (surface)	38312	6
锦旗	jǐn qí	silk banner (as an award or gift)	38385	7
贬义	biǎn yì	derogatory sense; negative connotation	38391	6
衣食住行	yī shí zhù xíng	clothing, food, housing and transport (idiom); people's basic needs	38411	7
多边	duō biān	multilateral	38438	7
锲而不舍	qiè ér bù shě	to chip away at a task and not abandon it (idiom); to chisel away at sth; to persevere; unflagging efforts	38449	6
祖籍	zǔ jí	ancestral hometown; original domicile (and civil registration)	38480	7
浮力	fú lì	buoyancy	38524	7
能耗	néng hào	energy consumption	38570	7
犯愁	fàn chóu	to worry; to be anxious	38579	7
脉络	mài luò	arteries and veins; network of blood vessels; vascular system (of a plant or animal)	38592	7
津津有味	jīn jīn yǒu wèi	with keen interest (idiom); with great pleasure; with gusto	38595	7
泼冷水	pō lěng shuǐ	to pour cold water on; (fig.) to dampen sb's enthusiasm	38596	7
定心丸	dìng xīn wán	tranquilizer; sth that sets one's mind at ease	38626	7
沏	qī	to steep (tea)	38676	7
嫦娥	cháng é	Chang'e, the lady in the moon (Chinese mythology); one of the Chang'e series of PRC lunar spacecraft	38717	7
烘托	hōng tuō	background (of a painting); backdrop; a foil (to set off something to advantage)	38737	7
不亚于	bù yà yú	no less than; not inferior to	38742	7
山岭	shān lǐng	mountain ridge	38767	7
勤俭	qín jiǎn	hardworking and frugal	38935	6
踊跃	yǒng yuè	to leap; to jump; eager	38961	7
强占	qiáng zhàn	to occupy by force	39024	7
醇厚	chún hòu	mellow and rich; simple and kind	39034	7
丰硕	fēng shuò	plentiful; substantial; rich (in resources etc)	39053	7
观感	guān gǎn	one's impressions; observations	39081	7
写字台	xiě zì tái	writing desk	39106	6
炉灶	lú zào	stove	39198	7
改日	gǎi rì	another day; some other day	39207	7
错别字	cuò bié zì	incorrectly written or mispronounced characters	39226	7
侠义	xiá yì	chivalrous; chivalry; knight-errantry	39235	7
风土人情	fēng tǔ rén qíng	local conditions and customs (idiom)	39323	6
必修	bì xiū	(of an academic course) required; compulsory	39363	6
昌盛	chāng shèng	prosperous	39394	6
临街	lín jiē	facing the street	39431	7
办学	bàn xué	to run a school	39436	6
相辅相成	xiāng fǔ xiāng chéng	to complement one another (idiom)	39443	7
建交	jiàn jiāo	to establish diplomatic relations	39495	7
分赃	fēn zāng	to share the booty; to divide ill-gotten gains	39508	7
繁体字	fán tǐ zì	traditional Chinese character	39543	7
勤工俭学	qín gōng jiǎn xué	to work part time while studying; work-study program	39680	7
头头是道	tóu tóu shì dào	clear and logical	39740	7
外资	wài zī	foreign investment	39797	6
打岔	dǎ chà	interruption; to interrupt (esp. talk); to change the subject	39851	7
知足常乐	zhī zú cháng lè	satisfied with what one has (idiom)	39895	6
车轴	chē zhóu	axle	39936	7
国徽	guó huī	national emblem; national coat of arms	39944	7
夺魁	duó kuí	to seize; to win	39965	7
慰劳	wèi láo	to show appreciation (by kind words, small gifts etc); to comfort	40023	7
跳远	tiào yuǎn	long jump (athletics)	40040	3
半信半疑	bàn xìn bàn yí	half doubting; dubious; skeptical	40048	7
京剧	jīng jù	Beijing opera	40061	3
工科	gōng kē	engineering as an academic subject	40069	7
上旬	shàng xún	first third of a month	40081	7
譬如说	pì rú shuō	for example	40154	7
壮实	zhuàng shi	robust; sturdy	40182	7
俯首	fǔ shǒu	to bend one's head	40183	7
渣子	zhā zi	dregs; bits; dregs (of society)	40267	7
兆头	zhào tou	omen; portent; sign	40377	7
讹诈	é zhà	to extort under false pretenses; to blackmail; to bluff	40387	7
无恶不作	wú è bù zuò	not to shrink from any crime (idiom); to commit any imaginable misdeed	40408	7
水涨船高	shuǐ zhǎng chuán gāo	the tide rises, the boat floats (idiom); fig. to change with the overall trend; to develop according to the situation	40619	7
得天独厚	dé tiān dú hòu	blessed by heaven (idiom); enjoying exceptional advantages; favored by nature	40643	7
递增	dì zēng	to increase by degrees; in increasing order; incremental	40644	6
秉承	bǐng chéng	to take orders; to receive commands; to carry on (a tradition)	40658	7
布告	bù gào	posting on a bulletin board; notice; bulletin	40775	6
华侨	huá qiáo	overseas Chinese; (in a restricted sense) Chinese emigrant who still retains Chinese nationality	40806	7
顾全大局	gù quán dà jú	to take the big picture into consideration (idiom); to work for the benefits of all	40823	7
开天辟地	kāi tiān pì dì	to split heaven and earth apart (idiom); refers to the Pangu 盘古 creation myth	40925	7
没法儿	méifǎr5	Can't	41071	4
无形中	wú xíng zhōng	imperceptibly; virtually	41160	7
远近闻名	yuǎn jìn wén míng	to be known far and wide; to be well-known	41183	7
过奖	guò jiǎng	to overpraise; to flatter	41281	7
钻空子	zuān kòng zi	to take advantage of a loophole; to exploit an advantage; to seize the opportunity (esp. to do sth bad)	41378	7
恋恋不舍	liàn liàn bù shě	reluctant to part	41381	7
纯净水	chún jìng shuǐ	purified water	41403	4
七嘴八舌	qī zuǐ bā shé	lively discussion with everybody talking at once	41404	7
众志成城	zhòng zhì chéng chéng	unity of will is an impregnable stronghold (idiom)	41428	7
会意	huì yì	combined ideogram (one of the Six Methods 六书 of forming Chinese characters); Chinese character that combines the meanings of existing elements; also known as joint ideogram or associative compound	41491	7
脸盆	liǎn pén	washbowl; basin for washing hands and face	41495	5
说闲话	shuō xián huà	to chat; to gossip	41546	7
急于求成	jí yú qiú chéng	anxious for quick results (idiom); to demand instant success; impatient for result; impetuous	41579	6
博大精深	bó dà jīng shēn	wide-ranging and profound; broad and deep	41630	6
干活儿	gàn huó r	erhua variant of 干活; (coll.) to work; (coll.) to be employed	41800	2
积淀	jī diàn	deposits accumulated over long periods; fig. valuable experience, accumulated wisdom	41903	7
逞能	chěng néng	to show off one's ability; to boast one's merits	41929	7
喜酒	xǐ jiǔ	wedding feast; liquor drunk at a wedding feast	42048	7
交头接耳	jiāo tóu jiē ěr	to whisper to one another's ear	42113	7
阔绰	kuò chuò	ostentatious; extravagant; liberal with money	42113	7
仙鹤	xiān hè	red-crowned crane (Grus japonensis)	42178	7
有声有色	yǒu shēng yǒu sè	having sound and color (idiom); vivid; dazzling	42205	7
左顾右盼	zuǒ gù yòu pàn	glancing to left and right (idiom); to look all around	42319	7
分之	fēn zhī	(indicating a fraction)	42376	4
私房钱	sī fáng qián	secret purse; secret stash of money	42411	7
填空	tián kòng	to fill a job vacancy; to fill in a blank (e.g. on questionnaire or exam paper)	42424	4
活期	huó qī	(banking) current (account); checking (account); demand (deposit etc)	42583	7
杠铃	gàng líng	barbell	42600	7
看得起	kàn de qǐ	to show respect for; to think highly of	42625	6
经度	jīng dù	longitude	42656	7
面红耳赤	miàn hóng ěr chì	flushed with anger (or excitement)	42692	7
废寝忘食	fèi qǐn wàng shí	to neglect sleep and forget about food (idiom); to skip one's sleep and meals; to be completely wrapped up in one's work	42829	7
任人宰割	rèn rén zǎi gē	to get trampled on (idiom); to be taken advantage of	42917	7
戈壁	gē bì	Gobi (desert)	43072	7
捉迷藏	zhuō mí cáng	to play hide-and-seek	43140	7
喜闻乐见	xǐ wén lè jiàn	to love to hear and see (idiom); well received; to one's liking	43166	6
诀别	jué bié	to bid farewell; to part (usually with little hope of meeting again)	43203	7
禾苗	hé miáo	seedling (of rice or other grain)	43232	7
波涛汹涌	bō tāo xiōng yǒng	waves surging forth; roaring sea	43247	6
空前绝后	kōng qián jué hòu	unprecedented and never to be duplicated; the first and the last; unmatched	43282	6
望见	wàng jiàn	to espy; to spot	43360	6
门当户对	mén dāng hù duì	the families are well-matched in terms of social status (idiom); (of a prospective marriage partner) an appropriate match	43397	7
一锅粥	yī guō zhōu	(lit.) a pot of porridge; (fig.) a complete mess	43564	7
川流不息	chuān liú bù xī	the stream flows without stopping (idiom); unending flow	43668	7
絮叨	xù dao	long-winded; garrulous; to talk endlessly without getting to the point	43697	7
廉政	lián zhèng	to govern with integrity; clean and honest government	43699	7
杨树	yáng shù	poplar tree; various trees of genus Populus	43758	7
对弈	duì yì	to play go, chess etc	43779	7
鸦雀无声	yā què wú shēng	lit. crow and peacock make no sound; absolute silence (idiom); not a single voice can be heard; absolute silence	43787	7
千军万马	qiān jūn wàn mǎ	magnificent army with thousands of men and horses (idiom); impressive display of manpower; all the King's horses and all the King's men	43815	7
哄堂大笑	hōng táng dà xiào	the whole room roaring with laughter (idiom)	43850	7
纪要	jì yào	minutes; written summary of a meeting	44018	6
听写	tīng xiě	(of a pupil) to write down (in a dictation exercise); dictation; (music) to transcribe by ear	44026	1
客流	kè liú	passenger flow; customer flow	44059	7
可歌可泣	kě gē kě qì	lit. you can sing or you can cry (idiom); fig. deeply moving; happy and sad; inspiring and tragic	44081	7
举世无双	jǔ shì wú shuāng	unrivaled (idiom); world number one; unique; unequaled	44355	7
盛气凌人	shèng qì líng rén	overbearing; arrogant bully	44358	7
心灵手巧	xīn líng shǒu qiǎo	capable; clever; dexterous	44403	7
马后炮	mǎ hòu pào	lit. firing after the horse; fig. belated action; giving advice in hindsight	44420	7
爱面子	ài miàn zi	to like to look good in the eyes of others; sensitive about how one is regarded by others; proud	44438	7
横七竖八	héng qī shù bā	in disorder; at sixes and sevens (idiom)	44471	7
孤陋寡闻	gū lòu guǎ wén	ignorant and inexperienced; ill-informed and narrow-minded	44513	7
赐教	cì jiào	(honorific) to impart one's wisdom; to enlighten	44589	7
中秋节	zhōng qiū jié	the Mid-Autumn Festival on 15th of 8th lunar month	44601	5
接济	jiē jì	to give material assistance to	44649	7
考题	kǎo tí	exam question	44976	6
吵嘴	chǎo zuǐ	to quarrel	45100	7
师资	shī zī	qualified teacher	45241	7
眉开眼笑	méi kāi yǎn xiào	brows raised in delight, eyes laughing (idiom); beaming with joy; all smiles	45283	7
斩草除根	zhǎn cǎo chú gēn	to cut weeds and eliminate the roots (idiom); to destroy root and branch; to eliminate completely	45361	7
后年	hòu nián	the year after next	45713	3
前赴后继	qián fù hòu jì	to advance dauntlessly in wave upon wave (idiom)	45740	7
平常心	píng cháng xīn	levelheadedness; calmness; equanimity	45789	7
斑纹	bān wén	stripe; streak	45968	6
岂有此理	qǐ yǒu cǐ lǐ	how can this be so? (idiom); preposterous; ridiculous; absurd	46100	7
正负	zhèng fù	positive and negative	46177	6
彩霞	cǎi xiá	clouds tinged with sunset hues	46262	7
画龙点睛	huà lóng diǎn jīng	to paint a dragon and dot in the eyes (idiom); fig. to add the vital finishing touch; the crucial point that brings the subject to life; a few words to clinch the point	46401	7
正版	zhèng bǎn	genuine; legal	46413	5
精练	jīng liàn	(textiles) to scour; to degum (silk)	46444	7
栋梁	dòng liáng	ridgepole; ridgepole and beams; person able to bear heavy responsibility	46500	7
攻关	gōng guān	to storm a strategic pass; fig. to tackle a key problem	46523	7
走弯路	zǒu wān lù	to take an indirect route; to waste one's time by using an inappropriate method	46527	7
戏曲	xì qǔ	Chinese opera	46627	6
见仁见智	jiàn rén jiàn zhì	opinions differ (idiom)	46725	7
各抒己见	gè shū jǐ jiàn	everyone gives their own view	46742	6
发愣	fā lèng	to stare blankly; to be in a daze	46817	7
国学	guó xué	Chinese national culture; studies of ancient Chinese civilization; the Imperial College (history)	46996	7
画蛇添足	huà shé tiān zú	lit. draw legs on a snake (idiom); fig. to ruin the effect by adding sth superfluous; to overdo it	47111	7
酣睡	hān shuì	to sleep soundly; to fall into a deep sleep	47346	7
对联	duì lián	rhyming couplet; pair of lines of verse written vertically down the sides of a doorway	47502	7
茶道	chá dào	Japanese tea ceremony; sado	47506	7
泰斗	tài dǒu	(abbr. for 斗) distinguished figure; doyen; revered authority	47526	7
暴风骤雨	bào fēng zhòu yǔ	violent wind and rainstorm; hurricane; tempest	47595	7
瑞雪	ruì xuě	timely snow	47630	7
一概而论	yī gài ér lùn	to lump different matters together (idiom)	47671	7
大雁	dà yàn	wild goose	47811	7
经贸	jīng mào	trade	47846	7
潦草	liáo cǎo	slipshod; careless; slovenly; (of handwriting) scrawly; illegible	48109	7
互信	hù xìn	mutual trust	48128	7
电子版	diàn zǐ bǎn	electronic edition; digital version	48366	5
乔装	qiáo zhuāng	to pretend; to feign; to disguise oneself	48367	7
大公无私	dà gōng wú sī	selfless; impartial	48461	7
海内外	hǎi nèi wài	domestic and international; at home and abroad	48536	7
网民	wǎng mín	web user; netizen	48593	7
互访	hù fǎng	exchange visits	48607	7
悬崖峭壁	xuán yá qiào bì	sheer cliffs and precipitous rock faces (idiom)	48736	6
思前想后	sī qián xiǎng hòu	to consider past cause and future effect (idiom); to think over the past and future; to ponder over reasons and connection	48743	7
四合院	sì hé yuàn	courtyard house with a fully enclosed courtyard (type of Chinese residence)	48844	7
娇惯	jiāo guàn	to pamper; to coddle; to spoil	48851	7
卡子	qiǎ zi	clip; hair fastener; checkpoint	48906	7
萍水相逢	píng shuǐ xiāng féng	strangers coming together by chance (idiom)	48991	7
多元	duō yuán	poly-; multi-; multielement	49030	7
多劳多得	duō láo duō dé	work more and get more	49146	7
干戈	gān gē	weapons of war; arms	49154	7
好学	hào xué	eager to study; studious; erudite	49415	6
开夜车	kāi yè chē	to burn the midnight oil; to work late into the night	49510	6
迷惑不解	mí huò bù jiě	to feel puzzled	49559	7
汤圆	tāng yuán	boiled or deep-fried balls of glutinous rice flour, usually eaten during Lantern Festival	49606	7
扑面而来	pū miàn ér lái	lit. sth hits one in the face; directly in one's face; sth assaults the senses	49677	7
冷酷无情	lěng kù wú qíng	cold-hearted; unfeeling; callous	49756	7
引经据典	yǐn jīng jù diǎn	lit. to quote the classics; to quote chapter and verse (idiom)	49890	7
武侠	wǔ xiá	martial arts chivalry (Chinese literary, theatrical and cinema genre); knight-errant	49963	6
抚恤	fǔ xù	(of an organization that has a duty of care) to give financial support to relatives of sb who has died or suffered serious injury	50123	7
愚公移山	yú gōng yí shān	the old man moves mountains (idiom); fig. where there's a will, there's a way	50260	7
通顺	tōng shùn	smooth; clear and coherent	50383	7
初等	chū děng	elementary (i.e. easy)	50440	6
歌咏	gē yǒng	to sing	50700	7
连忙	lián máng	promptly; at once	50741	3
经纬	jīng wěi	warp and woof; longitude and latitude; main points	50757	6
桂花	guì huā	osmanthus flowers; Osmanthus fragrans	50762	7
小卒	xiǎo zú	foot soldier; minor figure; a nobody	50862	7
出洋相	chū yáng xiàng	to make a fool of oneself	50871	7
恳切	kěn qiè	earnest; sincere	50943	6
便饭	biàn fàn	an ordinary meal; simple home cooking	51135	7
赞叹不已	zàn tàn bù yǐ	to be full of praise (idiom)	51147	7
纵横交错	zòng héng jiāo cuò	criss-crossed (idiom)	51225	7
节水	jié shuǐ	to save water	51478	7
风餐露宿	fēng cān lù sù	lit. to eat in the open air and sleep outdoors (idiom); fig. to rough it	51627	7
怡然自得	yí rán zì dé	happy and content (idiom)	51833	7
上期	shàng qī	previous period (week, month or quarter etc)	52270	7
差一点儿	chà yī diǎn r	erhua variant of 差一点; almost; nearly	52358	5
慢车	màn chē	local bus or train; slow train with many stops	52449	6
院士	yuàn shì	scholar; academician; fellow (of an academy)	52481	7
继往开来	jì wǎng kāi lái	to follow the past and herald the future (idiom); part of a historical transition; forming a bridge between earlier and later stages	52579	6
苦尽甘来	kǔ jìn gān lái	bitterness finishes, sweetness begins (idiom); the hard times are over, the good times just beginning	52587	6
绘声绘色	huì shēng huì sè	vivid and colorful (idiom); true to life; lively and realistic	52623	7
馅儿	xiàn r	erhua variant of 馅; (of food) filling; stuffing	52762	7
三番五次	sān fān wǔ cì	over and over again (idiom)	52808	7
学时	xué shí	class hour; period	52820	4
忌口	jì kǒu	abstain from certain food (as when ill); avoid certain foods; be on a diet	52918	7
温带	wēn dài	temperate zone	52921	6
举一反三	jǔ yī fǎn sān	to raise one and infer three; to deduce many things from one case (idiom)	53042	7
勤恳	qín kěn	diligent and attentive; assiduous; sincere	53060	6
做东	zuò dōng	to act as host	53335	6
损人利己	sǔn rén lì jǐ	harming others for one's personal benefit (idiom); personal gain to the detriment of others	53422	7
野炊	yě chuī	to cook a meal over a campfire (usu. for a group of people on an outing); cookout	53428	7
涝	lào	flooded	53537	7
非金属	fēi jīn shǔ	nonmetal (chemistry)	53625	7
卤味	lǔ wèi	food prepared by stewing in soy sauce and spices	53626	7
约定俗成	yuē dìng sú chéng	established by popular usage (idiom); common usage agreement; customary convention	53683	7
无情无义	wú qíng wú yì	completely lacking any feeling or sense of justice (idiom); cold and ruthless	53755	7
通货	tōng huò	currency	53897	6
耿直	gěng zhí	honest; frank; candid	54019	7
顺差	shùn chā	(trade or budget) surplus	54122	7
东奔西走	dōng bēn xī zǒu	to run this way and that (idiom); to rush about busily; to bustle about; to hopscotch	54249	7
没说的	méi shuō de	nothing to pick on; really good; nothing to discuss	54259	7
美滋滋	měi zī zī	very happy; elated	54509	7
俯仰	fǔ yǎng	lowering and raising of the head; (fig.) small move; pitch (position angle)	54510	6
怠工	dài gōng	to slacken off in one's work; to go slow (as a form of strike)	54646	7
单边	dān biān	unilateral	54775	7
拉锁	lā suǒ	zipper	55103	7
没准儿	méi zhǔn r	erhua variant of 没准; not sure; maybe	55268	7
抑扬顿挫	yì yáng dùn cuò	see 顿挫抑扬	55315	7
藤椅	téng yǐ	rattan chair	55380	7
心眼儿	xīn yǎn r	one's thoughts; mind; intention	55439	7
此致	cǐ zhì	(used at the end of a letter to introduce a polite salutation)	55695	6
有的放矢	yǒu dì fàng shǐ	lit. to have a target in mind when shooting one's arrows (idiom); fig. to have a clear objective	56118	7
概论	gài lùn	outline; introduction; survey	56444	7
端午节	duān wǔ jié	Dragon Boat Festival (5th day of the 5th lunar month)	56867	6
印刷术	yìn shuā shù	printing; printing technology	56927	7
经久不息	jīng jiǔ bù xī	prolonged (applause, cheering etc)	56997	7
沽名钓誉	gū míng diào yù	to angle for fame (idiom); to fish for compliments	57130	7
水灵灵	shuǐ líng líng	see 水灵	57146	7
丢三落四	diū sān là sì	forgetful; empty-headed	57241	6
沾光	zhān guāng	to bask in the light; fig. to benefit from association with sb or sth; reflected glory	57428	7
简体字	jiǎn tǐ zì	simplified Chinese character, as opposed to traditional Chinese character 繁体字	57431	7
腊月	là yuè	twelfth lunar month	57468	7
大包大揽	dà bāo dà lǎn	to take complete charge (idiom)	57488	7
朱红	zhū hóng	vermilion	57663	7
由此看来	yóu cǐ kàn lái	thereby; judging from this	57699	7
悲欢离合	bēi huān lí hé	joys and sorrows; partings and reunions; the vicissitudes of life	57812	7
芦花	lú huā	reed catkin; reed flower	58423	7
不太	bù tài	Not too	58429	2
节气	jié qi	solar term	58511	7
连滚带爬	lián gǔn dài pá	rolling and crawling; trying frantically to escape (idiom)	59075	7
拔苗助长	bá miáo zhù zhǎng	to spoil things through excessive enthusiasm (idiom)	59082	6
朝三暮四	zhāo sān mù sì	lit. say three in the morning but four in the evening (idiom); to change sth that is already settled upon; indecisive; to blow hot and cold	59231	7
内需	nèi xū	domestic demand	59477	7
敦厚	dūn hòu	genuine; honest and sincere	59499	7
禅杖	chán zhàng	the staff of a Buddhist monk	59696	7
老伴儿	lǎo bàn r	erhua variant of 老伴; (coll.) (of an old couple) husband or wife	60338	7
前仰后合	qián yǎng hòu hé	to sway to and fro; to rock back and forth	61146	7
书橱	shū chú	bookcase	61288	7
红扑扑	hóng pū pū	red; rosy; flushed	61564	7
生词	shēng cí	new word (in textbook); word that is unfamiliar or not yet studied	61776	2
迭起	dié qǐ	continuously arising; to arise repeatedly	61816	7
船桨	chuán jiǎng	oar	61827	7
槐树	huái shù	locust tree (Sophora japonica)	61916	7
大模大样	dà mú dà yàng	boldly; ostentatiously; poised; self-assured; Taiwan pr. [dà mó dà yàng]	62389	7
贺信	hè xìn	congratulatory letter or message	62722	7
哗变	huá biàn	mutiny; rebellion	62759	7
糖葫芦	táng hú lu	sugar-coated Chinese hawthorn or other fruit on a bamboo skewer; tanghulu	62842	6
冰棍儿	bīng gùn r	ice lolly; popsicle	62971	7
节衣缩食	jié yī suō shí	to save on food and clothing (idiom); to live frugally	63111	7
张灯结彩	zhāng dēng jié cǎi	to be decorated with lanterns and colored banners (idiom)	63826	7
电铃	diàn líng	electric bell	64108	7
公函	gōng hán	official letter	64279	7
碧玉	bì yù	jasper	64483	6
陶冶	táo yě	lit. to fire pots and smelt metal; fig. to educate	65189	7
砖瓦	zhuān wǎ	tiles and bricks	65496	6
碰钉子	pèng dīng zi	to meet with a rebuff	65600	7
各奔前程	gè bèn qián chéng	each goes his own way (idiom); each person has his own life to lead	66834	7
别具匠心	bié jù jiàng xīn	to show ingenuity; (of a design) clever; brilliantly conceived	67237	7
暖烘烘	nuǎn hōng hōng	nice and warm; cozy; heartwarming	68189	7
见钱眼开	jiàn qián yǎn kāi	to open one's eyes wide at the sight of profit (idiom); thinking of nothing but personal gain; money-grubbing	68731	7
爱理不理	ài lǐ bù lǐ	(idiom) standoffish; indifferent	69479	7
锦绣前程	jǐn xiù qián chéng	bright future; bright prospects	69813	6
画儿	huà r	picture; drawing; painting	69994	2
奇花异草	qí huā yì cǎo	very rarely seen, unusual (idiom)	70197	7
有口无心	yǒu kǒu wú xīn	to speak harshly but without any bad intent (idiom)	70262	7
帐子	zhàng zi	mosquito net	70265	7
深情厚谊	shēn qíng hòu yì	deep friendship	70510	6
半真半假	bàn zhēn bàn jiǎ	(idiom) half true and half false	70634	7
有两下子	yǒu liǎng xià zi	to have real skill; to know one's stuff	70813	7
重阳节	chóng yáng jié	Double Ninth or Yang Festival; 9th day of 9th lunar month	71111	6
乘人之危	chéng rén zhī wēi	to take advantage of sb's precarious position	71252	7
穿小鞋	chuān xiǎo xié	lit. to make sb wear tight shoes (idiom); to make life difficult for sb	71586	7
酣畅	hān chàng	unrestrained; cheerful lack of inhibition, esp. for drinking or sleeping; to drink with abandon	73010	7
如醉如痴	rú zuì rú chī	lit. as if drunk and stupefied (idiom); intoxicated by sth; obsessed with	73273	7
耳闻目睹	ěr wén mù dǔ	to witness personally	74024	7
万古长青	wàn gǔ cháng qīng	remain fresh; last forever; eternal	74217	7
一毛不拔	yī máo bù bá	stingy (idiom)	75450	7
发愤图强	fā fèn tú qiáng	to be strongly determined to succeed (idiom)	76491	7
默读	mò dú	to read in silence	77415	7
纳闷儿	nà mèn r	erhua variant of 纳闷; puzzled; bewildered	77711	7
忍饥挨饿	rěn jī ái è	starving; famished	77899	7
山冈	shān gāng	mound; small hill	79223	7
势不可当	shì bù kě dāng	impossible to resist (idiom); an irresistible force	80787	7
侃大山	kǎn dà shān	to chatter idly; to gossip; to boast or brag	82206	7
不耻下问	bù chǐ xià wèn	not feel ashamed to ask and learn from one's subordinates	83856	7
爆冷门	bào lěng mén	an upset (esp. in sports); unexpected turn of events; to pull off a coup	84475	7
出口成章	chū kǒu chéng zhāng	(idiom) (of one's speech) eloquent; articulate	84607	7
飞禽走兽	fēi qín zǒu shòu	birds and animals; the beasts of the field and the birds of the air	85592	6
饱经沧桑	bǎo jīng cāng sāng	having lived through many changes	86660	6
个头儿	gè tóu r	size; height; stature	87095	7
电饭锅	diàn fàn guō	electric rice cooker	88712	5
括弧	kuò hú	parenthesis	91958	7
造纸术	zào zhǐ shù	papermaking process	93172	7
兜儿	dōu r	erhua variant of 兜; pocket; bag	96255	7
长效	cháng xiào	to be effective over an extended period	96545	7
遂心	suì xīn	to one's liking	99591	7
聊天儿	liáo tiān r	erhua variant of 聊天; to chat; to gossip	102289	6
敲边鼓	qiāo biān gǔ	to back sb up; to support sb in an argument; (lit. to beat nearby drum)	102372	7
刻舟求剑	kè zhōu qiú jiàn	lit. a notch on the side of a boat to locate a sword dropped overboard (idiom); fig. an action made pointless by changed circumstances	108475	7
一长一短	yī cháng yī duǎn	talking endlessly; long-winded	110959	7
鹏程万里	péng chéng wàn lǐ	the fabled roc flies ten thousand miles (idiom); one's future prospects are brilliant	114959	7
闹着玩儿	nào zhe wán r	to play games; to joke around; to play a joke on sb	117710	7
啰唆	luō suo	variant of 啰嗦	128460	6
小偷儿	xiǎotōur5	Thief	147151	5
得意扬扬	dé yì yáng yáng	variant of 洋	164953	7
胡同儿	hútòngr5	Alley	165503	5
随大溜	suí dà liù	to follow the crowd; going with the tide	182989	7
廉正	lián zhèng	upright and honest; integrity	379791	7
一下儿	yī xià r	erhua variant of 一下; one time; once; all of sudden	1000000	1
有一些	yǒu yī xiē	somewhat; rather; some	1000000	1
男孩儿	nán hái r	erhua variant of 男孩; boy	1000000	1
面条儿	miàn tiáo r	erhua variant of 面条; noodles	1000000	1
下周	xià zhōu	next week	1000000	2
公交车	gōng jiāo chē	public transport vehicle; town bus	1000000	2
快点儿	kuài diǎn r	erhua variant of 快点; to do smh more quickly; Hurry up!	1000000	2
打篮球	dǎ lán qiú	to play basketball	1000000	2
挺好	tǐng hǎo	very good	1000000	2
有一点儿	yǒu yī diǎn r	a bit; a little	1000000	2
有空儿	yǒukòngr5	available	1000000	2
短信	duǎn xìn	text message; SMS	1000000	2
笑话儿	xiàohuar5	Joke	1000000	2
见过	jiànguò	seen	1000000	2
那时候	nà shí hou	at that time	1000000	2
银行卡	yín háng kǎ	bank card; ATM card	1000000	2
红酒	hóng jiǔ	red wine	1000000	3
下个月	xià gè yuè	next month	1000000	4
名牌儿	míngpáir5	Famous brand	1000000	4
微信	wēi xìn	Weixin or WeChat (mobile text and voice messaging service developed by Tencent 腾讯)	1000000	4
放暑假	fàng shǔ jià	to be on summer vacation	1000000	4
有劲儿	yǒujìnr5	Strength	1000000	4
没想到	méi xiǎng dào	didn't expect	1000000	4
二维码	èr wéi mǎ	two-dimensional barcode; QR code	1000000	5
使劲儿	shǐ jìn r	erhua variant of 使劲; to exert all one's strength	1000000	5
微博	wēi bó	microblogging; microblog	1000000	5
杀毒	shā dú	to disinfect; (computing) to destroy a computer virus	1000000	5
系领带	xì lǐng dài	to wear a tie	1000000	5
却是	què shì	nevertheless; actually; the fact is ...	1000000	6
取款机	qǔ kuǎn jī	ATM	1000000	6
墨水儿	mò shuǐ r	erhua variant of 墨水; ink	1000000	6
招投标	zhāo tóu biāo	bid inviting and bid offering; bidding; auction	1000000	6
指着	zhǐzhe	Poke	1000000	6
摊儿	tān r	erhua variant of 摊; vendor's stand	1000000	6
有没有	yǒu méi yǒu	(before a noun) Do (you, they etc) have ...?; Is there a ...?; (before a verb) Did (you, they etc) (verb, infinitive)?	1000000	6
纽扣儿	niǔ kòu er	button; erhua variant of 纽扣	1000000	6
薯片	shǔ piàn	fried potato chips	1000000	6
表面上	biǎo miàn shang	outwardly; superficially; on the face of it	1000000	6
一卡通	yī kǎ tōng	the name of various contactless smart cards, notably Yikatong (mainly for public transport in Beijing) and iPASS (mainly for public transport in Taiwan)	1000000	7
不服气	bù fú qì	unwilling to concede; defiant; indignant	1000000	7
与时俱进	yǔ shí jù jìn	abreast of modern developments; to keep up with the times; progressive	1000000	7
人缘儿	rén yuán r	erhua variant of 人缘; relations with other people	1000000	7
从今以后	cóng jīn yǐ hòu	from now on; henceforward	1000000	7
从早到晚	cóng zǎo dào wǎn	from morning till night; from dawn to dusk; all day long	1000000	7
低碳	dī tàn	(attributive) low-carbon; low-carb (diet)	1000000	7
便利店	biàn lì diàn	convenience store	1000000	7
做证	zuò zhèng	variant of 作证	1000000	7
公示	gōng shì	to make known to the public (for information or to seek comments); public notification	1000000	7
别提了	bié tí le	say no more; don't bring it up; drop the subject	1000000	7
办不到	bàn bu dào	impossible; can't be done; no can do	1000000	7
原创	yuán chuàng	to create (sth original); (adj.) original; originality	1000000	7
双赢	shuāng yíng	profitable to both sides; a win-win situation	1000000	7
受过	shòu guò	to take the blame (for sb else)	1000000	7
吃不上	chī bu shàng	unable to get anything to eat; to miss a meal	1000000	7
后备箱	hòu bèi xiāng	trunk; boot (of a car)	1000000	7
吹了	chuī le	failed; busted; to have not succeeded; to have died; to have parted company; to have chilled (of a relationship)	1000000	7
咧嘴	liě zuǐ	to grin	1000000	7
哪知道	nǎ zhī dào	who would have thought that ...?	1000000	7
大数据	dà shù jù	big data (computing)	1000000	7
大腕儿	dà wàn r	erhua variant of 大腕; (coll.) big name; (coll.) big shot	1000000	7
如果说	rú guǒ shuō	if; if one were to say	1000000	7
忽高忽低	hū gāo hū dī	alternately soaring and plunging	1000000	7
性价比	xìng jià bǐ	cost-performance ratio	1000000	7
打盹儿	dǎ dǔn r	erhua variant of 打盹; to doze off	1000000	7
报亭	bào tíng	kiosk; newsstand	1000000	7
接听	jiē tīng	to answer the phone	1000000	7
搜救	sōu jiù	search and rescue	1000000	7
搞笑	gǎo xiào	to get people to laugh; funny; hilarious	1000000	7
操控	cāo kòng	to control; to manipulate	1000000	7
时好时坏	shí hǎo shí huài	sometimes good, sometimes bad	1000000	7
极少数	jí shǎo shù	extremely few; a small minority	1000000	7
正能量	zhèng néng liàng	positive energy; positivity	1000000	7
沐浴露	mù yù lù	shower gel	1000000	7
点击率	diǎn jī lǜ	click-through rate (CTR) (Internet)	1000000	7
着眼于	zhuóyǎn yú	Focus on	1000000	7
离谱儿	lí pǔr5	Scientific	1000000	7
私家车	sī jiā chē	private car	1000000	7
聋人	lóng rén	deaf person; hearing-impaired person	1000000	7
茶馆儿	chá guǎn r	a teashop	1000000	7
讨人喜欢	tǎo rén xǐ huan	to attract people's affection; charming; delightful	1000000	7
说干就干	shuō gàn jiù gàn	to do what needs to be done, without delay	1000000	7
说真的	shuō zhēn de	to tell the truth; honestly; in fact	1000000	7
说老实话	shuō lǎo shi huà	to be honest; to tell the truth; to be frank	1000000	7
说起来	shuō qǐlái	Say	1000000	7
谁知道	shéi zhī dào	God knows...; Who would have imagined...?	1000000	7
贪玩儿	tān wánr5	Greedy	1000000	7
软实力	ruǎn shí lì	soft power (in international relations)	1000000	7
追尾	zhuī wěi	to tailgate; to hit the car in front as a result of tailgating	1000000	7
防汛	fáng xùn	flood control; anti-flood (precautions)	1000000	7
难以想象	nányǐxiǎngxiàng	Unimaginable	1000000	7
难得一见	nán dé yī jiàn	rarely seen	1000000	7
顾不上	gù bu shàng	cannot attend to or manage	1000000	7
领军	lǐng jūn	to lead troups; (fig.) to lead; leading	1000000	7
